account_id,balance,buying_liabilities,selling_liabilities,is_authorized,last_modified_ledger,source_page,latest_ledger,read_at_utc
"GA23C2NY7WGU7AGBRKI2E4X2HDZRZGY7VUZZ4SZIVFV2RND3TG3YSUQE","60.2116574","0.0000000","0.0000000","true","64170803","accounts-0001.json","64211133","2026-08-31T16:00:22Z"
"GA24MVWRPQ5LXQBJBTK57W5RIJTWXQYZQHH77I46VPVXKBIS3V4GHHAU","0.0000000","0.0000000","0.0000000","true","63591882","accounts-0001.json","64211133","2026-08-31T16:00:22Z"
"GA2CVT2TL733GVYMDNGV4HW4Y663M3I5PLBFYKMDVLOF4PE2SPQ4XU3J","0.0000000","0.0000000","0.0000000","true","62191567","accounts-0001.json","64211133","2026-08-31T16:00:22Z"
"GA2FOVTYGQEL26I3EJFQV3LWURSNRATCLVAWMXDBTY5E6XPT3TSV22G6","0.0009372","0.0000000","0.0000000","true","64139939","accounts-0001.json","64211133","2026-08-31T16:00:22Z"
"GA2M36JH7YCI2MF2XOM2XKPSSV5XHZMMWMRPYTOU3JURN3KYTNNDDOSR","0.7961757","0.0000000","0.0000000","true","63581168","accounts-0001.json","64211133","2026-08-31T16:00:22Z"
"GA2QOH2JFQJ3RLZGBPU2URAZ4RS4B2IX4SCZ47NBJGAKD6HQWHQDA4EK","0.1036835","0.0000000","0.0000000","true","63581273","accounts-0001.json","64211133","2026-08-31T16:00:22Z"
"GA2TF2USBWNTXCLFMDO3ELIYOUYOIZTKXLRMXKZQJ62RT52JPJP5MQTU","197.1997633","0.0000000","0.0000000","true","63581911","accounts-0001.json","64211133","2026-08-31T16:00:22Z"
"GA2ULFQH4SARRQ46RJSSGXFSGUUZKRFWCLFRAMGII6AF5N7CW4UADARJ","0.0000000","0.0000000","0.0000000","true","63592461","accounts-0001.json","64211133","2026-08-31T16:00:22Z"
"GA2ZXD3CDJJGEWA2XFSBNLON3L75H3ZXTT6SCYVQDKIYWGQPWCZU2IFR","0.0000000","0.0000000","0.0000000","true","64188283","accounts-0001.json","64211133","2026-08-31T16:00:22Z"
"GA356P6NQQMDNYEJKWPTZRZ57M3I4WT56VK2WGSMG42CUB3XPGEDJGLW","0.0000000","0.0000000","0.0000000","true","63254875","accounts-0001.json","64211133","2026-08-31T16:00:22Z"
"GA3CQIS2URXWHWXLM34IKLTQFOLCMC4UGWG3SPRGT67PEFDGV2FFT5SO","0.0000000","0.0000000","0.0000000","true","63394269","accounts-0001.json","64211133","2026-08-31T16:00:22Z"
"GA3HYIG2RFVUSA4YBQXDFJ3UXARBXSD5LE2JBE2MJTL3TJ6WBKUDVMVT","0.3064121","0.0000000","0.0000000","true","63797233","accounts-0001.json","64211133","2026-08-31T16:00:22Z"
"GA3NU3WXKKU4SJMZF6RQZOD2MIOCRQ77IT53TXTJPNPP3GPDEPKJYLAN","0.0000004","0.0000000","0.0000000","true","63581409","accounts-0001.json","64211133","2026-08-31T16:00:22Z"
"GA3TVLHGUKAPRLYE566YKOQEOPKL4M4WZXFBVUVIDIHJPK6YA3BKKTG4","0.0000000","0.0000000","0.0000000","true","63395286","accounts-0001.json","64211133","2026-08-31T16:00:22Z"
"GA3ZDIK4HO2LVTF3QDWHYMUNEXQUYFE6FRMOUVIPLLHWASPW4OZNMGIV","0.0000000","0.0000000","0.0000000","true","63591505","accounts-0001.json","64211133","2026-08-31T16:00:22Z"
"GA46P7MZ7TXBCVDDNJBOWLL64GVWZJ4GUIANDKXRUAPYXZT22ZDON6NB","0.0000000","0.0000000","0.0000000","true","64109327","accounts-0001.json","64211133","2026-08-31T16:00:22Z"
"GA47MSLODISK5IQ3LHEA6VZU45JZ2BALIBARWCIH42MANKLCBQFLZYTQ","0.0000000","0.0000000","0.0000000","true","64044039","accounts-0001.json","64211133","2026-08-31T16:00:22Z"
"GA4KKDJX66CLAZD4KBMQDG77I4WYFC4HWGORAQNRRVZS4N6OJFUKINTQ","0.0000000","0.0000000","0.0000000","true","63951271","accounts-0001.json","64211133","2026-08-31T16:00:22Z"
"GA4MPZB62V2LF3CIBUDGO45TMIPCKW44HY6HDCPF6QC77BNEVR77VZPQ","0.0000000","0.0000000","0.0000000","true","64150412","accounts-0001.json","64211133","2026-08-31T16:00:22Z"
"GA4XQJFTIVONNM2MXU5ICJU2HSRVNK6O45EJO7SJF43OXW4TDWQOQZ4W","210.0206515","0.0000000","0.0000000","true","64152545","accounts-0001.json","64211133","2026-08-31T16:00:22Z"
"GA5HNNTDGY2OBU7DOM7U6YTHCMCK7WFP6ERLM44MHHGKGAWCNO36JOPI","0.0000000","0.0000000","0.0000000","true","63393310","accounts-0001.json","64211133","2026-08-31T16:00:22Z"
"GA5OXGSLX2LUJ7KKW4TLXDQL4DQEYX6G27HOYGUB2JCAIR2KQKOS5QWH","0.0000000","0.0000000","0.0000000","true","57825721","accounts-0001.json","64211133","2026-08-31T16:00:22Z"
"GA5PUA6NSCRW4TXIYV4M4KDSDGKVJVGO4CZZYPQYFCCM5N56AZIQURVK","0.0000000","0.0000000","0.0000000","true","64190323","accounts-0001.json","64211133","2026-08-31T16:00:22Z"
"GA63CIJLJBSSI6V64PJ673JNCCFQKXYQXZSMXCO7JPKLKTHQFWEMJE5A","5.5077166","0.0000000","0.0000000","true","63780345","accounts-0001.json","64211133","2026-08-31T16:00:22Z"
"GA67MEBVFJ6Q4CI2VFIL2OML2YP2MPZYX67CER75CWPRFJXODCLCEUTM","0.0000000","0.0000000","0.0000000","true","63797233","accounts-0001.json","64211133","2026-08-31T16:00:22Z"
"GA6LG5GD34H5VBVBGD2HU5VGBUDJKSFNBPOUD2P2IZAHIC3HUCOFUMBE","3.4253377","0.0000000","0.0000000","true","64044009","accounts-0001.json","64211133","2026-08-31T16:00:22Z"
"GA6PLM43TPTJLPCCW5YX3VH6U43JKCFTDETPDZVHCMOHOTV23EOIFIFO","14135.3769581","0.0000000","0.0000000","true","64042358","accounts-0001.json","64211133","2026-08-31T16:00:22Z"
"GA6VYOCDQLTXPFHPZZDF7WFLJSCWJDU2STB47KQIDUNJDT52R5HXEZOX","0.0000000","0.0000000","0.0000000","true","64043167","accounts-0001.json","64211133","2026-08-31T16:00:22Z"
"GA6XFMWFVRTGNHUTERSJQEPBL2NIHKFIV2R7YC25A6W43PR5GMXITLRD","0.0000000","0.0000000","0.0000000","true","63394985","accounts-0001.json","64211133","2026-08-31T16:00:22Z"
"GA727XJUNMXMB4SSU3D4CIXZ5A4XK35WJAFNNSDHY3O5462WILRYCSAS","9549864.6630000","0.0000000","0.0000000","true","63198414","accounts-0001.json","64211133","2026-08-31T16:00:22Z"
"GA77PNFJWVILMGSCFL36P6LNQUJT3VH3QVHSFGIQXBBWAEQFI2KU6NYD","0.0000000","0.0000000","0.0000000","true","63259879","accounts-0001.json","64211133","2026-08-31T16:00:22Z"
"GA7BMO26IRERXGAZ44LIS4VSBQF4MN5QI7PH5XUMVBRWHWOSBB5YQOUI","0.0000000","0.0000000","0.0000000","true","63704717","accounts-0001.json","64211133","2026-08-31T16:00:22Z"
"GA7E4TUXXRICOSWSZZ7NF62XGCNJYFM6LZGANK66IQPUUTHO5YF3D7EC","0.0000000","0.0000000","0.0000000","true","64109335","accounts-0001.json","64211133","2026-08-31T16:00:22Z"
"GAA3XFVLX7T6AUJVTT34JLZ5LG4TIF6L6DSMY576CMJCJC3CTY3IX6YG","1.6581273","0.0000000","0.0000000","true","63581017","accounts-0001.json","64211133","2026-08-31T16:00:22Z"
"GAAGGREYKXZEWGI2FAU6GEDZROHAPAKSFKIDKF2KIFS5OYLJXI6AK27P","0.5199314","0.0000000","0.0000000","true","64202922","accounts-0001.json","64211133","2026-08-31T16:00:22Z"
"GAAIKSU7DZFJP6P7PV6PQO6WZX5QLVXKZGOJ326XJ5RK2GEJQRMFE7IL","0.0000000","0.0000000","0.0000000","true","63413192","accounts-0001.json","64211133","2026-08-31T16:00:22Z"
"GAAIQBKVUYL2SBFJXE3RF7TSN2UIQ3FUYY3RN46OXF3WRX25HG6Q36WK","0.0000000","0.0000000","0.0000000","true","63394132","accounts-0001.json","64211133","2026-08-31T16:00:22Z"
"GAAMXNQMPTW4DPKEBNIZ2MJ4KN46KZAXYZFQP5JO32354AQF7WCIRNFJ","0.8015683","0.0000000","0.0000000","true","63931745","accounts-0001.json","64211133","2026-08-31T16:00:22Z"
"GAAQ6TD6YBPRYRIPLRPWJBNOFKS7HAAU6SOZ2XTN5GXQFQ44HMGWJPMJ","0.0000000","0.0000000","0.0000000","true","64109341","accounts-0001.json","64211133","2026-08-31T16:00:22Z"
"GAARKQ7T7PZKPXPKO4BBIVQSUIXVHM762N66VEP3Y2WXBZYPWIV4VBNV","0.0000000","0.0000000","0.0000000","true","63377739","accounts-0001.json","64211133","2026-08-31T16:00:22Z"
"GAB63ICRW45I3OSNO4HDTEGD4GF5J7LU3H6EI4VLF7IQKFGQ6IMJFGGB","0.0007871","0.0000000","0.0000000","true","63581383","accounts-0001.json","64211133","2026-08-31T16:00:22Z"
"GABE2ZAYOSBZUG5M6J3QLK4S23BF566KMH54JOODTLVGWBQEMZPKXCNJ","0.0000000","0.0000000","0.0000000","true","63762282","accounts-0001.json","64211133","2026-08-31T16:00:22Z"
"GABFRFPYM2BXM4OM2ZA4YDBWY4CMPVESHQMKXSM47MWWJD4TW2KQDWWN","466575.1270394","249097.0543056","248016.2128512","true","64211131","accounts-0001.json","64211133","2026-08-31T16:00:22Z"
"GABNGXVFO5LPSDJRT4NDBLS25H6TUJXPMWD5MP3GSOZ7S22SA7JWF7KX","0.0000000","0.0000000","0.0000000","true","64206474","accounts-0001.json","64211133","2026-08-31T16:00:22Z"
"GACAI36BCRAIFTXW7NTH7BQD3UQ7SLFCENNJGICPETTRE7VPOQ6GUWPM","9.5020393","0.0000000","0.0000000","true","63580549","accounts-0001.json","64211133","2026-08-31T16:00:22Z"
"GACBDR2WLYSECQCELESMK52DK4DQW5CGUZKORBU2VQIBYUI6TB3QJH3S","0.0000000","0.0000000","0.0000000","true","63734383","accounts-0001.json","64211133","2026-08-31T16:00:22Z"
"GACC2OBDFSU4CFD2WMW4S54BAYTMCDHQURSJSWUZFPQMCWZAFNME4OAI","0.0046302","0.0000000","0.0000100","true","63581359","accounts-0001.json","64211133","2026-08-31T16:00:22Z"
"GACI7OTRS5C6CYW6THO3UOKHJZWHDPXKDXAOPQOXAV2QCDHCUZEIT3ZG","0.0000000","0.0000000","0.0000000","true","61454587","accounts-0001.json","64211133","2026-08-31T16:00:22Z"
"GACKMEZIHGXX6FKCPUXY7ZMKBSRZLWFCYN3CKEMGS5P3WUG7YZRYI3WW","0.0000000","0.0000000","0.0000000","true","64165085","accounts-0001.json","64211133","2026-08-31T16:00:22Z"
"GACNLOIQW45C5WO7BDX6ZSF3O7UJGVW7I3F7ZYJJ6G6WPKJWFBDXTXMU","0.0000000","0.0000000","0.0000000","true","63591784","accounts-0001.json","64211133","2026-08-31T16:00:22Z"
"GACXANRYOSGYKYI3CRTSIOFLTCCO3AWIN5IFJEF4VO4OU4IWR4WAQ4ON","0.0000000","0.0000000","0.0000000","true","64042300","accounts-0001.json","64211133","2026-08-31T16:00:22Z"
"GACY4WGWHEGEEPNR3YEPJJILXCFEGJY43QGGYKMISRCW5TUZBYUAPYQB","1.0932734","0.0000000","0.0000000","true","64072192","accounts-0001.json","64211133","2026-08-31T16:00:22Z"
"GAD7ZGQ5FT7MWLEJHGKQ36HDQMRHCFJIBA5ICWYT2ERW2TCWG2MIZUUD","0.0000000","0.0000000","0.0000000","true","64180992","accounts-0001.json","64211133","2026-08-31T16:00:22Z"
"GADFTL6DLVQCWEPFED7V6ITU5QTJDLYXBX2S4XP6DGHGX3YZ26WZHBFM","10.0000000","0.0000000","0.0000000","true","63580534","accounts-0001.json","64211133","2026-08-31T16:00:22Z"
"GADHP3SBUNNHEFRY25YIZK2PKOY43LZSBEUPFCKXTBPW5ZBPHODBRAM4","0.0000000","0.0000000","0.0000000","true","63591664","accounts-0001.json","64211133","2026-08-31T16:00:22Z"
"GADIKSDX3UB45G2PYUSNLO62S7YPYX4L2YL55OR23HKLZ76W2ZHPIWZ5","2.0000000","0.0000000","0.0000000","true","64122393","accounts-0001.json","64211133","2026-08-31T16:00:22Z"
"GADTI7TJ5QSPDP4SFO7NNVH2V5Z5ZSRQKIGKHNYUKX3ONK5TKPSGDUZA","0.0000000","0.0000000","0.0000000","true","61698219","accounts-0001.json","64211133","2026-08-31T16:00:22Z"
"GADX3JNB7UG5WOADDBLCEISJL6SDZ54PF6AJM2UOJBDYHWETGH4GJW2F","0.0000000","20000000.0000000","0.0000000","true","64151023","accounts-0001.json","64211133","2026-08-31T16:00:22Z"
"GAE63YKDBSMWOQRYKLVWHG3U7U5GHBSTNMEV4INZST6XZAHZXJ7ECDDC","1.2422570","0.0000000","0.0000000","true","63632232","accounts-0001.json","64211133","2026-08-31T16:00:22Z"
"GAEA2IAXVJ22PHC5OCX7SAXCRMVB3QZPR7IWZAC4CL62DNWEKR4IR5OB","0.0000000","0.0000000","0.0000000","true","64043624","accounts-0001.json","64211133","2026-08-31T16:00:22Z"
"GAEH6EWMSXW6ATH2JHYW3EHQAJ3MWVKENLMKEH2D2VPRLYQPQUM26CHV","0.0000000","0.0000000","0.0000000","true","63193034","accounts-0001.json","64211133","2026-08-31T16:00:22Z"
"GAENNJRTAR2W7NM2X2DYTTXMERDO4RX6T33FNCQLKGQGDRAZ6JK25XFW","0.0000000","0.0000000","0.0000000","true","64106812","accounts-0001.json","64211133","2026-08-31T16:00:22Z"
"GAETIWFESQTEYX7PRBXPXMV4WLHFC3QJU27UFDG7RIEK2SN7RV2IN4Q4","0.0000000","0.0000000","0.0000000","true","63714174","accounts-0001.json","64211133","2026-08-31T16:00:22Z"
"GAETN3MSNJDPK62CJ6JVOUNOD63RJN3HWHVLZLJMQXN7RJEMZPJ3SZ6X","0.0000000","0.0000000","0.0000000","true","64199912","accounts-0001.json","64211133","2026-08-31T16:00:22Z"
"GAEY72QL7TKJE43D5ZSEHKEAOVMUTUZGHNA6A2T6M4V3UFUWNXUUE5GY","0.0000000","0.0000000","0.0000000","true","64186672","accounts-0001.json","64211133","2026-08-31T16:00:22Z"
"GAF4J45JQZ76UWYFXX4RKLUQKGUNLPILLVT3DUXC33KPH3SUP7ONIWM7","0.1815537","0.0000000","0.0000000","true","63794666","accounts-0001.json","64211133","2026-08-31T16:00:22Z"
"GAFE6HR3CH7ZVBHMC4CZJCBSGM4B24SBS32GYSYEL7SVNF3WFEJGT3MB","14.9762913","191.3875964","0.0000000","true","64189204","accounts-0001.json","64211133","2026-08-31T16:00:22Z"
"GAFJW7ZTU2JSFFCE2HFU2I37AT23XCFBDC5DJEWLPLW2JOT32EL4H5KM","0.0000000","0.0000000","0.0000000","true","63762282","accounts-0001.json","64211133","2026-08-31T16:00:22Z"
"GAFLWY75WGGHSKCTNC7HA32KR7HC6K2QD5JZJSFMDEF4T3JUBZP2RTXQ","0.0000000","0.0000000","0.0000000","true","63394243","accounts-0001.json","64211133","2026-08-31T16:00:22Z"
"GAFQYMC6MWPPM7H6CVN6YL67R2Q5BU6BDCPSTXDCGHBSQZWK64P772UM","0.0000000","0.0000000","0.0000000","true","63592515","accounts-0001.json","64211133","2026-08-31T16:00:22Z"
"GAFVAXTGFQMGQM24YZPEU4VHMCMCMDCALQ4R6IM2NWGCAYFEKBWJCNKV","0.0000000","0.0000000","0.0000000","true","63407370","accounts-0001.json","64211133","2026-08-31T16:00:22Z"
"GAFYOFQJ5XMJB5KN6W2G4HDIPAHPWGNVDNCL4QWNABIXXFSY2A5F7XQH","1.0006370","0.0000000","0.0000000","true","63581111","accounts-0001.json","64211133","2026-08-31T16:00:22Z"
"GAFZ3PLCT2HLS5ZW7NKW3JXTPQAJJ3QVWJ4YPEOB4U77YTII5ITJHTNR","0.0000000","0.0000000","0.0000000","true","64109332","accounts-0001.json","64211133","2026-08-31T16:00:22Z"
"GAG3JRWWG5FMBO3FAXHSZ3XLMAW65ZEGTJC3PSOJUILLWKZ4XVDK465H","0.0000000","0.0000000","0.0000000","true","63394638","accounts-0001.json","64211133","2026-08-31T16:00:22Z"
"GAGCFJNK7ETAKASG3WPPYEDHAKGUWA5NJSW7RHPX3RIJPZSPIN2XGLI3","0.0000000","0.0000000","0.0000000","true","64043392","accounts-0001.json","64211133","2026-08-31T16:00:22Z"
"GAGMFKAQZY5OSR2BGSRD63PQJZDKSRLET6MPCPFFMRXU7A3Y7THQJ2SL","1.7446308","22.9645288","0.0000129","true","64202056","accounts-0001.json","64211133","2026-08-31T16:00:22Z"
"GAGPC5LI7DUTKHO5FJZY6OWXNNHQESEVF4YKH3Z3SDX4MZJST76VH7MN","0.0000000","0.0000000","0.0000000","true","63378799","accounts-0001.json","64211133","2026-08-31T16:00:22Z"
"GAHDA7RX3GM5M2GLWZK636XTWOJ3Y4IFHWSOV4PGGV2JOUQ2Q2EYQK5L","0.0000000","0.0000000","0.0000000","true","64173499","accounts-0001.json","64211133","2026-08-31T16:00:22Z"
"GAHFRPFLF4JKXXK3INKOB55HTMH5B5ISQRODFHBG2QLR6PVT7A6MX4L5","116.0000000","0.0000000","0.0000000","true","63970479","accounts-0001.json","64211133","2026-08-31T16:00:22Z"
"GAHMYNJ6XTGCYUAPCN434LV7EGCNJZ6CB7Z7VUW2VXG5LN4UMX7FE7RU","2.0000000","0.0000000","0.0000000","true","64198034","accounts-0001.json","64211133","2026-08-31T16:00:22Z"
"GAHNVVQ5LYF7J6QO25DYKDJZCHSQTIF4L3IL5QSQTQNWUSQJVWZ4QVRL","0.0000000","0.0000000","0.0000000","true","63592840","accounts-0001.json","64211133","2026-08-31T16:00:22Z"
"GAHYNIP3TJQ5GUISNR25PBEBMIHYDKQOGC2GP6434MXU6XYD72UFEHD4","0.3940058","0.0000000","0.0000000","true","64195565","accounts-0001.json","64211133","2026-08-31T16:00:22Z"
"GAIAQGFESLKRPSFPRH43IN23ORG7FZIYBBZGOBM5OXMPJXMZZIBTXZWF","0.0000000","0.0000000","0.0000000","true","63799258","accounts-0001.json","64211133","2026-08-31T16:00:22Z"
"GAIFYL36LQWWPLGTTNLQQZ6VSVSZ37LKTUEFO6WF2PINHVCTGUFEKSED","9.5704500","0.0000000","0.0000000","true","63580545","accounts-0001.json","64211133","2026-08-31T16:00:22Z"
"GAIN2HU2ITUZPLGNWSH7JXXROL7MYIWDYXCUQDMQVJXFBEBPETSZYHNF","915.9913951","0.0000000","0.0000000","true","64032041","accounts-0001.json","64211133","2026-08-31T16:00:22Z"
"GAISU2GNX2CGVRM2AHRBSJOBE5EMBZI46HRMHTAHEQUSI4ZHWLZIAFG2","0.0000000","0.0000000","0.0000000","true","63393893","accounts-0001.json","64211133","2026-08-31T16:00:22Z"
"GAJ5BCJQMTG7E56A624ZEGWKUPXNH5NAADAVMCNQ6LOCUPRCBFWYE6IR","0.0000000","0.0000000","0.0000000","true","64170789","accounts-0001.json","64211133","2026-08-31T16:00:22Z"
"GAJCJMOWYBWH7A2UD6FOFBJXJRWC6KNQPXPRWN44RKWZ5JW2DK2S7WKC","21.1402274","0.0000000","0.0000000","true","63580485","accounts-0001.json","64211133","2026-08-31T16:00:22Z"
"GAJKPYDY6FMU3ETK2LSN6Z4PXSH6VLZX3M7NMANX5FTE7YOA2MYY43KS","0.0000000","0.0000000","0.0000000","true","64199248","accounts-0001.json","64211133","2026-08-31T16:00:22Z"
"GAJL4JG5SV2H3NSE5BLABUHD3QEDK3OZTU2SBVUDBRX6U2ZZHMYBCFLL","0.0000000","0.0000000","0.0000000","true","63806884","accounts-0001.json","64211133","2026-08-31T16:00:22Z"
"GAJLV7OC4CYARA5P4XIRZHTMO3JEVA72W5ALE6ZBWOFPX422I4E3KB76","0.0000000","0.0000000","0.0000000","true","64157746","accounts-0001.json","64211133","2026-08-31T16:00:22Z"
"GAJO3OT3EOEHYNJM2R74UFO4NV4IPVFVTYCYEVNTUZOMTXON7A75YORE","1.4455025","0.0000000","0.0000000","true","63581032","accounts-0001.json","64211133","2026-08-31T16:00:22Z"
"GAJOHTMJLT5JRLVP2YHCS32H3YRYVGWULJZSBBASDPDI5CJ6MOQU2U2S","100.0000000","0.0000000","0.0000000","true","63580347","accounts-0001.json","64211133","2026-08-31T16:00:22Z"
"GAK56LPQ4PCDZB4PHXAIFONXCBNMFERLCNBWJKEBJGKGECRFS6M2JAGW","0.0000000","0.0000000","0.0000000","true","63591896","accounts-0001.json","64211133","2026-08-31T16:00:22Z"
"GAKBPLVDVTUJGGM7WLTJ6UQNJY3P2ZMVWEVXHQ2QRRTYWTLSDNL5JILI","0.0000000","0.0000000","0.0000000","true","63462498","accounts-0001.json","64211133","2026-08-31T16:00:22Z"
"GAKJ6CL4WXBJJZCFXV4RENK6H6TYOI5OO24MU7E3UI7HTI3TLRIOAIJT","0.0000000","0.0000000","0.0000000","true","63210249","accounts-0001.json","64211133","2026-08-31T16:00:22Z"
"GAKOF4CXTZO27EZL7DEJA4TJUQIWJNPJE5TTPQ7JIHIIHZ5ZFGZUJZPT","0.0000000","0.0000000","0.0000000","true","63592914","accounts-0001.json","64211133","2026-08-31T16:00:22Z"
"GAKTJJEN6DUPNL6SNBEOTOTWFDRAALTIDEZN665D2BELPOYE4Q3U2ML7","0.0000000","0.0000000","0.0000000","true","63669446","accounts-0001.json","64211133","2026-08-31T16:00:22Z"
"GAKXR6333DMT6WBMZMFWFCU67WDQHJXZY4IJSNRH5SFBYVSOOZ2J3GRZ","0.0000000","0.0000000","0.0000000","true","64109365","accounts-0001.json","64211133","2026-08-31T16:00:22Z"
"GAL4XWXZYAXB4WC6C5NQBSHQX6FC6RN6ZCCJJQHWZ5WTLZRSPY4PQRGN","0.0000000","0.0000000","0.0000000","true","63674099","accounts-0001.json","64211133","2026-08-31T16:00:22Z"
"GAL6OGSZUUTYBVJFOT2ZWN57OMICODNKLRMT4EY6SJPN7XFN2RHRPF5T","0.0000000","0.0000000","0.0000000","true","64143672","accounts-0001.json","64211133","2026-08-31T16:00:22Z"
"GALQD6OACZMX3HVVWGMKPCA6ITVFVTXDANSKU67KSGWOYWXCAWWCCLVW","0.0000000","0.0000000","0.0000000","true","64202446","accounts-0001.json","64211133","2026-08-31T16:00:22Z"
"GALSIYXRGOAZ33DMBCKX52V63CXSQVRBSRES32STN2JFGS7VUAFH3H6O","0.0001441","0.0000000","0.0000000","true","63581395","accounts-0001.json","64211133","2026-08-31T16:00:22Z"
"GALYHCRHK3DBWI5PLVCJO5XJK3O44TT6AEN3756TDTRZLCRKVIZNPMVT","0.0000000","0.0000000","0.0000000","true","58854143","accounts-0001.json","64211133","2026-08-31T16:00:22Z"
"GAMKAYMEONIRJIMPROY2XMZL2Z5QVNGEDHD7S67YAQOJGBWAEI7GLG4E","0.0000000","0.0000000","0.0000000","true","63765025","accounts-0001.json","64211133","2026-08-31T16:00:22Z"
"GAMMT3TL63ATCOLZ4JUWPXGUCDJ6OKIWUXFTD5XSRPY5ON7VOKLJVKL2","0.0000000","0.0000000","0.0000000","true","64203321","accounts-0001.json","64211133","2026-08-31T16:00:22Z"
"GAMPEM767BSLEUUH6JPZ3I3DXV2G6F2Q3DVTXZS5FLGIZDHO53K5C7W6","0.0000000","0.0000000","0.0000000","true","63351415","accounts-0001.json","64211133","2026-08-31T16:00:22Z"
"GAN3CORKZFKYYK3GO65XIDJKBIYDED2X3I44BYY4OBWU52FFMCYDFCDO","0.0000000","0.0000000","0.0000000","true","64069938","accounts-0001.json","64211133","2026-08-31T16:00:22Z"
"GAN47GSOB3CK3MHDU76OFMRHGQZ2S6KOMNK62TFP76VAIMHAXBLHAPM5","4.0000000","0.0000000","0.0000000","true","64208589","accounts-0001.json","64211133","2026-08-31T16:00:22Z"
"GANCGZIOKFV2T7ONQK3JY54LCZP6NQFDGVY3CUCCIDMO3L4SVNAP6JFM","0.0000000","0.0000000","0.0000000","true","64109353","accounts-0001.json","64211133","2026-08-31T16:00:22Z"
"GANFTRUHWRDM6FD3R3IDZKKYMLVX6YYLGUABY7MDZA2LJSOVTAVBLQVK","0.0000000","0.0000000","0.0000000","true","63401636","accounts-0001.json","64211133","2026-08-31T16:00:22Z"
"GANLGEOPH63S3GR4TL233NQMJFB3ADLVZACKI4GBOS4QSNLGNGWXASZ2","0.0005613","0.0000000","0.0000000","true","63581392","accounts-0001.json","64211133","2026-08-31T16:00:22Z"
"GANMIQKRY5IBWVW2LRSQENMM2QMYBZCA7JYDRKMLQFS5PRV34ZDWQBRO","0.0000000","0.0000000","0.0000000","true","64096313","accounts-0001.json","64211133","2026-08-31T16:00:22Z"
"GANNQJC2YJB6K5Z63FD2FMSGTBSEGAC7YZVI4HEHZ6F2CJNKUDPVHYUY","0.0000000","0.0000000","0.0000000","true","63592176","accounts-0001.json","64211133","2026-08-31T16:00:22Z"
"GANU2T35TYDSP5TWGX2X2UB636VCAS56PJXILGRNPIPLSTR75JOXKTFU","0.0000000","0.0000000","0.0000000","true","63534071","accounts-0001.json","64211133","2026-08-31T16:00:22Z"
"GANYXIX6DCTWG6QC2J4ABPOSGHP3UKDWHIML5K66UABLOWHMG2IRHTNK","0.0000000","0.0000000","0.0000000","true","63612909","accounts-0001.json","64211133","2026-08-31T16:00:22Z"
"GAODK6D7427JBXJDUAEG2Y3KYSIL2TTICAEJWA3RQADQXPRRAQV5R6WX","0.0000000","0.0000000","0.0000000","true","64042385","accounts-0001.json","64211133","2026-08-31T16:00:22Z"
"GAOHZB5V4ZVCYHR2Q62BIHC32SRLTRAERTMZQULC7DMZYTBX4PGFF55E","30.6432398","0.0000000","0.0000000","true","63822653","accounts-0001.json","64211133","2026-08-31T16:00:22Z"
"GAOLJGXASSEV4IR3S2SZH6XXUPSN6KFICWS2NBFIOQROP2NPVWOJA2DJ","0.0000000","0.0000000","0.0000000","true","63592671","accounts-0001.json","64211133","2026-08-31T16:00:22Z"
"GAOQ5L3ROCPTCY4RB3ZJC5JBU6VELUP5BGNL6UQGTRUVLSX3X6UWQEMB","0.0000000","0.0000000","0.0000000","true","63591540","accounts-0001.json","64211133","2026-08-31T16:00:22Z"
"GAOSJIYFYV7CIQN7B45NGDZBWQYAUSS67IL2DOF6UOZEJPIWTFX426W6","0.0000000","0.0000000","0.0000000","true","63408025","accounts-0001.json","64211133","2026-08-31T16:00:22Z"
"GAOTEXGE4UT45LPVUFZIPTZNPPOZ3ILQGWJAFN4ISU3XJPBUO4BWPTYZ","0.0000000","0.0000000","0.0000000","true","63696153","accounts-0001.json","64211133","2026-08-31T16:00:22Z"
"GAOUFINQQHCTHBM66MZ3UXZLR73MT27FOBL37Q4SI2HSLSLFOAAKKCU5","0.0000000","0.0000000","0.0000000","true","63193033","accounts-0001.json","64211133","2026-08-31T16:00:22Z"
"GAP7IUIV3TNN2MPEB56VVHGH3EEOLVJ2M6HCM63IMEXZVW3YJOY3EFT5","0.0000000","0.0000000","0.0000000","true","63384333","accounts-0001.json","64211133","2026-08-31T16:00:22Z"
"GAPARG7UPSYB7POBYIP7SDKKULSI4PVF3SSMNOPL4CVEAEO6DKUFZPUI","0.0000000","0.0000000","0.0000000","true","64199620","accounts-0001.json","64211133","2026-08-31T16:00:22Z"
"GAPFZUZMQEXDXFIT43SLGOI3Q2IWOJOE4NIP3CHPGH3BLPVUUKGL7YW4","0.0000000","0.0000000","0.0000000","true","64039585","accounts-0001.json","64211133","2026-08-31T16:00:22Z"
"GAPL7LIN6I3VAL7OOCNDUFZOYFNJDYS2O62M46DD7X6WHHBDMUTI73HW","1.2341568","0.0000000","0.0000000","true","64151037","accounts-0001.json","64211133","2026-08-31T16:00:22Z"
"GAPNNM2YZ5KP7FCX7ENELRUEU7JZRS5ZRWWXXYYA3S6GQXXUML7HZ63M","0.0008092","0.0000000","0.0000000","true","64210865","accounts-0001.json","64211133","2026-08-31T16:00:22Z"
"GAPRECGCSADSQRSG4MRMTHXZKM72DI42CF2IU3LEOFZEN4ZEYHDHB4ZS","0.0000000","0.0000000","0.0000000","true","64167576","accounts-0001.json","64211133","2026-08-31T16:00:22Z"
"GAQ25ZOJ3RPBTZLRVEHHXV7EGUQCDCS5Y7GXUDWJZZXLC6N5I3U3EGK2","0.0001769","0.0000000","0.0000000","true","64210969","accounts-0001.json","64211133","2026-08-31T16:00:22Z"
"GAQ6KSJNJUH4SCQPWWLUAYCCE7D5ZPZT4ZKWNJNDPWVLOEPKCU4QZVF2","0.0000000","0.0000000","0.0000000","true","64211133","accounts-0001.json","64211133","2026-08-31T16:00:22Z"
"GAQFO4OUSETZ7PWXNIW5J5EMAE5K3YBJYQTAWEMTQFOQ3J36DKD577V5","0.0000000","0.0000000","0.0000000","true","63800534","accounts-0001.json","64211133","2026-08-31T16:00:22Z"
"GAQG4WSIPD6F6CAYM7PFY4DDFPNMZVA2LNSUTVOEPK4XNJLUIKWMDPPJ","0.0000000","0.0000000","0.0000000","true","63393570","accounts-0001.json","64211133","2026-08-31T16:00:22Z"
"GAQJ46ZHLESRKZMS56T224ARC62ZHRI2JLDCIMOD4TU6ORDDT3E5SG72","0.0000000","50000.0000000","0.0000000","true","64009893","accounts-0001.json","64211133","2026-08-31T16:00:22Z"
"GAQJIBVWXUHLD5CSUZDWIQEML7MAGXSS64T6A26SI5CGA33U7ZSYIM54","7.3750250","1.1352584","0.0000000","true","64039274","accounts-0001.json","64211133","2026-08-31T16:00:22Z"
"GAQUQISZUGS3IEQT6A2H3R4DCEJEHE7Y4F33TORMI4XTXBOIXIQMSW4D","0.0000000","0.0000000","0.0000000","true","64156283","accounts-0001.json","64211133","2026-08-31T16:00:22Z"
"GAQXUHVEYDHETYFGMRA6M4UTNAKA7ZR5TCIDU6UOROGIBMWUCN6MI7KX","0.0000000","0.0000000","0.0000000","true","64189476","accounts-0001.json","64211133","2026-08-31T16:00:22Z"
"GAROSZYKXHPFLCRXJQRSJTQOUEEYV322CVIK5R52A6I43IET7PQU6DW6","1.1613826","0.0000000","0.0000000","true","64170032","accounts-0001.json","64211133","2026-08-31T16:00:22Z"
"GARQZRSMILPIDSZUQ7MAQZJHE7T5EXUNORMVKVR76WDX5JOBRDNUNM6O","19.1938657","0.0000000","0.0000000","true","64042251","accounts-0001.json","64211133","2026-08-31T16:00:22Z"
"GARXAWZTQC5S34UXIE3Z5WF7E6BRZOISSXUAFDTBP5RS6SL3QE7AEZ3G","0.1764710","0.0000000","0.0000000","true","64210575","accounts-0001.json","64211133","2026-08-31T16:00:22Z"
"GARZNPJGSV32WQYBFUPEOHMCU66KVQQHRBZM44FWZUR7LKRF5B7BXEBG","0.0225177","0.0000000","0.0000000","true","64042290","accounts-0001.json","64211133","2026-08-31T16:00:22Z"
"GAS5VW5VZIMUQ5IX52GX3KUJSFHC2BYSSQUSFVAP6RD6GTNQN2MSEHXE","0.0000000","0.0000000","0.0000000","true","63592576","accounts-0001.json","64211133","2026-08-31T16:00:22Z"
"GASAXWRQCKI5RRLBMFMUOV342DY4TKJM6DE6HZMLGOPKMZLKK43MMDXP","0.0516237","0.0000000","0.0000000","true","64202630","accounts-0001.json","64211133","2026-08-31T16:00:22Z"
"GASBPYXYSIPXH4GVJGVVCNR6JVN3EADX64QP7BOZTS4JYCSFAC3WHLDV","0.3106161","0.0000000","0.0000000","true","64200687","accounts-0001.json","64211133","2026-08-31T16:00:22Z"
"GASEYFZ4YYY3CK3SMXT4FKEN5B7MDEXM55DZA5TX4BGIDJOI4CFD3R5K","2.0000000","0.0000000","0.0000000","true","63580986","accounts-0001.json","64211133","2026-08-31T16:00:22Z"
"GASFHUS4SPB2CCKUMFYJVYSYVQ3AMDVZJOUVTQJSS2A5FD7B5JWHQI47","0.0000000","0.0000000","0.0000000","true","63664006","accounts-0001.json","64211133","2026-08-31T16:00:22Z"
"GASFQDWLZQOHZGE6LLALY65AN7V2OYAMRKAHEVBQLTWTRMQN3Y2X46CZ","0.0000000","0.0000000","0.0000000","true","63591988","accounts-0001.json","64211133","2026-08-31T16:00:22Z"
"GASFUXQFGKJFVWUCRAHL4WOWE5344SUESN7U7RDLTTJEA5Q4OQWXOWPM","0.0043525","0.0000000","0.0000000","true","64164287","accounts-0001.json","64211133","2026-08-31T16:00:22Z"
"GASG2JTRS4MMTNJUMF3GPT2ZNPWTU46URB4GL5HV6FO6KUTJ6XLI6ARZ","0.0000000","0.0000000","0.0000000","true","64109330","accounts-0001.json","64211133","2026-08-31T16:00:22Z"
"GASN5ROBHK6TMQM5WOS3VF64LF4T66LV3ZYA6DMT4JOQ7KVQMIDN4F3X","0.0000000","0.0000000","0.0000000","true","64201821","accounts-0001.json","64211133","2026-08-31T16:00:22Z"
"GASP63DHMIJRGQ7DXBXQOBZCYDHRDHXBJZ5K5PNLHQRABXKOUOYQR7I5","0.0000000","0.0000000","0.0000000","true","63552367","accounts-0001.json","64211133","2026-08-31T16:00:22Z"
"GASQ3ZPTWIZ6RSZJTGIDGTJKKDDFWCGGD4OKBOXKUW67OVZ22IJ4EFFJ","1.5278615","0.0000000","0.0000000","true","64042098","accounts-0001.json","64211133","2026-08-31T16:00:22Z"
"GASR7B3HAUVQEJWK7FFMBAUH6WMPXXAWJYGWNBZCBXOCNH2IUI3L3XMA","7.0000044","0.0000000","0.0000000","true","64169868","accounts-0001.json","64211133","2026-08-31T16:00:22Z"
"GATDJ6FOSE2HIUPKPNI2QUUBVDTLKTPMD7NJPMYWKDD2I32G3BIDAYQ5","0.0000000","0.0000000","0.0000000","true","63393831","accounts-0001.json","64211133","2026-08-31T16:00:22Z"
"GATJF6QNCTX7QQ4SGIWM7PZ7FRVCGA6OJAIT25MIUOJBDXDIGPYAIJAE","0.0000000","0.0000000","0.0000000","true","63395728","accounts-0001.json","64211133","2026-08-31T16:00:22Z"
"GATNEXNKSMPZ5YATTZSINXCS7LDM367U47QTVYZFWVS4BIAO7TP74JVT","0.0000000","0.0000000","0.0000000","true","63308964","accounts-0001.json","64211133","2026-08-31T16:00:22Z"
"GATVFSGEEPPTV2DFM76WE6LVTKH7QTL4TSLX6L3T7BL3UC2VXRCVTBWS","0.0000000","0.0000000","0.0000000","true","63377848","accounts-0001.json","64211133","2026-08-31T16:00:22Z"
"GATYBYRZGHPC776GDWS737FMPJZQPSQKYH32LPJ7ZUPC4LTGHR56ICGN","0.0000000","0.0000000","0.0000000","true","63591753","accounts-0001.json","64211133","2026-08-31T16:00:22Z"
"GATYR4M73PXEOBOZLAZKY75XXISFDNFC7SHLM6RNGF6I3UPEYD45FIGP","0.0000000","0.0000000","0.0000000","true","64198548","accounts-0001.json","64211133","2026-08-31T16:00:22Z"
"GATZV2XWZHUCNUSII7ZQ6VPRNMA6J3OTOEFVUSWMZDWWFR7TC5PJ3UUP","0.0000000","0.0000000","0.0000000","true","63592096","accounts-0001.json","64211133","2026-08-31T16:00:22Z"
"GAU3DP64K53DI75AE3LRJ3PHT7LDRNCQCRZ4KFI7FJ4RFOU6JL35R4KW","0.0000000","0.0000000","0.0000000","true","63376094","accounts-0001.json","64211133","2026-08-31T16:00:22Z"
"GAU5GHUQCDKK2CEMWGADNK77FGEHU4SL3W4V7UK32PKZTI2AT4Z2BW32","0.0000000","0.0000000","0.0000000","true","63592871","accounts-0001.json","64211133","2026-08-31T16:00:22Z"
"GAU6FGDGZTK7VJMUP6ULV3JQZFYO4JGOV6PX67KMI2PNA3EFXVA3DKTZ","0.0000000","0.0000000","0.0000000","true","63592946","accounts-0001.json","64211133","2026-08-31T16:00:22Z"
"GAU73ME5FSLOUFV5DGJE4VU47IB2Z3LLH2ZUWBHEOP5YYGWKUNIENMNK","0.0000000","0.0000000","0.0000000","true","64133786","accounts-0001.json","64211133","2026-08-31T16:00:22Z"
"GAUAN2FPHYG7PBP27NBK3EWMQ77WBKX344OK7N7JBFVFWUL5U6YEJYYW","0.0000000","0.0000000","0.0000000","true","63591978","accounts-0001.json","64211133","2026-08-31T16:00:22Z"
"GAUCTAQHABG6VTPD2ESQ63BVTC2EFL7TAP623PT2OWO7BCDLKQGLLRFG","0.0000000","0.0000000","0.0000000","true","64189086","accounts-0001.json","64211133","2026-08-31T16:00:22Z"
"GAUD6X3PUFUCF2ZPEUVMZ5BW3SQZXOM36KUONBBHKJW763WPOAUY2TM5","0.1305967","0.0000000","0.0000000","true","63908711","accounts-0001.json","64211133","2026-08-31T16:00:22Z"
"GAUJ33YBJJQPC7W232GIAW2GQDSXNM4Q2DXGZENZAB5PPGJJZSRMZTTY","0.0000000","0.0000000","0.0000000","true","63378864","accounts-0001.json","64211133","2026-08-31T16:00:22Z"
"GAUMR5CVUAQZTJBJV76GLJYFOGPHLDVCWOP3DNV7X7NFM5YVW7JO54MM","185.5672739","0.0000000","0.0000000","true","63765027","accounts-0001.json","64211133","2026-08-31T16:00:22Z"
"GAUMROATXX4MZPRRBDUVHDHKO5VOYYWTPKOXRYBTTJ4WG3IVRRDLQCGG","0.0000000","0.0000000","0.0000000","true","63592051","accounts-0001.json","64211133","2026-08-31T16:00:22Z"
"GAUNHEB7UHG7U6JG26DHZL5UC72MB2JJH4QACZPTZVQGTZUDLKKMC2IZ","2.6414230","0.0000000","0.0000000","true","63580943","accounts-0001.json","64211133","2026-08-31T16:00:22Z"
"GAUPJ4HYJOJCD5CGFM7WL2L6PCFFYYSYMKX2ODINI47PBUAJYG46MVBR","0.0000000","0.0000000","0.0000000","true","64080555","accounts-0001.json","64211133","2026-08-31T16:00:22Z"
"GAUUNG3AOJOEGHVKCT2RY6MJNSUXANY22R76Z742AXK4CKLXENYT2XW3","0.6052605","0.0000000","0.0000000","true","64211124","accounts-0001.json","64211133","2026-08-31T16:00:22Z"
"GAVBE7KKXDTQZBQBSAPKLMPB4MXAZJF7BOBH4734L5EOZWUSU3IXCGXH","0.0000000","0.0000000","0.0000000","true","64207215","accounts-0001.json","64211133","2026-08-31T16:00:22Z"
"GAVFVV43FQZYUY6QHOAE4RSV2DVWMUR2EK53ZUVBCQSSPIV3AT4UD4C5","50.0000000","0.0000000","0.0000000","true","64166100","accounts-0001.json","64211133","2026-08-31T16:00:22Z"
"GAVG3ODZ4SAVK2WJL3F3RT265RL7P6QNOMA6NL3XDAREKSX3OWWMXF4R","0.0000000","0.0000000","0.0000000","true","64166234","accounts-0001.json","64211133","2026-08-31T16:00:22Z"
"GAVKXUSKJGXROYGKS7SFVPUFR33AMPWFLKPB2SZUO2HQURPFUWIHGY2H","4.6907962","0.0000000","0.0000000","true","64145563","accounts-0001.json","64211133","2026-08-31T16:00:22Z"
"GAVLSOVBLCM3IDM4JT3GL7WRAS26ZCT5UPA6BOCMWHWFPBVLTTM6O63N","0.0000000","0.0000000","0.0000000","true","63762351","accounts-0001.json","64211133","2026-08-31T16:00:22Z"
"GAVNCXJWBMGEIAXRNEKFRWOSE6SNSEYMMIXBN3E7DKYQQUVGB4QY6Q2T","0.0000000","0.0000000","0.0000000","true","63592830","accounts-0001.json","64211133","2026-08-31T16:00:22Z"
"GAVQ33YDGU6WFEBGZD46UMEQUYFKTIIRI6UB766QJVUMYKIOUMKTN4DP","0.0000000","0.0000000","0.0000000","true","64208864","accounts-0001.json","64211133","2026-08-31T16:00:22Z"
"GAVR4ZXRXGNRCPGEIKEG6CRSMNTNDCVDJELXFMU5TQ6YONPOJIP7O6MU","0.0000000","0.0000000","0.0000000","true","64127664","accounts-0001.json","64211133","2026-08-31T16:00:22Z"
"GAVUO7KVUO7Y6QJ67LCC2DQP5KSDPTZ7V5JGPBDVBAINA2EW3RC75HV4","0.0000000","0.0000000","0.0000000","true","64147607","accounts-0001.json","64211133","2026-08-31T16:00:22Z"
"GAWPNELIPYVHHDLNMDGFQAKAPZFNRP3PKKHXEQRUXVDKLRPFJA47MUZZ","0.0000000","0.0000000","0.0000000","true","63407268","accounts-0001.json","64211133","2026-08-31T16:00:22Z"
"GAWQ65TJFYWNLNGE2KCT6RGSLN6NES53GFJXWEOYJHFGW5DA7KAZH6JE","0.0000000","0.0000000","0.0000000","true","63576171","accounts-0001.json","64211133","2026-08-31T16:00:22Z"
"GAWUKJDD7DXDEBV5WTL2V2BXAAEWNDQNMRV3QCXA23JA6OK6TRA2ASL7","0.4999480","0.0000000","0.4999480","true","64168735","accounts-0001.json","64211133","2026-08-31T16:00:22Z"
"GAWVMFVK4BYBWSROR76TYI7ILBQ2BDWG3VZWCKHNTMCRQPU6X6ESKE4E","0.0000000","0.0000000","0.0000000","true","64208611","accounts-0001.json","64211133","2026-08-31T16:00:22Z"
"GAWWCENP5YS5BOBACAHZFT3PBEO4SFOBGN2IVK5VMED3ZDKGHG6BWZYI","0.0000000","0.0000000","0.0000000","true","63592524","accounts-0001.json","64211133","2026-08-31T16:00:22Z"
"GAX4QVIYZUGHKUHFWESUDECABBON4RAQP5A3A66AJKY75TG6JUMMSFCY","0.4102472","0.0000000","0.0000000","true","63780266","accounts-0001.json","64211133","2026-08-31T16:00:22Z"
"GAXD5VI22AULANKMGHVOWUPK6TLHTXF7I7L3UNRZJNBXZXIPTEYZBHJE","0.0000000","0.0000000","0.0000000","true","63394185","accounts-0001.json","64211133","2026-08-31T16:00:22Z"
"GAXFOM7LVSSXI65SAFJNBDC7REHIPFDR3R6SVW5SYGJQ55O2EWK3MCW2","1.0000000","0.0000000","0.0000000","true","63581119","accounts-0001.json","64211133","2026-08-31T16:00:22Z"
"GAXOSJGKXCDU3SBRSTNGEFJ534MMX6LVNSFCG3GRBCDVA6UR7OAYH4QQ","0.0000000","0.0000000","0.0000000","true","63796090","accounts-0001.json","64211133","2026-08-31T16:00:22Z"
"GAXOU5OVACA4GW7HJ3JLWFPWDQHQRMVVP6NH74QC2ITBPWTVJVBPOUNL","0.0000000","0.0000000","0.0000000","true","63592256","accounts-0001.json","64211133","2026-08-31T16:00:22Z"
"GAXP5YSKQV22MHJHIPYDPSTTKSGRRHNVYGEKJUH7XB7P7IIUZC3OFN7H","0.0000000","0.0000000","0.0000000","true","63765027","accounts-0001.json","64211133","2026-08-31T16:00:22Z"
"GAXYT7K66CLWZNTRWKHD5XRMK7HNMP3TE6YUQHUK2BXEQC2I25MBTSFZ","0.0000000","0.0000000","0.0000000","true","63591813","accounts-0001.json","64211133","2026-08-31T16:00:22Z"
"GAY26RPJPZOJIWBWLHX74JFILZP3GKI3UNWMNXFWTANTOTYYYWJAKMOS","0.0000000","0.0000000","0.0000000","true","63395252","accounts-0001.json","64211133","2026-08-31T16:00:22Z"
"GAY5XP7RNL5TR6GHRCAEDA2WGSFLQTZXGSH72J4XW45XBUQLUFOGR2II","0.0462674","0.0000000","0.0000000","true","63834250","accounts-0001.json","64211133","2026-08-31T16:00:22Z"
"GAY67CGRLM3DC7PMAVNJ3JW432R4U4PEQXHJ5CWDCTMR4H525VZGVQW7","0.0000000","0.0000000","0.0000000","true","63591914","accounts-0001.json","64211133","2026-08-31T16:00:22Z"
"GAYFOG46TZLEQZOTWCRIS53B2DKWEMW75P6KXIFIPYCZJ5P4Z3GSRVSX","0.0000000","0.0000000","0.0000000","true","64161135","accounts-0001.json","64211133","2026-08-31T16:00:22Z"
"GAYGQAVNNFXI3WBURAGL3DQ2QIXXR32JW5OUSUGROSZ33ZOQXBKDEZIY","0.0414887","0.0000000","0.0000000","true","64104760","accounts-0001.json","64211133","2026-08-31T16:00:22Z"
"GAYI4DHLDFGMHTDZJTNEYFWCZ2RAUBIOW2BRMGMXLCXPQUZZBN62K2U4","0.0000000","0.0000000","0.0000000","true","63533707","accounts-0001.json","64211133","2026-08-31T16:00:22Z"
"GAYQEMKU26X5LCD3VC2VOJQU45X5UIVVLP6MRBU5MRWRHLBG7TJGSPBU","44.8316335","0.0000000","0.0000000","true","63794009","accounts-0002.json","64211138","2026-08-31T16:00:46Z"
"GAYTKOASIRXZ3VPUMIA5ZRSZXV3HNAWFN2TJ4JVNBCARBX3Q4TPZDKUZ","0.0000000","0.0000000","0.0000000","true","63395515","accounts-0002.json","64211138","2026-08-31T16:00:46Z"
"GAYWLCS34UR3S6PT23S2VYPIXU42ZRZOJM2FGUIXYQPGYFZ46AWCDU6I","0.0000000","0.0000000","0.0000000","true","63762282","accounts-0002.json","64211138","2026-08-31T16:00:46Z"
"GAZ4QUJB4O7U2VLNKWWTOMXUTSGEJYY2B2ZEKYECGAQMPQ37YPRGUPWX","0.0000000","0.0000000","0.0000000","true","63378129","accounts-0002.json","64211138","2026-08-31T16:00:46Z"
"GAZEENGDD7H5XGBBXMGBZXWMFLDBBCK4WIUBHRNNY4ZAJXTAGM4NFDYN","0.0000000","0.0000000","0.0000000","true","63407967","accounts-0002.json","64211138","2026-08-31T16:00:46Z"
"GAZFJMCHPABO47DCLAS6EIAM6PRQWCY3ZGRDRP2KVJD24QYIAEO6S7IT","0.0000000","0.0000000","0.0000000","true","64166371","accounts-0002.json","64211138","2026-08-31T16:00:46Z"
"GAZHTYVGCFXSSPHPHS4UNESGMKVPPUB6G2RI6J4Z5PV5B5AQBBA5STCE","8.8866439","0.0000000","0.0000000","true","64063288","accounts-0002.json","64211138","2026-08-31T16:00:46Z"
"GAZK2UONQVX4AVELYTGQOHA7FDJXA7D26EF6YF57CRTNX5K7P3F2WUGI","8.7964428","0.0000000","0.0000000","true","64136685","accounts-0002.json","64211138","2026-08-31T16:00:46Z"
"GAZVCT6XA33ZKBAWJDDWI5JLRSC3P4ATZLBWUXIJDS2K47MG4OU2NN6F","50.0000000","0.0000000","0.0000000","true","63580392","accounts-0002.json","64211138","2026-08-31T16:00:46Z"
"GAZZFWIWET7723IJ7YDJ45E3TFZDVUUHUXDX2GBZ5L7WP6SB2RJ5XEMN","0.0000000","0.0000000","0.0000000","true","64161635","accounts-0002.json","64211138","2026-08-31T16:00:46Z"
"GB2DD6PBVN4FQZOF6UDFVLWKE4E7WMS5N6B4BEYIWVMOWWPS4XKXCYUU","0.0000000","0.0000000","0.0000000","true","63393391","accounts-0002.json","64211138","2026-08-31T16:00:46Z"
"GB2NW5HH45CVCSCYQKWUAZQZARNRIV3YPS22S3ZCA643GS5KBUKHP4MN","0.0000000","0.0000000","0.0000000","true","63887745","accounts-0002.json","64211138","2026-08-31T16:00:46Z"
"GB2Q75L26TF7AX4JUBHHRCGPE6PR3KI5R6TL5YFVQXXCELUELKXS325E","1.0034178","0.0000000","0.0000000","true","64205086","accounts-0002.json","64211138","2026-08-31T16:00:46Z"
"GB2R7AUUAJF3LILWMI4HH5GQQSDVALJQFETL44KJNP2AHZQKMJZPMGT5","0.0500000","0.0000000","0.0000000","true","63581313","accounts-0002.json","64211138","2026-08-31T16:00:46Z"
"GB2SALUB4PKDUQ6LXD77T2C5P64XM7UP2Z2XMTG6JUMQQ25LOLU322JU","0.0000000","0.0000000","0.0000000","true","63377829","accounts-0002.json","64211138","2026-08-31T16:00:46Z"
"GB2SZTU3ZBYVGZTRPQCGFRDBV33SBWRVIJCNZMTUB2JJMXRC3N5E66F3","0.0000000","0.0000000","0.0000000","true","63765028","accounts-0002.json","64211138","2026-08-31T16:00:46Z"
"GB35DW2RBB7Q5Y3T3O2MMHLW22P2CIWK3OBJACR7JEOFJCKTGJDV4CQI","0.0000000","0.0000000","0.0000000","true","63394575","accounts-0002.json","64211138","2026-08-31T16:00:46Z"
"GB35HSISATWCWBS2YJVH2CEKXAJYJAYF2WUHXADMZBDC45KJNYHLGO37","0.0000000","0.0000000","0.0000000","true","63762282","accounts-0002.json","64211138","2026-08-31T16:00:46Z"
"GB36OR4RR4KEMOMLPGM5NNRIG45DGPIAM7BT63T3577YCXQB2X7GKKNF","0.0000000","0.0000000","0.0000000","true","63591773","accounts-0002.json","64211138","2026-08-31T16:00:46Z"
"GB3DVQ4GH4YUUMORYQGDKGMTBYV5CHV2NGXA4ANYY3BC7AOGRE6I4ABM","1.0000000","0.0000000","0.0000000","true","64145614","accounts-0002.json","64211138","2026-08-31T16:00:46Z"
"GB3H5X6BEGYLW5W2WG4GRGNP7RR6Y6BQMKC527XIPBP5VOBEUV7KWQU4","0.0000000","0.0000000","0.0000000","true","64210557","accounts-0002.json","64211138","2026-08-31T16:00:46Z"
"GB3JCHJUP6HHZJLN5LKQDRFP2HWSLNXYE2TGWDGBTNXIW6MLVRQXNDBC","0.0000000","0.0000000","0.0000000","true","64210717","accounts-0002.json","64211138","2026-08-31T16:00:46Z"
"GB3UIRNNQIIYMJ63MVVLA5CU2XEUYWIJSI76RSSNXIXGQOWPU26EV3NS","0.0000000","0.0000000","0.0000000","true","64117834","accounts-0002.json","64211138","2026-08-31T16:00:46Z"
"GB3ZDTGTFDSCYYN4TGZ4HN4YRQ6GV5DT55SEBFHMT7BKNLV5E6EJ65D7","3.0000000","0.0000000","0.0000000","true","63887745","accounts-0002.json","64211138","2026-08-31T16:00:46Z"
"GB3ZVJZ2F3QD5R2WUENEEUJSMZHTKTC53TIOLOCKC37IOXWULARFE3Y3","0.0000000","0.0000000","0.0000000","true","64109330","accounts-0002.json","64211138","2026-08-31T16:00:46Z"
"GB42E32PYJNTRVVIQETAYGM66ZVYIXAQ3J5E7XCTO7V632EDGU7KFKBF","0.5000001","0.0000000","0.0000000","true","64093704","accounts-0002.json","64211138","2026-08-31T16:00:46Z"
"GB42IC5YZUPDDJHF72KQWFZBUE3SLHW6NBQBYAXISXLWBYTUMRVJYI6F","1.2952571","0.0000000","0.0000000","true","64042416","accounts-0002.json","64211138","2026-08-31T16:00:46Z"
"GB4C6XKHXZLFBQKL7IVUJMPQZ4BVIJNYS4QCFWGAH2WFDORINDCFHR2U","0.0000000","0.0000000","0.0000000","true","64123405","accounts-0002.json","64211138","2026-08-31T16:00:46Z"
"GB4DNA2POXXWS6ICI7PX7Z3MPKTIKXBLOK6OVQA7ANTF4EY6RAND6HHX","0.0000000","0.0000000","0.0000000","true","64170322","accounts-0002.json","64211138","2026-08-31T16:00:46Z"
"GB4EMQLFAHENVLUG2V3LED2AH45QO5FSQGJPH43E6P3CLE3D5ZSO7ZPM","0.0000000","0.0000000","0.0000000","true","63408798","accounts-0002.json","64211138","2026-08-31T16:00:46Z"
"GB4WR24CXANQKWQUZUE34UB2COTRQZSVI7LTQVGT4RR5A76EXO6EVLJO","0.0000000","0.0000000","0.0000000","true","64109346","accounts-0002.json","64211138","2026-08-31T16:00:46Z"
"GB4XWB2XCYAFURLNWOKQLYADJ2PBIYEI7U7R73O4ICRYZPMX6SBEANGF","0.0006393","0.0000000","0.0000000","true","64207176","accounts-0002.json","64211138","2026-08-31T16:00:46Z"
"GB4ZHDONXJ23NWOBGLQ7MZBIY6JFB7TVCO4BCIU6MNTTWGEYNSGDWJYG","0.7320724","0.0000000","0.0000000","true","64210575","accounts-0002.json","64211138","2026-08-31T16:00:46Z"
"GB526LHGOEWPCJ46XJO7BYYZY53OKK3HA4XZO4YFARZUQ7KX5BP6SXFZ","964.1415519","0.0000000","0.0000000","true","64165403","accounts-0002.json","64211138","2026-08-31T16:00:46Z"
"GB545JD74SCHMF67NNDH24WTNK6DBKK4A6OI4NRO4ZJHU22YMU4F7EBI","0.0000000","0.0000000","0.0000000","true","63580042","accounts-0002.json","64211138","2026-08-31T16:00:46Z"
"GB55CEWDT5NCFX7DTDZDNXHMUO7EVTPNSXTMRAK3YLXHBWLH4IBQT3W2","2.0520274","1000.0000000","0.9989247","true","64034418","accounts-0002.json","64211138","2026-08-31T16:00:46Z"
"GB55ZPEWXET5QVK2ZGGGN3HVWB3HTUB2OTCH7KEBORIWZPWHPMQADAM2","0.0000000","0.0000000","0.0000000","true","64199305","accounts-0002.json","64211138","2026-08-31T16:00:46Z"
"GB5C56XBDFEU3QHDY7CDSHS7MG5X6YVXE3PHIJBCE6Y5QIX6XHVTIIFX","0.0000000","0.0000000","0.0000000","true","63592758","accounts-0002.json","64211138","2026-08-31T16:00:46Z"
"GB5F2BYPFRSCMQPPR226EDCMZDVAVYNN5JIEDLPIN2AV3QMYKUFNXHNB","0.3528750","0.0000000","0.0000000","true","64171785","accounts-0002.json","64211138","2026-08-31T16:00:46Z"
"GB5KVC3NEKYDODCSKM6BVZDNBMB77BNGBLPKVAMPI4S2YIJTLZ5A2XYD","0.0000000","0.0000000","0.0000000","true","63592036","accounts-0002.json","64211138","2026-08-31T16:00:46Z"
"GB5NUP2BHZ5PIHE22VP3PMMO4LWJKD6NOEEPSH2I2FXGIV5RXO53DYIF","0.0000000","0.0000000","0.0000000","true","63592571","accounts-0002.json","64211138","2026-08-31T16:00:46Z"
"GB5OPA5TOKNURV7CEGTRCNCHW6A5NXYA7GY2SE6HAOAOEPEMGNAAEJ4V","4.0068178","0.0000000","0.0000000","true","63580891","accounts-0002.json","64211138","2026-08-31T16:00:46Z"
"GB5VVEITESYWXBA62FWTUNPXIUP65JWJHKPUUY5ELEE3A4YRYVEDWYZ2","0.0000000","0.0000000","0.0000000","true","64042236","accounts-0002.json","64211138","2026-08-31T16:00:46Z"
"GB65KLAJ7WJXRIUC6OSGX5MW3VDD6R7DKWD2N62VRRHANPGMUACOX5SN","0.0163501","0.0000000","0.0000000","true","63581336","accounts-0002.json","64211138","2026-08-31T16:00:46Z"
"GB6BFSA4GGB7GQFAZJYZB7HB46S5E4EZKCTHO4KDIS4D5M4UZWCFM72G","0.0000000","0.0000000","0.0000000","true","63780266","accounts-0002.json","64211138","2026-08-31T16:00:46Z"
"GB6DAAZ3A2ISMASZUGOZF5CXXRZI2CSEZCISOSBWPWZWHSZW2A2WDTPW","0.0000000","0.0000000","0.0000000","true","63591660","accounts-0002.json","64211138","2026-08-31T16:00:46Z"
"GB6EPCE5TTVINTZ5ZERWY5PXIVYJU636WC564UTVRX2JQRYY5RQMOEOO","0.0000000","0.0000000","0.0000000","true","64153372","accounts-0002.json","64211138","2026-08-31T16:00:46Z"
"GB6PFN3IQVXA24RTILZVJ7R7X23UH743FDZZM64AEBF5A2AZJI4CWDZP","0.0000000","0.0000000","0.0000000","true","64109350","accounts-0002.json","64211138","2026-08-31T16:00:46Z"
"GB6UOVOH5EMS7NGCS3APX32LCXPEA7DFRAAY4S4PSQAAEEYDHBXU2IYV","0.0000000","0.0000000","0.0000000","true","63212551","accounts-0002.json","64211138","2026-08-31T16:00:46Z"
"GB6Y24VSBEQUSOLJ6RAM4PCH2GXLM7MGZWUNNLC7ILRLYKQK3BPJTUTI","0.0000000","0.0000000","0.0000000","true","64158510","accounts-0002.json","64211138","2026-08-31T16:00:46Z"
"GB77C7CHJQGWNMDPWRXXN5KMS55K5SSERBGND4GGCYDDBLC52FEKHUOR","0.0000000","0.0000000","0.0000000","true","64195080","accounts-0002.json","64211138","2026-08-31T16:00:46Z"
"GB7AAAHBTSVLH3WHYDCPJ2DPW2WT2TZ2OISEXJAMWIZ66UUGC3CTGXK2","100.0000000","0.0000000","0.0000000","true","63780242","accounts-0002.json","64211138","2026-08-31T16:00:46Z"
"GB7CY6XQBHFCTKISODSWGODA3WYJGIPDLP223QGNBBEB4WOCLNG4WRAL","0.0000000","0.0000000","0.0000000","true","63659366","accounts-0002.json","64211138","2026-08-31T16:00:46Z"
"GB7DS6VZP6QA6KTLTLTJ5TPANYGOX2BXV4TL37ABAJACOZLXD66GWFNL","0.0000000","0.0000000","0.0000000","true","64109335","accounts-0002.json","64211138","2026-08-31T16:00:46Z"
"GB7LQADH6WRAKEMTNFTYPWQWRVXVEK74C7JCFSBDQYSYBXZTDJNAVS33","0.0000000","0.0000000","0.0000000","true","63395720","accounts-0002.json","64211138","2026-08-31T16:00:46Z"
"GB7VFS4TWSQMMMFXUIZO2UJ2B53ULW674PRFVKA2FRP6YO3QPRP6EPM6","0.0000000","0.0000000","0.0000000","true","64199630","accounts-0002.json","64211138","2026-08-31T16:00:46Z"
"GB7WJBNAUHTLVLWJMOCSVNTSLWKDJZ3GFOET32JZ2CPEXMSSMU6272RF","0.0000000","0.0000000","0.0000000","true","63591793","accounts-0002.json","64211138","2026-08-31T16:00:46Z"
"GB7Z6EOIANRIVKPLDZYNMIDO6E3ZLMWDITA4BCAUDEHWBVRITE7TBESW","5.3000000","0.0000000","0.0000000","true","64209513","accounts-0002.json","64211138","2026-08-31T16:00:46Z"
"GBA26VW7DQIMU3DZLYV7GPBX7DKCUBBYWYUHBUXURRJQB5STOKZRIZDD","0.0000000","0.0000000","0.0000000","true","63593008","accounts-0002.json","64211138","2026-08-31T16:00:46Z"
"GBAFDBLIRTNMUQXFSZ6H2Z5LOKQDDV5U7M5P52P6NTJTSNKCDXU3QFHM","0.0000000","0.0000000","0.0000000","true","63377765","accounts-0002.json","64211138","2026-08-31T16:00:46Z"
"GBAFI32D3BV7QYW4NCIECQ42FSJYVLZTLQSJPK4RGXF6XE7EJPZ5C2OB","0.0000000","0.0000000","0.0000000","true","63598898","accounts-0002.json","64211138","2026-08-31T16:00:46Z"
"GBAJR42VRNF4QT4Y65JOHOAA7ZJEHI3ZB4YXHLJ4O4ZEFFU5EBRVSWNK","0.0000000","0.0000000","0.0000000","true","57825717","accounts-0002.json","64211138","2026-08-31T16:00:46Z"
"GBAKCT3J5UOEZPFUY23DN2BAWR4KIMG2GB66KQGXQHEILSKQKABQWMAI","0.0000000","0.0000000","0.0000000","true","63380406","accounts-0002.json","64211138","2026-08-31T16:00:46Z"
"GBAKIANRABV46LT42IIQ22TU7EJ2YN3AAXU334FE4YRGTBGJRK5ALMPY","0.0000000","0.0000000","0.0000000","true","64168394","accounts-0002.json","64211138","2026-08-31T16:00:46Z"
"GBAZCMQ4TVMBIH654KKD4TXJUDWE4LT4VG3H4APIZMJ2AUDLZATIVEIS","0.0000000","0.0000000","0.0000000","true","63522556","accounts-0002.json","64211138","2026-08-31T16:00:46Z"
"GBBNK3KCXXBEQNYC5T2DDFJENKLLYB4KOTCZ3SGBYRGK2HSQWETKDP36","0.0000000","0.0000000","0.0000000","true","63893554","accounts-0002.json","64211138","2026-08-31T16:00:46Z"
"GBBP5FCTX7O4MMIRL6CQILMHHIDO63B5EWFGERLTURRFWKAJKEL4OOQM","1.1788809","0.0000000","0.0000000","true","63887745","accounts-0002.json","64211138","2026-08-31T16:00:46Z"
"GBCI7T4NMR23WZ33WUYX5HMNHWX6YBA7PNMTWSR7O6NTAZDIOFNXMH52","4.2036889","0.0000000","0.0000000","true","63580884","accounts-0002.json","64211138","2026-08-31T16:00:46Z"
"GBCK6W5PWDLK6NMDOREHLVGGEYVKFJ5FHTTGLOA5UVTIBXS2CKEBVIY5","0.0000000","0.0000000","0.0000000","true","63798617","accounts-0002.json","64211138","2026-08-31T16:00:46Z"
"GBCT5JZUWTYXHMFI3KMAHAESLVKW4SGO3Q5P7E4W4CHPCMTFJA4NADK4","0.0000000","0.0000000","0.0000000","true","63762282","accounts-0002.json","64211138","2026-08-31T16:00:46Z"
"GBDHLRK2EHZ4WTVU2ITO4VRI7LPXSELUIZQJUZD67LAAFIF4AQLI23GS","0.0000000","0.0000000","0.0000000","true","61742296","accounts-0002.json","64211138","2026-08-31T16:00:46Z"
"GBDI2NF6ULLIADLGDUYEYCN7I6GW2UYQGPSMP647EGA55IYS2UAMAM6N","0.0000000","0.0000000","0.0000000","true","63657967","accounts-0002.json","64211138","2026-08-31T16:00:46Z"
"GBDIERRN2T3IBWGMTDJ2Q4QNQKD24ET4B6RX6BYCN7IK6KBLBSRPRIVJ","0.0000000","0.0000000","0.0000000","true","63591516","accounts-0002.json","64211138","2026-08-31T16:00:46Z"
"GBDZYLJVTCI2HZUEM5GY7HUHADK5KSJ7ZR2CDEXP5MJC3QK4UKZCBLV4","0.0000000","0.0000000","0.0000000","true","64176872","accounts-0002.json","64211138","2026-08-31T16:00:46Z"
"GBE35ZUINX6MNLMF25AZ2Y2WVTT5L4KOWG76NCPWQZRJZSQ34NSONEHZ","0.0000000","0.0000000","0.0000000","true","63659354","accounts-0002.json","64211138","2026-08-31T16:00:46Z"
"GBE7RCDCMV6ZR4QDEXCIL67BI66MC5JD7CZHRN5SWF4IIP7S27MIX4B5","1.0100000","0.0000000","0.0000000","true","63581104","accounts-0002.json","64211138","2026-08-31T16:00:46Z"
"GBEBOOD7HMDH4I2D4PBHXBTWEL2DRLITGBKNPGQBBVQM2SWBHF6LU6CJ","0.0000000","0.0000000","0.0000000","true","64180642","accounts-0002.json","64211138","2026-08-31T16:00:46Z"
"GBEFEN325HCMVTM22BYOA4WWQ6LACU33VZZX6SARI3AZ3BQCHCOLVSKR","0.0000000","0.0000000","0.0000000","true","63678050","accounts-0002.json","64211138","2026-08-31T16:00:46Z"
"GBEFI2IX5BDH65WOQ2HEPTOPPCR3UN62PYTYPV5ANTLGGDRWIBVVIIZT","0.1590815","0.0000000","0.0000000","true","64207503","accounts-0002.json","64211138","2026-08-31T16:00:46Z"
"GBEGKRRRJ5YU3HE5HEZQQTJQI55S5ZU3WXFWNFHAQ42WO25WAYGT4AUK","0.0000000","0.0000000","0.0000000","true","64175216","accounts-0002.json","64211138","2026-08-31T16:00:46Z"
"GBEGL4W7LTJSF5MI5HLXYO6M4X3V5N4UZJQC7LXCKY4M33THPV5EMWL4","0.0000000","0.0000000","0.0000000","true","63394857","accounts-0002.json","64211138","2026-08-31T16:00:46Z"
"GBEVR3D6G7W52OGRA4KQNIPL354TD4MSNH2XAZEIDEKGMQWLZ5ECWUHU","1.0000000","0.0000000","0.0000000","true","64180985","accounts-0002.json","64211138","2026-08-31T16:00:46Z"
"GBFA5ZXUVHSFAU6GVE5ULSPVYDSYVT3K3POQWY5JSEHR76WZQEQMN4JV","0.0000000","0.0000000","0.0000000","true","63395410","accounts-0002.json","64211138","2026-08-31T16:00:46Z"
"GBFBXAAP4YBSHS5KWLWS5GU24ANGKQD3V4MP7YWLLPK4QE6JCBWCC3K6","2.5096783","0.0000000","0.0000000","true","64198289","accounts-0002.json","64211138","2026-08-31T16:00:46Z"
"GBFECMJNPWZ3HB2IUCQVZB7PLLOEFETFEM4NZF42V7ALA7ER63WZHL4R","345090.0000000","0.0000000","0.0000000","true","64153401","accounts-0002.json","64211138","2026-08-31T16:00:46Z"
"GBFFHDYDS6O6XKM56XRTLUSAZ7AP23SD245TKWCSBT23JWHIRGMZPXWT","0.0000000","0.0000000","0.0000000","true","63196977","accounts-0002.json","64211138","2026-08-31T16:00:46Z"
"GBGFEZ5QZFLQJTTCQUYWTJBGZN6QEVFF57F3LVD2MF7MRYWUNKFBJWIV","0.0000000","0.0000000","0.0000000","true","63415833","accounts-0002.json","64211138","2026-08-31T16:00:46Z"
"GBGLR4YJIGF3C6IH52ABQ5VIWEFZJZGTHH6T2L5WQMMEOUC6DY7CE7IM","0.0000000","0.0000000","0.0000000","true","64199358","accounts-0002.json","64211138","2026-08-31T16:00:46Z"
"GBGNFAZLHZYV6GF5PXMJQZN2Z6QRVOM37GYWI3VBHMJSVYA4ATESASG4","0.0000000","0.0000000","0.0000000","true","63493476","accounts-0002.json","64211138","2026-08-31T16:00:46Z"
"GBGTY3ZU477CPG4SEJM3GZTZHOI7FTFYATRRA3ZUSBWCCPYTC5DRW46H","0.0000000","0.0000000","0.0000000","true","64134113","accounts-0002.json","64211138","2026-08-31T16:00:46Z"
"GBGUVD4H2YMRIG46J7GX52UZ4D3GZGB5QGNM6GRSK2UDA2L7MX4ZAVZW","100.0192440","0.0000000","0.0000000","true","64209801","accounts-0002.json","64211138","2026-08-31T16:00:46Z"
"GBGZYDBTXYZDKZOONV5KEHTWQUGFRYUMXJR3PA5DLHFKSILI6DH7YMGP","81.4807152","12.9859224","0.0000000","true","64032755","accounts-0002.json","64211138","2026-08-31T16:00:46Z"
"GBH7F6X3EGHVQMIU2AKJYQ7EEWS6ECPAGUUZEIW34QP4R2DFMPIUZQGE","0.0000000","0.0000000","0.0000000","true","64118895","accounts-0002.json","64211138","2026-08-31T16:00:46Z"
"GBH7IIOKEFD4QFB2QYEHKVZPOIT5ZBJ527PDXFYRVXTPAP57FX2S3IA5","0.0000000","0.0000000","0.0000000","true","64164471","accounts-0002.json","64211138","2026-08-31T16:00:46Z"
"GBHD3V2XKX6DXHYZDSHA2UYZTO4MKB2R6QNSCDT4XEKNGTLPXT7A36EA","0.0000000","0.0000000","0.0000000","true","64133883","accounts-0002.json","64211138","2026-08-31T16:00:46Z"
"GBHFYUX45C4WTM2ADS65HDRMEH6FAGBW6ZAYSYMNKAJ3DR347KYU2B3H","0.0000000","0.0000000","0.0000000","true","63394061","accounts-0002.json","64211138","2026-08-31T16:00:46Z"
"GBHJFFNOJZHUCMLUEJEJXRZBIBKPWAHKMDUUJGBXHWWQJF7JVEW5Q4LS","0.0220661","0.0000000","0.0000000","true","64207136","accounts-0002.json","64211138","2026-08-31T16:00:46Z"
"GBHMLQMGGFOW5GQFXM46SJOBQQB4IQ36DEHUZWSF47E3BEP7D2ETGTGY","0.4996500","0.0000000","0.0000000","true","64171933","accounts-0002.json","64211138","2026-08-31T16:00:46Z"
"GBHQVXOQ5VGVCVQEY3G2TUJ642UGCBXCCH4HGWTPQBBM4AT5MCAEYXPG","0.0000000","0.0000000","0.0000000","true","63377757","accounts-0002.json","64211138","2026-08-31T16:00:46Z"
"GBHYCV7DRS3GTFZYTW4MTHMBKRJJSZKV7LSCAERQQKUHZRYBW34FGUE4","0.0000000","0.0000000","0.0000000","true","64042351","accounts-0002.json","64211138","2026-08-31T16:00:46Z"
"GBHZDXMOR65T3U77QDNAYS7LPKSJLHDJPZNAF53SHZEIKUQK7D6LXPDM","0.0000000","0.0000000","0.0000000","true","64206465","accounts-0002.json","64211138","2026-08-31T16:00:46Z"
"GBI4ULKLKLOG7P3BMHWUVY4OZ54BAQVXWSAXPXMI3FU5YPSXBLP6HEL6","0.0000000","0.0000000","0.0000000","true","63617345","accounts-0002.json","64211138","2026-08-31T16:00:46Z"
"GBI5YF7FHGKW65VARGAKRFHBMZDSEHJ43BW3LM4OHI6TB64XZABYMX2H","0.0000000","0.0000000","0.0000000","true","63381786","accounts-0002.json","64211138","2026-08-31T16:00:46Z"
"GBIELLPDQIKBSYNTC5XPUDUOJ3YHNDW3ZBSYCKYDKWT3PQY24I2AFZIL","0.0000000","0.0000000","0.0000000","true","64171960","accounts-0002.json","64211138","2026-08-31T16:00:46Z"
"GBIGPYSY64GXPHAU4VCTR4OHTE7TPWNO2G4CIXKJGDGYJSMY65PUIYPZ","35.8826215","0.0000000","0.0000000","true","63580451","accounts-0002.json","64211138","2026-08-31T16:00:46Z"
"GBIIQ4BDCWCXGID5DM5ZDEROYF67CW6JERCWWSWIFNVFYGS6RFCDC2NR","92.2517015","0.0000000","0.0000000","true","63580356","accounts-0002.json","64211138","2026-08-31T16:00:46Z"
"GBIIUZH63Z262QXGKJIP3ZU5DS7L4L2TBTYGPXRIGQXZAF25A72YNULL","231.1386629","0.0000000","0.0000000","true","64110217","accounts-0002.json","64211138","2026-08-31T16:00:46Z"
"GBIKKVFEFK7Q3XFSUCK24J6C6AM64WDT3HQABUAPMZLIGDWU4PTROJ7X","0.0000000","0.0000000","0.0000000","true","63592997","accounts-0002.json","64211138","2026-08-31T16:00:46Z"
"GBJ54IXLMZI25UPQ4OQJQ2IK7U7KKJWZPAQITRKIRY5YVCV5KWROWWNF","0.1600069","0.0000000","0.0000000","true","63581258","accounts-0002.json","64211138","2026-08-31T16:00:46Z"
"GBJE5TYPXWYZVQ6SZOSDCGUL4WVG4KPB6R32HTDFKJNPJGBPTNCTOG77","1.1829086","0.0000000","0.0000000","true","64179468","accounts-0002.json","64211138","2026-08-31T16:00:46Z"
"GBJG4ML5OIDFJDPIHFTB6RP3AIFLAPZAUHQMA5F67QZASDX4XXDPGUIZ","0.0000000","0.0000000","0.0000000","true","63893017","accounts-0002.json","64211138","2026-08-31T16:00:46Z"
"GBJMBQ57V7BREXTTEJ6LDXCJ3W4Y6DKWY6CMD6T2IYMYRX7TLSQV3H47","1.6869404","0.0000000","0.0000000","true","63735874","accounts-0002.json","64211138","2026-08-31T16:00:46Z"
"GBJME7JEOXEGUXJC64PEWZS3QZXAV5YZQEIMBSIBFQEVYRLO55KF5C26","0.0000000","0.0000000","0.0000000","true","64200052","accounts-0002.json","64211138","2026-08-31T16:00:46Z"
"GBJN3YIWMAC6RCSHM553QOISG5PRNLESS5HQZLIXYXNM2GN3SHSSAMZ2","3.7246483","0.0000000","0.0000000","true","63807765","accounts-0002.json","64211138","2026-08-31T16:00:46Z"
"GBJN4YWKA5OAOX2CTOSRR5DGUHS773L5IAKXD4J6MQVGXV7CV7OSWS32","0.0000000","0.0000000","0.0000000","true","63561916","accounts-0002.json","64211138","2026-08-31T16:00:46Z"
"GBJSRORWB2OMFY4FPCHVO4OLEHHQ4YU6Q3YLJADKGOAFRNHR2QQB6775","0.0000000","0.0000000","0.0000000","true","64210575","accounts-0002.json","64211138","2026-08-31T16:00:46Z"
"GBJVFNHCXF5Y6CUUZELAVNKISAZJYHRWFEMH6MTBSWBYSWZ35KQL5K6O","184.2710753","0.0000000","0.0000000","true","63580295","accounts-0002.json","64211138","2026-08-31T16:00:46Z"
"GBJWZDBY2Z5PLSNW2X5NQYB54BRKF5GUYRCRXOP4ALNGMABOIJLOUKGN","0.0581966","0.0000000","0.0000000","true","63581304","accounts-0002.json","64211138","2026-08-31T16:00:46Z"
"GBJXZPTSL4OMWZOELUALE74KQEVBE46M2VTS4JFNOY7YAREXNAVRG7YU","20.0000000","0.0000000","0.0000000","true","63580489","accounts-0002.json","64211138","2026-08-31T16:00:46Z"
"GBJY7AY5GIEINQXU5W2NBFEMGTFOTB2OTNCCMKSLVIDXS3DMHG56I6XN","10.1506114","0.0000000","0.0000000","true","64092282","accounts-0002.json","64211138","2026-08-31T16:00:46Z"
"GBK7CBZXSOCCABUUH6MXJO6WU53KHYCXL2RESVI66GGXYDTO26ACTN73","0.0000000","0.0000000","0.0000000","true","63591550","accounts-0002.json","64211138","2026-08-31T16:00:46Z"
"GBKBRFJU5XJ4UQ4XYQ7D7YME4JAP43N4SMRZ3TYRBFLD4MOHCQSLITCU","0.0000000","0.0000000","0.0000000","true","63406817","accounts-0002.json","64211138","2026-08-31T16:00:46Z"
"GBKEOMPKIWSSGEXIM7DSNFR7FIMW52IDUTVXNJO5SGHJPL36JT56OFCT","1.0920306","0.0000000","0.0000000","true","63581091","accounts-0002.json","64211138","2026-08-31T16:00:46Z"
"GBKFSABIVUJCSTF7TQRUYZ5KPVSK5Q2HZDSXRGDFGKS6JU2NGZ5HQWH3","0.8493392","0.0000000","0.0000000","true","64171112","accounts-0002.json","64211138","2026-08-31T16:00:46Z"
"GBKITIPE6HQMAXJ2PF4HE2MVDQLRJM3P6UTY7HVZEJANC5TP3BFYKLDY","0.0000000","0.0000000","0.0000000","true","60720126","accounts-0002.json","64211138","2026-08-31T16:00:46Z"
"GBKM2YMDONW2XPZH5PJXVDFKC4U4AXRV4TZXP53YSAJPA6ZWGCJ7YGVZ","4.0999219","50.0000000","1.0000000","true","64209008","accounts-0002.json","64211138","2026-08-31T16:00:46Z"
"GBKQGIWDZO43356RLMWYGGR2QP22PNBLXU7OEERIP3QFKCWO6UQYACQ6","0.0000000","0.0000000","0.0000000","true","63924836","accounts-0002.json","64211138","2026-08-31T16:00:46Z"
"GBL4QVIVPNF226OOGFBTV42NISZLLOREXGZXV7SHXDI3CFUAIUNB2EJV","3.0000000","0.0000000","0.0000000","true","64114946","accounts-0002.json","64211138","2026-08-31T16:00:46Z"
"GBL6WGBCKBVKYTS3BPKGB64C4ENPF65K4G63HZWY7Z6JHJZODZT2IZL3","2.0020790","0.0000000","0.0000000","true","63942621","accounts-0002.json","64211138","2026-08-31T16:00:46Z"
"GBLCLCSHVTHBCTIB2VSCR4CDP34S2H4K7MEWP7ZRQBWXELHQOSGB2HHF","10.0000000","0.0000000","0.0000000","true","63780267","accounts-0002.json","64211138","2026-08-31T16:00:46Z"
"GBLF3NPJ2ZYFUP46EPIZEDKT6JIXPUNZRUZ5UZ2OWMI675ZGSVI37WBZ","0.0000000","0.0000000","0.0000000","true","63394606","accounts-0002.json","64211138","2026-08-31T16:00:46Z"
"GBLHD2TDVBKSHZO6DRLK6VQ5LCWDDTGE4BS4MDISKRYB2XNJEG2HI263","0.9406982","0.0000000","0.0000000","true","63581144","accounts-0002.json","64211138","2026-08-31T16:00:46Z"
"GBLKUBEVO32TVGPMCOVD4YC3CYXRSAELNHFUZNBDKC2UAMMCKPACRYFJ","243.2384427","83.6657160","215.8723186","true","64210369","accounts-0002.json","64211138","2026-08-31T16:00:46Z"
"GBLOKLZGPB56VZDBAQHOWG2ZNG2GTERN7CYJBQILXVA3OUGNGV33O57M","0.0000000","0.0000000","0.0000000","true","64112316","accounts-0002.json","64211138","2026-08-31T16:00:46Z"
"GBLSAQRTBWB3KHXXSQPE6LDHICTYD4NTK6RGUNG3U6APHDV6WDYMJT5H","0.0000000","0.0000000","0.0000000","true","63799262","accounts-0002.json","64211138","2026-08-31T16:00:46Z"
"GBM2EL445PUUKYTGVOMVHFWK4TSGALYNTU4ASXNQVMR3UW3M426SKCIX","0.0000000","0.0000000","0.0000000","true","63390728","accounts-0002.json","64211138","2026-08-31T16:00:46Z"
"GBMAXBRFLPCSQXOXGANVY6PIFSDGB5HPJKUQLWJRB7BCJM4CC7UBLT7U","0.0000000","0.0000000","0.0000000","true","64183474","accounts-0002.json","64211138","2026-08-31T16:00:46Z"
"GBMB6UD6NC2MSGY7H4LLJSDY7QT4GEWSWCBIIG2XC37G3KUV2D53Y5FA","0.0000000","0.0000000","0.0000000","true","64196296","accounts-0002.json","64211138","2026-08-31T16:00:46Z"
"GBMCZSTEYZ7ZLMJSP2OPJIRQIF2ZIP3IOBGNNIAYYMXWWGVBMU7CJ4KG","0.0000000","0.0000000","0.0000000","true","63315674","accounts-0002.json","64211138","2026-08-31T16:00:46Z"
"GBMD2QMBHQGVT3HL47VLVBG6DMOSZF3BWUNG7TDYFWQC6SSW5GIMEPSH","0.0000000","0.0000000","0.0000000","true","63591887","accounts-0002.json","64211138","2026-08-31T16:00:46Z"
"GBMMYPWILFTPY5GCZ5Z63DP6Q72SUKB46E3VORXUDN2WI267O43LKF6O","0.6334960","0.0000000","0.0000000","true","63581177","accounts-0002.json","64211138","2026-08-31T16:00:46Z"
"GBMN2VZ3BPJZRKTGIEOLXMJVC54P5KRGR2Q6QL4M62HTLXG553CANMLI","0.0000000","0.0000000","0.0000000","true","63592369","accounts-0002.json","64211138","2026-08-31T16:00:46Z"
"GBNC34GPKMWBUUNBLWO2QJGPCO665SYGT76ZL7TI4YCM6RVLHTGCYM3W","18.7886219","0.0000000","0.0000000","true","64051358","accounts-0002.json","64211138","2026-08-31T16:00:46Z"
"GBNE3YOZA2FVMTOBNHZDHAOBLB6B3CW2LHIM3MPJAIVRT4DFBWNDA2WD","0.0000000","0.0000000","0.0000000","true","63592885","accounts-0002.json","64211138","2026-08-31T16:00:46Z"
"GBNIFTOHPFEWI52YH67LJTBDXQI26QE4ER6DPH4EUD45ZALD7CEH6T3T","0.0000000","0.0000000","0.0000000","true","63407957","accounts-0002.json","64211138","2026-08-31T16:00:46Z"
"GBNLDJPO3QP4TOCJ7NEANH4B62IGBONUF3NMSZMCLKTXM6OX6MQVKV2W","0.0000000","0.0000000","0.0000000","true","63722080","accounts-0002.json","64211138","2026-08-31T16:00:46Z"
"GBNN4FPLDO7A6EDRBEVRJAEYEWOJNQMKT4EF6SD5POYACHZNNQWDVMUE","0.0000000","0.0000000","0.0000000","true","63028893","accounts-0002.json","64211138","2026-08-31T16:00:46Z"
"GBNTVGPT7LNCMBSS7Y26JS5LMBLZYJEWKOUWOCPXMJDBOPGRJYWKWHA7","0.0000000","0.0000000","0.0000000","true","64167687","accounts-0002.json","64211138","2026-08-31T16:00:46Z"
"GBNYFVDPFRTXKOZLHF2FR3NUFPFLZRCMRC2OL7XO5KSVD4YPYPWZ5FMB","1.8675569","0.0000000","0.0000000","true","63671648","accounts-0002.json","64211138","2026-08-31T16:00:46Z"
"GBO7VUL2TOKPWFAWKATIW7K3QYA7WQ63VDY5CAE6AFUUX6BHZBOC2WXC","0.0000000","0.0000000","0.0000000","true","63069351","accounts-0002.json","64211138","2026-08-31T16:00:46Z"
"GBOC3LAOXWDST22WQVOBFGEKLSZANLLM5L63BZYG55IYEWQVGIH42RWW","0.0000000","0.0000000","0.0000000","true","63394798","accounts-0002.json","64211138","2026-08-31T16:00:46Z"
"GBOKD5UJ2P35XMFCW5FO76XID2BWCYBY6MQSWOLEGRCJFJUHIAZMTFTU","0.0000000","0.0000000","0.0000000","true","63771063","accounts-0002.json","64211138","2026-08-31T16:00:46Z"
"GBOZSN5ZS4GGTZXAB63P5Z4O76TEXHNRRTHGJFVBKPB5CBIKF3U3SKE5","0.0000000","0.0000000","0.0000000","true","64136185","accounts-0002.json","64211138","2026-08-31T16:00:46Z"
"GBP4D3NFHGFIOPET3WC5E3ZZXFZ3ZWCSXSPWK6KQY7OD4RB6YVNZH2IT","0.0000000","0.0000000","0.0000000","true","63592353","accounts-0002.json","64211138","2026-08-31T16:00:46Z"
"GBPEG3ID3RDOJUTABH6J7A2DUSMPEJQN5KCISWZCHVEEIQCLHVKJHQAZ","0.0000000","0.0000000","0.0000000","true","64193328","accounts-0002.json","64211138","2026-08-31T16:00:46Z"
"GBPFB6XNLDMXQKOFJAH6IRTOMTEUU4ZWFHNRMYWZNXCZEDNE6UU66WSG","0.0826712","0.0000000","0.0000002","true","63581285","accounts-0002.json","64211138","2026-08-31T16:00:46Z"
"GBPFUT76CUQTILFAOSTQ2PRFHIVQDG4PJESPM6DSFBZF56X5E5ZRYDAD","0.0000000","0.0000000","0.0000000","true","64042272","accounts-0002.json","64211138","2026-08-31T16:00:46Z"
"GBPWIBQSLW72TTTBZTP7XQGLBIHNP5MU5GCJR22FL444GUD7UOIRRLEG","0.0000000","0.0000000","0.0000000","true","64182492","accounts-0002.json","64211138","2026-08-31T16:00:46Z"
"GBPXGF5FNW3DQ5UKTNXJA4WMUVZJLLM2XCKBQ2JP7C2PB3ABTX7MQJOJ","0.0000000","0.0000000","0.0000000","true","63592223","accounts-0002.json","64211138","2026-08-31T16:00:46Z"
"GBQ5UIXSXCZDDV6NWP3YTJDXSGGR35ZINHBZKM7JHWO3PPYYQ2KCHVTE","0.0000000","0.0000000","0.0000000","true","64080849","accounts-0002.json","64211138","2026-08-31T16:00:46Z"
"GBQ6OPMCJ5RPGM5YTKBOHYQXDTGMFXILQTDYVGXHDNMO4D5PO5GLE77G","0.0000000","0.0000000","0.0000000","true","64181609","accounts-0002.json","64211138","2026-08-31T16:00:46Z"
"GBQ7UCG6ZSPOVRGBT52EOURZT3YGBXRNPUJHXG64ACR25H5LD2PPMJ5H","0.0000000","0.0000000","0.0000000","true","63940420","accounts-0002.json","64211138","2026-08-31T16:00:46Z"
"GBQEDSWD4F25EVAUKFIYGZHELA44ZCCG3EWKTTPIKHUBDEPPZG2BMS37","2.5561580","0.0000000","0.0000000","true","63740024","accounts-0002.json","64211138","2026-08-31T16:00:46Z"
"GBQPDBTU6Z6COF3AYFJNH3PWGN2I6T2LT6BN2W362IBVICJCCACIFEJ6","0.0000000","0.0000000","0.0000000","true","64137702","accounts-0002.json","64211138","2026-08-31T16:00:46Z"
"GBQRFFITCQTPNZWOI4IREE3LYHL3QIT6WUFD5B7LLVT4HNX6LCQORDV7","0.0000000","0.0000000","0.0000000","true","64042333","accounts-0002.json","64211138","2026-08-31T16:00:46Z"
"GBQTCORGHWEHFYVZ446LXZCKOOFGQYSZUFVQ6ZVB573ZWVNN7EFAMOPP","0.9416163","0.0000000","0.0000000","true","64042295","accounts-0002.json","64211138","2026-08-31T16:00:46Z"
"GBQUZEKQI5U3Y7VFGEJRPEEZBMGZWIDVX5QP3ZGQQ7DLMPJZLEMUBQ7I","2.8588106","0.0000000","0.0000000","true","63873031","accounts-0002.json","64211138","2026-08-31T16:00:46Z"
"GBQWTCLSB7DDOTWJDPKR6M565G27FWZ5KZ7UFEA6JH3L44MWBSDP7SWP","0.0000000","0.0000000","0.0000000","true","63855228","accounts-0002.json","64211138","2026-08-31T16:00:46Z"
"GBQWZCV4MKEQD4TQBASV4RTU4HHZWTC5F55HHGIJQ54ZVGCCL322QLIS","0.0000000","0.0000000","0.0000000","true","61925462","accounts-0002.json","64211138","2026-08-31T16:00:46Z"
"GBQZJG4OCET7SV56I6IPBHGQAZBVRZBXP4BAS6ICCP56M32S23TQLKII","0.6778247","0.0000000","0.0000000","true","64194970","accounts-0002.json","64211138","2026-08-31T16:00:46Z"
"GBR42WC7PKYDU47ONPWFOW6R6KR44VSYO36H2J4OS4S4WROIRR3DDETS","0.0000000","0.0000000","0.0000000","true","64042387","accounts-0002.json","64211138","2026-08-31T16:00:46Z"
"GBR7SUSXJRDNVVF3TABKBQUUSSLFJU5EF4CO3RPOUGW5VHXTCP3G6HAH","0.0000000","0.0000000","0.0000000","true","63408779","accounts-0002.json","64211138","2026-08-31T16:00:46Z"
"GBRBSFLPA4I2RHNK5TQPJDSLZ2ATWDZ6V2JKKVLUKLBOLLRRY4SMENWI","0.0000000","10.0000000","0.0000000","true","63408000","accounts-0002.json","64211138","2026-08-31T16:00:46Z"
"GBRIKB6AGG5JMSXHICKABF35FDU3T3QBZNRQARODRC52DBH7JSYS3MZM","0.0000000","0.0000000","0.0000000","true","63409634","accounts-0002.json","64211138","2026-08-31T16:00:46Z"
"GBRLNMTBLN6R3IXCBDMBQD3YRBJ5LE375TTJDXNJJ3C23RF55PENWII5","0.0000000","0.0000000","0.0000000","true","63592305","accounts-0002.json","64211138","2026-08-31T16:00:46Z"
"GBRLPUMOKMOXI7CEVI7WHM3F2Z677HPBK4QNPTQPQPAGXWWV2Q3PT5ZS","15.3299576","0.0000000","0.0000000","true","64209061","accounts-0002.json","64211138","2026-08-31T16:00:46Z"
"GBRME5ALON3NA5MDBYRQZCF4RJ6TYCERCJ56BXQG6OEWDT6RCNUIVR4A","19.4006379","200.0000000","0.0000000","true","63580492","accounts-0002.json","64211138","2026-08-31T16:00:46Z"
"GBRPA5CZ6BWDYJWFYOL2FL5DJS75OGTH2LPWB6URPZDYRMLOFIH7EV3P","0.0000000","0.0000000","0.0000000","true","64127197","accounts-0002.json","64211138","2026-08-31T16:00:46Z"
"GBRPP67JH5FMBY73TN2EA55R4OQON232RFY6QQ7326JJ2CAWXX72UIUG","12.0746736","0.0000012","0.0000000","true","64209009","accounts-0002.json","64211138","2026-08-31T16:00:46Z"
"GBRYJELW7AINM7SD3UFJ2OHAFFMEQNTJNTV5B5VOKODG2LBFOLL3FMUX","0.0000000","0.0000000","0.0000000","true","63797237","accounts-0002.json","64211138","2026-08-31T16:00:46Z"
"GBRZDQYNU3X2JFCNM7AAKYX3OAOITOCOIWR3YH7V5ZQRIIG2EFUB464V","0.0000000","0.0000000","0.0000000","true","63592194","accounts-0002.json","64211138","2026-08-31T16:00:46Z"
"GBS52D5XC6WXQFF43GCXTYFH53PPZLUZGRBISL7W773YCSZ6PVH3SUND","0.0000000","0.0000000","0.0000000","true","63591531","accounts-0002.json","64211138","2026-08-31T16:00:46Z"
"GBSDCYKI4LPWWLDC7G33K6FVSIXITVH3ZQQ3XUJMAYJRO5WILFS2LY5H","0.0000000","0.0000000","0.0000000","true","64060599","accounts-0002.json","64211138","2026-08-31T16:00:46Z"
"GBSDXR7QOSTQI46MIEPK2UNLPZOM5CC5DMQQXKES6EFGSQ26ZJMAFHAV","0.0000000","0.0000000","0.0000000","true","63765033","accounts-0002.json","64211138","2026-08-31T16:00:46Z"
"GBSITKJ7UGCZJCAMWNS5MRT33TEPITQRBR7FTRXVT7LZU26MYOA7UIQK","0.0000000","0.0000000","0.0000000","true","63813585","accounts-0002.json","64211138","2026-08-31T16:00:46Z"
"GBSN726CGQF4CY3WLUZWYTRYEJ6HVOLS7N4V6NOJDNJ2K5ZI5AIYYDGI","0.0000000","0.0000000","0.0000000","true","63436681","accounts-0002.json","64211138","2026-08-31T16:00:46Z"
"GBSXVLCT6ENYLVZJHKZPM2Z7PLFAAI5UOEECOYVJ6AJ5S5ZAB4C2J5NB","0.0000000","0.0000000","0.0000000","true","64042396","accounts-0002.json","64211138","2026-08-31T16:00:46Z"
"GBSYZQFWRQYATCRHREJ5HE55DK6DQU26QSPCBSOHM2YILGOLFYZNNQSV","46889.9441205","0.0000000","0.0000000","true","64133873","accounts-0002.json","64211138","2026-08-31T16:00:46Z"
"GBSZ7YCVSYBYEZBXAIJAWWPAQGELMRYXTRLQ55Q6PLLYN6THJQGQUSCB","0.0000000","0.0000000","0.0000000","true","63847128","accounts-0002.json","64211138","2026-08-31T16:00:46Z"
"GBTCIFMWQ63FIYT7D6Z7FT77IFWEPOXNHCIWLQIZI2K5O4NKCLMY6XH7","0.0000000","0.0000000","0.0000000","true","64205060","accounts-0002.json","64211138","2026-08-31T16:00:46Z"
"GBTK7K4O6CJLYWENDOLKCUQLKC3ANHNJJCRXLZJNBLFODJJWRBNLPPJS","0.0000000","0.0000000","0.0000000","true","63716505","accounts-0002.json","64211138","2026-08-31T16:00:46Z"
"GBTPXHS5DWYPS3IKQJ35MWZPIYCMV6PRWDAPPA3SD5CT3GQKBJRHRDXT","0.0000000","0.0000000","0.0000000","true","63395013","accounts-0002.json","64211138","2026-08-31T16:00:46Z"
"GBTV3FS3D7ILYPWUKSXAJZQ5OHNZ5VKEOKIXC3DWTUFHCBHXSLRBAU55","0.0000000","0.0000000","0.0000000","true","64186838","accounts-0002.json","64211138","2026-08-31T16:00:46Z"
"GBTYAFHGNZSTE4VBWZYAGB3SRGJEPTI5I4Y22KZ4JTVAN56LESB6JZOF","0.1558265","0.0000000","0.0000000","true","64042344","accounts-0002.json","64211138","2026-08-31T16:00:46Z"
"GBU764PFZXKZUORAUK3IG36Y6OXSLYM6ZERLJA2BZ2Y2GSKNKWL4KKC5","0.0000000","0.0000000","0.0000000","true","63653613","accounts-0002.json","64211138","2026-08-31T16:00:46Z"
"GBUCQSJ6KRXW4PPVHM3Z2NZLEZ6GELEWQTICNC2NE7DI7OCEBJS422JN","0.0000000","0.0000000","0.0000000","true","63394392","accounts-0002.json","64211138","2026-08-31T16:00:46Z"
"GBUCRBC7K33A6UKGHI2NQIFDZGOJCKXE3LJBXPNA7L5BR6JLSEFNXRDM","0.0000000","0.0000000","0.0000000","true","64008142","accounts-0002.json","64211138","2026-08-31T16:00:46Z"
"GBUCZSRLGA5MBYINFIQTB3RILKHNMV64BVQ67C5F7VXR2K7M33WUJP3E","26.9572142","0.0000000","0.0000000","true","63822659","accounts-0002.json","64211138","2026-08-31T16:00:46Z"
"GBUJ5BFKRSHADHMWVZGLQYMFVWMVAT2YGX2GMVJQSXAW3REJYDNLSNPP","0.0000000","0.0000000","0.0000000","true","63405632","accounts-0002.json","64211138","2026-08-31T16:00:46Z"
"GBURUXP3IF5HG6HGTTTW2HFRJGZTZPOVDFF3FISUARLTRBRN7OLTDQMV","0.0000000","0.0000000","0.0000000","true","64038760","accounts-0002.json","64211138","2026-08-31T16:00:46Z"
"GBUSXCDOAIQ67WOZNSZPVNXSQZRGQD42NXIQ6LOUV4236UFNFY6DOJDS","0.0000000","0.0000000","0.0000000","true","63695001","accounts-0003.json","64211142","2026-08-31T16:00:57Z"
"GBUT7ANZZ4KSIH5JR7WTJS4UQ5TLGSHA4PT4ANWZOEXT4IH7WNITC2TN","0.0336530","0.0000000","0.0000000","true","63581326","accounts-0003.json","64211142","2026-08-31T16:00:57Z"
"GBUYE2KT4YVBLBHO4SD4MFBAT2NZWTZKOIOFMFGRNEDUS76TDIYFAREU","0.0000000","0.0000000","0.0000000","true","63394325","accounts-0003.json","64211142","2026-08-31T16:00:57Z"
"GBUYHPB3M6XWW6HGBCOHHTAHKMZ5FUM2KDEVFLJEBNYMFJOAXRPWR34Y","0.0000000","0.0000000","0.0000000","true","63592850","accounts-0003.json","64211142","2026-08-31T16:00:57Z"
"GBUZ7BHRLQSBATYWRDJDLGNLX5ZOYAXR4JW53S6UGO5TEZHRQIX2CYR5","0.0000000","0.0000000","0.0000000","true","61400786","accounts-0003.json","64211142","2026-08-31T16:00:57Z"
"GBV6MXAZ35LGR7GQKGXV7QME7U3J6JG3J2YODSGZFNQWBSSRRH4V2THD","0.0000000","0.0000000","0.0000000","true","64209139","accounts-0003.json","64211142","2026-08-31T16:00:57Z"
"GBVJBSZFDMF5E4CWOI7X7HUGFXNCQ6B5ETIYCUPT4YKVDIVSKBMIAOVJ","0.0000000","0.0000000","0.0000000","true","64031045","accounts-0003.json","64211142","2026-08-31T16:00:57Z"
"GBVPXC6OOFZ7RYW5W6XFA5GQZVHT5BEXQLGFCTWVXI4XASTXES5GZYPZ","28.4833675","0.0000000","0.0000000","true","64202215","accounts-0003.json","64211142","2026-08-31T16:00:57Z"
"GBVQ5LDAWY3OOAUTXCRNAPUMW53JBPJP67A37WRETDSIO62WGZFFALNS","0.0000000","0.0000000","0.0000000","true","63271565","accounts-0003.json","64211142","2026-08-31T16:00:57Z"
"GBVSFBDOYLCET3746VAGRVHATPB52EIQQ3OIKFTQJYNZ5TW7B7UMKFRC","0.0000000","0.0000000","0.0000000","true","63592499","accounts-0003.json","64211142","2026-08-31T16:00:57Z"
"GBVTYRNWNBHWYIRW52XQQFWN6PD6BYC7EGDSPRYCJRU4WMJC5PHLAJYK","0.0000000","0.0000000","0.0000000","true","63951629","accounts-0003.json","64211142","2026-08-31T16:00:57Z"
"GBVVREJLETGADB4EE6CO7YKENQZYHYMERG4UFQ35DIE476LYT6TOYBL6","0.0000000","10.0000000","0.0000000","true","63765034","accounts-0003.json","64211142","2026-08-31T16:00:57Z"
"GBVYYKFF6RF67UNJR6UYWXHWLVYCZKZUMONHYORGJJ23XEAADYXFCJVS","0.0000000","0.0000000","0.0000000","true","64030422","accounts-0003.json","64211142","2026-08-31T16:00:57Z"
"GBW2JP3ZUDV64YG4NJYESSEP7UI4B33QBGLWYXQJ22LYJHVGEM6EOTVB","0.0000000","0.0000000","0.0000000","true","64123253","accounts-0003.json","64211142","2026-08-31T16:00:57Z"
"GBW36MFEODCM2LQZZISNZYPORB2CWMO3T7PN5FHSFDHIE6RVUD7LRN7E","0.0000000","0.0000000","0.0000000","true","63254396","accounts-0003.json","64211142","2026-08-31T16:00:57Z"
"GBWEHIWGW4SD45THPV7ANGWN5QPSGN3L7B2W6BB7AX5PW4EOECTFFZWQ","17.7045705","0.0000000","0.0000000","true","64111696","accounts-0003.json","64211142","2026-08-31T16:00:57Z"
"GBWUWAQ26NG72VHQAM73A2FF7KRJ4HXUDHW556D2UEUGAVPMWDRBJINQ","0.5051119","0.0000000","0.0000000","true","64211115","accounts-0003.json","64211142","2026-08-31T16:00:57Z"
"GBWV6LHW65XR2UZTAY4LCQG6QU7SHHC6N44FSLMWROO75GUPFD7WLS6T","0.0000000","0.0000000","0.0000000","true","64109346","accounts-0003.json","64211142","2026-08-31T16:00:57Z"
"GBX472CCG7QJINRL6TRNOHK5KR7QR7ORJSYFQAAPWR65UTE54GBRRBTT","0.0000000","0.0000000","0.0000000","true","64206758","accounts-0003.json","64211142","2026-08-31T16:00:57Z"
"GBX72VJCZCKKQLTB5PDDHVDAJZOYB5MUFRNPI4WNVY25MZDRTRQ3A6M3","0.0000001","0.0000000","0.0000000","true","64115690","accounts-0003.json","64211142","2026-08-31T16:00:57Z"
"GBXAQZ2DBYQCU26DWOHQR5UNGBG5JLT37LNNABSJGBQN2C7FXYUOQZGU","0.0000000","0.0000000","0.0000000","true","63907602","accounts-0003.json","64211142","2026-08-31T16:00:57Z"
"GBXDFOOEZCXNS54LGLCHZTF75UJF4VIPLARIPY5NBSTLJH5QCRQXOCNT","0.0000000","0.0000000","0.0000000","true","63395786","accounts-0003.json","64211142","2026-08-31T16:00:57Z"
"GBXEH7BN4TUSDWFW6D7PBGUNAETTHMTF637AZREQZOSNB333V2GTHADM","0.0000000","0.0000000","0.0000000","true","63392999","accounts-0003.json","64211142","2026-08-31T16:00:57Z"
"GBXI44GPI4Y57M6V5TMD2BRK3DY7FBN5IF6TJC2SLU2B7SY5VNV3LL7J","0.0000001","0.0000000","0.0000000","true","63599337","accounts-0003.json","64211142","2026-08-31T16:00:57Z"
"GBXJVNKTOIOKZUMU4Y7YOEYWZFSTQKZPWURYS7JGERR7IW5LGBWSGQTX","0.0000001","0.0000000","0.0000000","true","63581421","accounts-0003.json","64211142","2026-08-31T16:00:57Z"
"GBXOQPDIAXWUJTAEQTZPNSBXAUBSH3SXVJU4E4VNZKRCFHYTQYCM6FB7","0.0000000","0.0000000","0.0000000","true","64173783","accounts-0003.json","64211142","2026-08-31T16:00:57Z"
"GBXUDN6PCCLIF334RNKLKNEMSTJO3DISLBA2W5ZVO66FOTWRN6P5NQUB","0.0000000","0.0000000","0.0000000","true","63394858","accounts-0003.json","64211142","2026-08-31T16:00:57Z"
"GBXWI5JI7NOCHWSAIYDQI27KRJIMY4FTEPNCJXLYAQHD54IHRWXTHB7J","0.0000000","0.0000000","0.0000000","true","63830979","accounts-0003.json","64211142","2026-08-31T16:00:57Z"
"GBXWRSJXWQA6KBKQSKZVRCMJOUNUJUVJOKEX5P4PD7CHUXOD6SZ5PFYJ","0.0000000","0.0000000","0.0000000","true","63592185","accounts-0003.json","64211142","2026-08-31T16:00:57Z"
"GBXXRZAPKL4HIMFA5M36CXURXKT6CV5W6VTOHL5EYDYMB5V7J52RL4UI","0.5298634","0.0000000","0.0000000","true","64207175","accounts-0003.json","64211142","2026-08-31T16:00:57Z"
"GBY32WPA4O2T3VCZV4X4XDXK3TFBZFD2LB5M22ZPYISMMFL2MY5WFRSU","0.0000000","20000000.0000000","0.0000000","true","64095234","accounts-0003.json","64211142","2026-08-31T16:00:57Z"
"GBY5AALU4O6Y6TXKLRNPKIRTDLXMW4ONCXHHIMF5SCYYHCVKWZEDWSLB","0.0000000","0.0000000","0.0000000","true","64105290","accounts-0003.json","64211142","2026-08-31T16:00:57Z"
"GBYK4BJ37XVTR5M4KVVNK35XRRKNP6FSCUZ4E4OT56KYMJH3O34EDZBP","0.0000000","0.0000000","0.0000000","true","64119967","accounts-0003.json","64211142","2026-08-31T16:00:57Z"
"GBYMO3KZXGWTYBCFT3P6PPMX2YLGIL3DNIYAXEVMZO3WCRSTZ5OQMFHO","0.0000000","0.0000000","0.0000000","true","64043155","accounts-0003.json","64211142","2026-08-31T16:00:57Z"
"GBYOGRZWV57RC3SGJKLT5UL2JNXDJMEF5MIRJGFKRYKVC5R5F7MTVLHI","0.0000000","0.0000000","0.0000000","true","63493498","accounts-0003.json","64211142","2026-08-31T16:00:57Z"
"GBYPKHVP5PWPG5ZXKMD7E2TCEVXVHX3WG4YJHENE2FVCCRQRCWEWQ4OG","0.0000000","0.0000000","0.0000000","true","63397244","accounts-0003.json","64211142","2026-08-31T16:00:57Z"
"GBYSNAIP24MFOC4RRB43GON2BHKKZTVATJXIQXVERYFRV5S4XQ4LUNYE","0.0000000","0.0000000","0.0000000","true","63592171","accounts-0003.json","64211142","2026-08-31T16:00:57Z"
"GBYUCKHOXTMJTYSICYFHPNFZZM5MB3EGTVRLVA63SJJ3OUW7WH2SDMUU","0.0000000","0.0000000","0.0000000","true","63722107","accounts-0003.json","64211142","2026-08-31T16:00:57Z"
"GBYUVQXW3UITSDOO3R2DNQ6CZ5SOWPHCBZHS3F6IYCERDGQDALP4BOLW","0.7699935","0.0000000","0.7699935","true","64104148","accounts-0003.json","64211142","2026-08-31T16:00:57Z"
"GBYV75BHQFXWYF7BRWI35ZGRQVJ5KJVFIEW3BXPE7CWFEHP6KPP5IHAQ","0.2400000","0.0000000","0.0000000","true","63581239","accounts-0003.json","64211142","2026-08-31T16:00:57Z"
"GBYWCASO2F3TBQXAOOZCBRXTRPRRNQU5FIO3WQUX5VWHQTXX4VBTNKI4","0.0000000","0.0000000","0.0000000","true","63591641","accounts-0003.json","64211142","2026-08-31T16:00:57Z"
"GBYXD5SIVDGVIMV4WHRSSFIKED2FU7EY5PIVSLGTRWWFJP2MUJE7DS7J","0.0000000","0.0000000","0.0000000","true","64079969","accounts-0003.json","64211142","2026-08-31T16:00:57Z"
"GBYZV2INGIJC5GXN4FQAFTOB5RNLM274SRPHMH4SPHG2M7EZHLVTAPN3","0.0000000","0.0000000","0.0000000","true","63394853","accounts-0003.json","64211142","2026-08-31T16:00:57Z"
"GBZFR2UHPVIRLEUVDMACYWXB72S7XXG6WV7BIRTAQEEOXBN5YFFPB2TX","100.0000000","0.0000000","0.0000000","true","63765034","accounts-0003.json","64211142","2026-08-31T16:00:57Z"
"GBZX24YJNU5VTVVBBSGPJFTYHHEVP2SZ47ESEW2LGBXMQNCSIFPQJ676","0.0000000","0.0000000","0.0000000","true","63601476","accounts-0003.json","64211142","2026-08-31T16:00:57Z"
"GC2DEPEBRZM3N2HKAPU5PY5JSKSOJW4KZBUC3GHUNSYDOO4XHYOMKD5F","0.0000000","0.0000000","0.0000000","true","63380195","accounts-0003.json","64211142","2026-08-31T16:00:57Z"
"GC2DFMRSI6KHW5TBPFNX5TDCFQ3DHJOLUNUG664GYLLR5ZPAERXRVRUW","1.0351838","0.0000000","0.0000000","true","63581098","accounts-0003.json","64211142","2026-08-31T16:00:57Z"
"GC2KGFJQLYTIFEODUQDFO3ZR6RQNHY6PLT4NQNB32CBETQJWNB7ZPG2O","3.0159638","0.0000000","0.0000000","true","63580912","accounts-0003.json","64211142","2026-08-31T16:00:57Z"
"GC2NYW4BUX26C4I3SYW7BMBPHNVUXZ2LPIZIOZJXMFNBCLTCRAKX6XF7","0.0000000","0.0000000","0.0000000","true","63395686","accounts-0003.json","64211142","2026-08-31T16:00:57Z"
"GC2YM7ZWTKJ7STL272N2VESSRCEANUERDNTYNWDPMQHGTZLY2MC2UIXE","0.0000000","0.0000000","0.0000000","true","63765035","accounts-0003.json","64211142","2026-08-31T16:00:57Z"
"GC32SCQX7ORNXHAZ3RU4NJT3D6DZG2H7WVLQCPVJGLBMC2UNRX4KDH6T","2.0100000","0.0000000","0.0000000","true","63887746","accounts-0003.json","64211142","2026-08-31T16:00:57Z"
"GC35WD5OOYEXMT5FS6ESO3IASXJSFS3MFIO6ZPHZX7NRYIUSKC3FG2PV","0.0000000","0.0000000","0.0000000","true","63592426","accounts-0003.json","64211142","2026-08-31T16:00:57Z"
"GC37WJUQGARULQPK4EZ4JDR2TBF27XGUL6CIQ4JX5ADEP2C5CHY2GMA3","0.0000000","0.0000000","0.0000000","true","63326422","accounts-0003.json","64211142","2026-08-31T16:00:57Z"
"GC3ANYMOCBTEGM7HHR3JL6Y753XORFKHWK4TSTCIJ2PXOS7OWWW7LLON","0.0000000","0.0000000","0.0000000","true","63912593","accounts-0003.json","64211142","2026-08-31T16:00:57Z"
"GC3EXXBXSNDQEKTT426HYXB3AHWHVFENPJO5DTAGZFYM5VJXIPLOYCVL","0.0000000","0.0000000","0.0000000","true","63378145","accounts-0003.json","64211142","2026-08-31T16:00:57Z"
"GC3H7NUXQCHC26OO6JVTTYB5GNFNMWW5R47RZSDDCNYT7VV5WCXOBS5F","0.0000000","0.0000000","0.0000000","true","63393528","accounts-0003.json","64211142","2026-08-31T16:00:57Z"
"GC3IXK3OTKPRDPZL3ABTJJASLBZZOJFCKF7VTYWCZGLZOOQD4GV7HG5W","0.0000000","0.0000000","0.0000000","true","63401275","accounts-0003.json","64211142","2026-08-31T16:00:57Z"
"GC3PPPTBVBNALV7M5SRW4IPZSIXQL5WK2THCOEVO7KSXF3HIGVG7LIIO","0.0000000","0.0000000","0.0000000","true","63591731","accounts-0003.json","64211142","2026-08-31T16:00:57Z"
"GC3RZ3PQXLD6PPQ2E7CODTIAVITKAQML6NELEULN4WUBYQFXTFVJ6HKS","0.0000000","0.0000000","0.0000000","true","63393604","accounts-0003.json","64211142","2026-08-31T16:00:57Z"
"GC3UWHGX3BQ3JHLKYYXT647XE2YS66X27IWTZ32IMZVEL64HI3VOJDWR","0.0009383","0.0000000","0.0000000","true","63581374","accounts-0003.json","64211142","2026-08-31T16:00:57Z"
"GC3VSBHCU7DWPRAT2JCP5Z6RQ5P4APZZZG7SUMPJVHOOO3GFIAWYFMMS","0.0000000","0.0000000","0.0000000","true","63393375","accounts-0003.json","64211142","2026-08-31T16:00:57Z"
"GC3WSGHOJUHQD5B3FC2CG3HVU3N2QHK4QTASO7SMUH4IZCATHFP4XDA4","0.0000000","0.0000000","0.0000000","true","63592291","accounts-0003.json","64211142","2026-08-31T16:00:57Z"
"GC3XQ7GM6XO36MORCS2SRHHEC2G52FMO4FHPLKUG76EKMTF73ZRH4HWR","1.9770946","0.0000000","0.0000000","true","64211132","accounts-0003.json","64211142","2026-08-31T16:00:57Z"
"GC47CHUE6FQUX4OUYGXJOWWKEJRYSH47CKCAEPFVKAVIR53VHEAMH4A4","0.0000000","0.0000000","0.0000000","true","63846680","accounts-0003.json","64211142","2026-08-31T16:00:57Z"
"GC4BLCGKEQ4XIHYRLVEGIEENINEETQ2M7FJKTN7EI2PIJ6XXRA24UR42","0.0000000","0.0000000","0.0000000","true","63592981","accounts-0003.json","64211142","2026-08-31T16:00:57Z"
"GC4DYUVXWZMFK7VNBZ4N32JGKQDXQZFSY7PKLJX4AWSJYNUUUOQWJ7QU","0.0000000","0.0000000","0.0000000","true","63591969","accounts-0003.json","64211142","2026-08-31T16:00:57Z"
"GC4FZU3DSVSM4VKNBEVDCNNSA5PZ3OJQUGU3NW7S6KCQYZGPAIKYDHB7","1.1951039","0.0000000","0.0000000","true","63797238","accounts-0003.json","64211142","2026-08-31T16:00:57Z"
"GC4MTAPQBCMQTBNBF5NIQ2XEMPK2NMPG6EXK7WN4Y33IQEUGJBIATKYQ","239.4837727","0.0000000","0.0000000","true","63794018","accounts-0003.json","64211142","2026-08-31T16:00:57Z"
"GC4UKQDQ7ODOVTFP66W5PSX4ZOCW4ES5ILYEAFJBD66DNT2D7RVKRLGQ","0.0000000","0.0000000","0.0000000","true","63394903","accounts-0003.json","64211142","2026-08-31T16:00:57Z"
"GC4Y4CX622RWQBI6QI3B4HLJX2YOBC4LVLXATXK3O7J2Y2D223T3KYTO","4.7916979","0.0000000","0.0000000","true","63794018","accounts-0003.json","64211142","2026-08-31T16:00:57Z"
"GC52WISPMWPGO6XV72E3Q7IK7VTLJPT5YUQAJSIXNZPN2VMNXJ4ZAHCD","0.0000000","0.0000000","0.0000000","true","63493355","accounts-0003.json","64211142","2026-08-31T16:00:57Z"
"GC53A3C3D6MNVCO7Q2B4JMAWRB22SSMG4TENGG2QAUO2IUAPOJ7GBPTD","0.0000000","0.0000000","0.0000000","true","64121588","accounts-0003.json","64211142","2026-08-31T16:00:57Z"
"GC53M34UYQNSTQKXP7ERU2MGCIP4DGNBM25LROE7UNQEB3RH52T7LKD3","0.0000000","0.0000000","0.0000000","true","64109344","accounts-0003.json","64211142","2026-08-31T16:00:57Z"
"GC5SD2MCVCWPB4AF26ZJIR367XOIVV3JIMY2EZPHKEJGEUEX5XSMXWZA","0.0000000","0.0000000","0.0000000","true","64210932","accounts-0003.json","64211142","2026-08-31T16:00:57Z"
"GC66GURMI6PPYKOKEWILJO76GU2OADLYAZPETITTOJ7KU7QJJS5QBUE4","0.0000000","0.0000000","0.0000000","true","64196892","accounts-0003.json","64211142","2026-08-31T16:00:57Z"
"GC6B3A25U6BT4EVEFG2SWWUZWYGI3QU3D5JMHWRI5PCHTYXSXS5Q46DF","0.0000000","0.0000000","0.0000000","true","63284782","accounts-0003.json","64211142","2026-08-31T16:00:57Z"
"GC6IG2ZCUKXVPYEMYT7IO5IOTGJFTTKOZT66OYG6Z5UMHL5WYKJQDHV2","0.3448275","0.0000000","0.0000000","true","63780345","accounts-0003.json","64211142","2026-08-31T16:00:57Z"
"GC6TJHLFFOF4CSNROJSOIGGN7HSY3OFK3NICVJXIAVDNWGNTXKNRQFZR","31.4662481","0.0000000","0.0000000","true","64188974","accounts-0003.json","64211142","2026-08-31T16:00:57Z"
"GC74V2BCJLQBELCS6C5W2ZGUPN36ZUQFRA7ZDBGDVNYEO2CYMXP6PRS4","1.1730969","0.0000000","0.0000000","true","63953083","accounts-0003.json","64211142","2026-08-31T16:00:57Z"
"GC7CLM55R6TEGF3GPQGCSHRVRA2LU26M7XYGKFXQBRUCM6IQWR3OVKEV","0.0000000","0.0000000","0.0000000","true","63591646","accounts-0003.json","64211142","2026-08-31T16:00:57Z"
"GC7GF2XD64OLJFTYQAL3C6C24YFA37XC3MZAXKK7OSHTA26NB6QJHTSS","8.4551740","0.0000000","0.0000000","true","64202501","accounts-0003.json","64211142","2026-08-31T16:00:57Z"
"GC7IUIQ7R6NOIFNB4PYFNVYVNHSLJIULSWQTXG7UK33UTIC6NSZIW2BC","0.0000000","0.0000000","0.0000000","true","63780284","accounts-0003.json","64211142","2026-08-31T16:00:57Z"
"GC7QTPE3VFDLCVQYW5KCTM7UAXVFORZ5AQFQYEFKYDOQDQTUV3BGY2WK","0.0000000","0.0000000","0.0000000","true","63630304","accounts-0003.json","64211142","2026-08-31T16:00:57Z"
"GC7SPHPJGMGOHIFDGC4WDZQ67PYCNPE772LVQMMFDLW56OQQAAMLU74N","15.1180445","0.0000000","0.0000000","true","64197150","accounts-0003.json","64211142","2026-08-31T16:00:57Z"
"GC7XDUDS2XYTZGXX3AUGY7MIO4Z2DCEAOR4JYNH6BHPIJHHVV6Y4HMJA","0.0000000","0.0000000","0.0000000","true","64196665","accounts-0003.json","64211142","2026-08-31T16:00:57Z"
"GCA34HBKNLWN3AOXWBRW5Y3HSGHCWF3UDBRJ5YHGU6HWGJZEPO2NSXI3","0.0000000","0.0000000","0.0000000","true","63691753","accounts-0003.json","64211142","2026-08-31T16:00:57Z"
"GCAIQZGUZOWS6PWJUBGZBHF4UMOTFZKCBYZCYXS5CMJGEWMRXLZGP5CA","0.0000000","0.0000000","0.0000000","true","64138744","accounts-0003.json","64211142","2026-08-31T16:00:57Z"
"GCAJ2EDCDN3H3BQJGGNN2X3YDMEB5Q4ASXNTU2VMP4PT5CQL2V6ZF7RX","0.0000000","0.0000000","0.0000000","true","64187551","accounts-0003.json","64211142","2026-08-31T16:00:57Z"
"GCAMGAUKZJVEC5C3USEIF5DHJSIYDB7XQCE3J6VDRZSMO6RCIUYVUTP3","1.9620339","0.0000000","0.0000000","true","63780345","accounts-0003.json","64211142","2026-08-31T16:00:57Z"
"GCAPAQ4K2DY57JQNLIRIMISTQTLLX3AKRPOFNWNUXESLJ2CPMET4MOK6","0.0000000","0.0000000","0.0000000","true","63797238","accounts-0003.json","64211142","2026-08-31T16:00:57Z"
"GCAPZH4HFDH4BLHVL26J5I3DZ2RDY6CWJ6LIBOS4GEHABSM6FN65EPJA","0.0000000","0.0000000","0.0000000","true","64158278","accounts-0003.json","64211142","2026-08-31T16:00:57Z"
"GCASM67NXDYSSP5M65KRUNOCHTRDYHVI6IKE7JQXG5YOQAR6XIJZW43B","0.0000000","0.0000000","0.0000000","true","63972038","accounts-0003.json","64211142","2026-08-31T16:00:57Z"
"GCAZVY4IIKRWS5LLD2RE3DV3QWY636WOCQ5NLN2UNEZNPHFVGNRHQQF3","0.0000000","0.0000000","0.0000000","true","64199031","accounts-0003.json","64211142","2026-08-31T16:00:57Z"
"GCB2NJ22PJVDRQ4WNGYD2TC2LITRULHGLG5TG6NWBIPQO64JE7OS465W","0.0000000","0.0000000","0.0000000","true","64150175","accounts-0003.json","64211142","2026-08-31T16:00:57Z"
"GCB426VZ6DYX576HLZTA2X2C3CJT6ZDFNHCIIULPZYUNWC55QRFOFEI4","0.0069192","0.0000000","0.0000000","true","64032557","accounts-0003.json","64211142","2026-08-31T16:00:57Z"
"GCBBYQ3ILA4PSRAGAFS5NLTEHEKAPYFJCWBVUZQC5KB5G4YYS5OU7FA6","0.0000000","0.0000000","0.0000000","true","63394610","accounts-0003.json","64211142","2026-08-31T16:00:57Z"
"GCBDC5AVPZEOSO3IAASQZSVRJMHX3UCCZH5O7S53FPZ636LQ5RHEW65H","0.0008261","0.0000000","0.0000000","true","64122943","accounts-0003.json","64211142","2026-08-31T16:00:57Z"
"GCBRIXNKI3FNK6ZPXMF3N7S6LTTTHJRCEA7C3GPF2VDDWVQANJWF72PC","0.0000000","0.0000000","0.0000000","true","64207845","accounts-0003.json","64211142","2026-08-31T16:00:57Z"
"GCBVC3T3VXJUTQZX4TVCFPO354PP4JY63FFAOIGP7CXCKJ7MA7XBJ3F6","3.0000000","0.0000000","0.0000000","true","63580918","accounts-0003.json","64211142","2026-08-31T16:00:57Z"
"GCBY2WMY6WUBWMG75TM5OBGVJJHABRW44CF4FIQWXG5VBCXNK4L4W2NJ","0.0000000","0.0000000","0.0000000","true","63378190","accounts-0003.json","64211142","2026-08-31T16:00:57Z"
"GCCPLF6JZDW3SNDAHHEFQ2BQY326NTPN6SMQYLIIX2LALI5MQPADXRSA","0.0000000","0.0000000","0.0000000","true","63193032","accounts-0003.json","64211142","2026-08-31T16:00:57Z"
"GCCPS7PGVN7MGNJXNI223EZO7L5GSWLTB72KL2JEZB35DW7JR45FAA2Q","0.0000000","0.0000000","0.0000000","true","64109341","accounts-0003.json","64211142","2026-08-31T16:00:57Z"
"GCCTRWWBKRJYWVINAQ7JNSAIXHARTXJW4UTOCGNOPTG4LIIZK4CGNCIS","0.0000000","0.0000000","0.0000000","true","63762282","accounts-0003.json","64211142","2026-08-31T16:00:57Z"
"GCD2YBXJBYZ6YNBM3AKZYGNM3Z6ZR4HJHZFI6RJ7QLEBRMH4KNAV4K5S","0.0000000","0.0000000","0.0000000","true","63425554","accounts-0003.json","64211142","2026-08-31T16:00:57Z"
"GCDHWOENAHIQOJYQG3UARPBM2OG6NZURO2NP6MD55AYYHNFBTJJVU336","0.0000000","0.0000000","0.0000000","true","63591589","accounts-0003.json","64211142","2026-08-31T16:00:57Z"
"GCDI23VEHK3GQ25JMGCHNGQFICU5GKYMJVNMVDIG3KJDEWGKJZVDQC7H","5.0000000","0.0000000","0.0000000","true","64145868","accounts-0003.json","64211142","2026-08-31T16:00:57Z"
"GCDLHSFOI2APUQJIA6GNODLWWNO6W3H2AHEBNRUGI4VHFBL3SNM5DRD7","0.0000000","0.0000000","0.0000000","true","63780268","accounts-0003.json","64211142","2026-08-31T16:00:57Z"
"GCDMB3C4HKCN6WOPRSHEYU73RTN3NBYWBA3QHJM5HLWZTR6CZ7GIAYZY","8.0000006","0.0000000","0.0000000","true","63754317","accounts-0003.json","64211142","2026-08-31T16:00:57Z"
"GCDSDJIXYQCF36LHCBQJTNSFZHSWYFWERW6A6ANTRSCTA4E2OHXLK5B6","0.0000000","0.0000000","0.0000000","true","63812520","accounts-0003.json","64211142","2026-08-31T16:00:57Z"
"GCDVEPSWD3XTVHTP5AWSPPSIKPSPEVZPIG2KIL6EEKLGOM5XBK23FUXW","5.3258375","0.0000000","0.0000000","true","63580853","accounts-0003.json","64211142","2026-08-31T16:00:57Z"
"GCDWIOVYXWKOH4QZMT72ULJBS6O6CJUSNRGN3XNAAYFWXEP2J4IDTYGT","0.0000000","0.0000000","0.0000000","true","63394097","accounts-0003.json","64211142","2026-08-31T16:00:57Z"
"GCEIAXDIXNA6CNKJA37CI7FQLLLYXS3ZRYC5GEVO37V3XEKLJEHZOHQ5","0.0000000","0.0000000","0.0000000","true","63592553","accounts-0003.json","64211142","2026-08-31T16:00:57Z"
"GCEOEYCVBINO76KGSYWIES7LZQFIKALGWKT6PWUOUWOC3I3T7B4G6G4N","0.0000000","0.0000000","0.0000000","true","63591861","accounts-0003.json","64211142","2026-08-31T16:00:57Z"
"GCFWLSASTPE6LX5D3G7EB3A5SUEUYZWT6IPAPKQBGWIFHU74NXTEVKAN","6.4968935","0.0000000","0.0000000","true","64055332","accounts-0003.json","64211142","2026-08-31T16:00:57Z"
"GCG5XRQF7KOVT47RNWBHOPP2QJCNRCWDRXQ64SC7T7K5AGC5WHR4B4IK","0.0781205","0.0000000","0.0000000","true","63581288","accounts-0003.json","64211142","2026-08-31T16:00:57Z"
"GCGH6CSBAITLT43F6DPV2U4Q6FPVVOD3W7SJNT2FBIXSAFCFX5FCJFGV","0.0000000","0.0000000","0.0000000","true","63797239","accounts-0003.json","64211142","2026-08-31T16:00:57Z"
"GCGOHKJZYGYQDPR7YDP4V2L3AWOI25CXCVHT72U5P6ZPRWHBBJN34QLJ","0.0000000","0.0000000","0.0000000","true","63797239","accounts-0003.json","64211142","2026-08-31T16:00:57Z"
"GCGSPCPXHEODUQ75LNMNINGUQJ3LWND2G6SFFQOW4JWZ2HP55FWO7EHM","0.0000000","0.0000000","0.0000000","true","63591535","accounts-0003.json","64211142","2026-08-31T16:00:57Z"
"GCH6D4JOCPKSUHKTDSBTOT3BE5UDZ4V4RCVGOVBKY2TUQO26SGUMTPXG","5.1344689","0.0000000","0.0000000","true","63677189","accounts-0003.json","64211142","2026-08-31T16:00:57Z"
"GCHMCR7NIWFRYJFTLPCWUP3DDJP2C6SPM5PAAFPEIIRL72ZJQYYYF5UZ","0.0000000","0.0000000","0.0000000","true","63395565","accounts-0003.json","64211142","2026-08-31T16:00:57Z"
"GCHMWNZOIQYIJIAH7TIOSI2JC34KLCG75AY7YCIHHKUURH7S5B3TGE56","5.0533738","0.0000000","1.2142424","true","63580865","accounts-0003.json","64211142","2026-08-31T16:00:57Z"
"GCHOCYAUDNXMLVSBULIKTEQDINUUI5SNYIHWID2Y64B5ILHBCJOM5LYN","0.0000000","0.0000000","0.0000000","true","63914177","accounts-0003.json","64211142","2026-08-31T16:00:57Z"
"GCHOTARKTHBMX4SZTE4ARWCXBHJOJRKDTNRYMXF3INFHCWDE5XH3GH4D","0.0000000","0.0000000","0.0000000","true","64210342","accounts-0003.json","64211142","2026-08-31T16:00:57Z"
"GCHOUNWOREXAHBMLUSVZCVRXLPDYXX474XR256Y5U67OHFFFZPHDUZVA","0.0000000","0.0000000","0.0000000","true","63882032","accounts-0003.json","64211142","2026-08-31T16:00:57Z"
"GCHSZR44PNHQC6NPQ6LBFBT2LFBJNC73SXL4FKTHEAFBWM5VWFS42JUF","0.0000000","0.0000000","0.0000000","true","64196812","accounts-0003.json","64211142","2026-08-31T16:00:57Z"
"GCHYASLIAYAT6EXSJENBYUK3LXPH6PXPYB2RIOLOGLIWWTWSMSZDIDBK","0.0000000","0.0000000","0.0000000","true","63481556","accounts-0003.json","64211142","2026-08-31T16:00:57Z"
"GCI4XLIRJYVOZEMI75KYLS5IMYFMMBVH6RP3ODKWH4I6TYMKTTQWZPAC","0.0000000","0.0000000","0.0000000","true","64109348","accounts-0003.json","64211142","2026-08-31T16:00:57Z"
"GCIEL4IU6MBTF7PXGNHDR5CAQMTAF6EL3SYA7WWSEJXFVIJNRH655FXR","0.0000000","0.0000000","0.0000000","true","64179700","accounts-0003.json","64211142","2026-08-31T16:00:57Z"
"GCIJPAVW6G45EGWPLBW6Y7GXO4KBHN47VDWV7ORUJKGDC7OVXUFLCITQ","0.0000000","0.0000000","0.0000000","true","63375344","accounts-0003.json","64211142","2026-08-31T16:00:57Z"
"GCISCC2FQSQNVM6UASRQZBCY4JS22RK52CJ4ZEPSKINBXY4E3EZWOLK2","0.0000000","0.0000000","0.0000000","true","64117130","accounts-0003.json","64211142","2026-08-31T16:00:57Z"
"GCIUYR3RA7ASTXZ3UB7RBQDZCWF2JOBM2T2EAL73XRVEDVR7FU6K2MNL","0.0000000","0.0000000","0.0000000","true","58342094","accounts-0003.json","64211142","2026-08-31T16:00:57Z"
"GCJ4TQVUM6F5XJEYYL6DCU4H7UKLWNHRMKJT5KJUGBR2XU6YN5CXSVWJ","0.0000000","0.0000000","0.0000000","true","63393352","accounts-0003.json","64211142","2026-08-31T16:00:57Z"
"GCJ4UVP3BEZETU4DVSNKITVTOXVKL5IVDTMC3BDATUFH6FCW5HYG6TEU","0.0000000","0.0000000","0.0000000","true","63462665","accounts-0003.json","64211142","2026-08-31T16:00:57Z"
"GCJ7TL2GUN2UAZJTWYGAS4GHWRLXOW7E57WOCX5X5HLYHPIPUVWMSMIO","0.0000000","0.0000000","0.0000000","true","63591758","accounts-0003.json","64211142","2026-08-31T16:00:57Z"
"GCJALMBRITLQBXQ2NANWGKIRSXIO6ZBWLV2VPBLPVFTZRUXRMVOXGXUK","0.0000000","0.0000000","0.0000000","true","63393338","accounts-0003.json","64211142","2026-08-31T16:00:57Z"
"GCJBBYHRAAQJB2WBCIAEJKQ24EFJLEP2TDB2SNIEGQ75R27C4VYNYEYM","0.0000000","0.0000000","0.0000000","true","63797239","accounts-0003.json","64211142","2026-08-31T16:00:57Z"
"GCJINKJEEXQWQ5GNF5E4EQ5WLT3TB3DRP6TQ6LQEOGRTRPQXFZQLF47B","0.0000000","0.0000000","0.0000000","true","63394083","accounts-0003.json","64211142","2026-08-31T16:00:57Z"
"GCJKUDFNWH7A77GNEH75IWO4X2TZYZBIAIHPEC3KBZ2IW6SUDEREVOF6","0.0000000","0.0000000","0.0000000","true","64201040","accounts-0003.json","64211142","2026-08-31T16:00:57Z"
"GCJMJJ277BR7SUG2CHBPZXV24NYSQE6QW74I3RMOQ4VWI35ZCQOTA4HI","0.0000000","0.0000000","0.0000000","true","63592801","accounts-0003.json","64211142","2026-08-31T16:00:57Z"
"GCJTC2GOYEZ6NYJBHWZ4C2JKQLTFS2AVFMO5AJ6OLWSY6JRL2I2FL3ZX","0.9315199","0.0000000","0.0000000","true","64208233","accounts-0003.json","64211142","2026-08-31T16:00:57Z"
"GCK3G5LYWFHCZOQIFABDDBE5OHWIZTLHYLIROMUCNOB33CDAVPQH2SHO","0.0000000","0.0000000","0.0000000","true","63592858","accounts-0003.json","64211142","2026-08-31T16:00:57Z"
"GCK4SREKJZCUE3RVH65ZX7W2DJWQXQLXTV7DEJDQP3CNXVUCU3O3TW2Z","0.0000000","1000000.0000000","0.0000000","true","63667498","accounts-0003.json","64211142","2026-08-31T16:00:57Z"
"GCK5EIJY3YSSLEOVFBY5NPKVG6TNUTSLU6YENSACHWPIF7RLF77M5HYN","0.0000000","0.0000000","0.0000000","true","63394404","accounts-0003.json","64211142","2026-08-31T16:00:57Z"
"GCKDNR2TIAEVJM2CVZISRMI6FT5SHVVHRRDKTNKZHSFGFG542U7GMIET","0.9314218","0.0000000","0.0000000","true","64208005","accounts-0003.json","64211142","2026-08-31T16:00:57Z"
"GCKS3E46GPEDN6UZ3KD463ATDFZMDGTHAAB2RHA26XIBSBBYAMY7KPXR","0.0000000","0.0000000","0.0000000","true","64166057","accounts-0003.json","64211142","2026-08-31T16:00:57Z"
"GCKUTF7WFIKCS5QILQU2HGJM534DVCC33MCEM7ROA3KNIA3MNVR4G6X2","0.0000000","0.0000000","0.0000000","true","64035364","accounts-0003.json","64211142","2026-08-31T16:00:57Z"
"GCKWS2O3E7PXDEPTDCGYFTSVM2NNWGOP56QV4TTU6ROMKJQ37HY4ZCM3","0.0000000","0.0000000","0.0000000","true","63395350","accounts-0003.json","64211142","2026-08-31T16:00:57Z"
"GCL3DYH4S32NEL4IDZZG5AIQUTKTXJRYUJN3MBPNFZBDD37ESBXAWIYU","1.8666932","0.0000000","0.0000000","true","64072908","accounts-0003.json","64211142","2026-08-31T16:00:57Z"
"GCL3R5AL2H3BZJHGQBSR2I47GYJQ2HMKQZS6UELFJE4FOZPD5HJNIG5G","0.0000000","0.0000000","0.0000000","true","63712555","accounts-0003.json","64211142","2026-08-31T16:00:57Z"
"GCL5KDALOUXQJE4HD6Y7BPD4ZT6YAWK34CBFXOXKB7JZLSHNJRHF7SWE","0.0000000","0.0000000","0.0000000","true","63591627","accounts-0003.json","64211142","2026-08-31T16:00:57Z"
"GCLBLXJUCEYGIXVQ7HLMDMVZUJBZ5QZ2WQXPQP7IVRASOAIPRELPPURI","8.3092051","0.0000000","0.0000000","true","64208715","accounts-0003.json","64211142","2026-08-31T16:00:57Z"
"GCLG7DRPJLZVK43AFXGPYI7FIHHQ357H4K44AY5BQUDG3SJK6WCYSUUA","0.0685209","0.0000000","0.0685209","true","64168184","accounts-0003.json","64211142","2026-08-31T16:00:57Z"
"GCM42DQNIEVNLL75CZRO6EHWVBSFG5NYOV2LWWY2727GIENWYUEG4QRR","0.0000000","0.0000000","0.0000000","true","64127506","accounts-0003.json","64211142","2026-08-31T16:00:57Z"
"GCMCRKYQOBZT27EIFCUO6CKKXAXWPK2Q75EF74HRSVELPRJUSABNU3VY","0.0000000","0.0000000","0.0000000","true","63799264","accounts-0003.json","64211142","2026-08-31T16:00:57Z"
"GCMN4YHLXOFKFC7XJDNXH7JYZRPAAGAN7GZS7542GOED76R7DYWKO6UJ","0.0000001","0.0000000","0.0000000","true","64148239","accounts-0003.json","64211142","2026-08-31T16:00:57Z"
"GCMNSHTN7B46R3BALLEFOR5NV6XZWPYAWKB7CNF2Z7GHCAYJSJNSL7IV","0.0000000","0.0000000","0.0000000","true","63592598","accounts-0003.json","64211142","2026-08-31T16:00:57Z"
"GCMOWZC2ZKLAVX5SL3QFOI3XU5DNARFTUCR6T3PDCCJ76NA5ZRTCR5NI","0.0000000","0.0000000","0.0000000","true","63591844","accounts-0003.json","64211142","2026-08-31T16:00:57Z"
"GCMPDG25NBV5KL6HDQDU2CZKSEP36TXDOWTQBKUB4Z3LC7FSKWY5C2M4","0.0000000","0.0000000","0.0000000","true","63395527","accounts-0003.json","64211142","2026-08-31T16:00:57Z"
"GCMPGLAMX3ACN34E2KJEVFUK6SFC2KNP3ZGR6YLN44ONGC5OBGKLZIUI","0.0000000","0.0000000","0.0000000","true","64206275","accounts-0003.json","64211142","2026-08-31T16:00:57Z"
"GCMV66LFVW46UATESU5N3NQ7VLZDADLTZJR6H6XJKICG4VAX2QHZXVCI","0.0000000","0.0000000","0.0000000","true","63999447","accounts-0003.json","64211142","2026-08-31T16:00:57Z"
"GCMWDQYJS2M4SXMIWT75KV3OXFKXZKNEJQVK7G2BF5PBJ54NO6S6DEHW","0.7079332","0.0000000","0.0000000","true","63581174","accounts-0003.json","64211142","2026-08-31T16:00:57Z"
"GCN3HQSM2CJRACDCO4KPHSGFTIGXMITQRHRXWR2UFH4PIJ67757PT4RZ","0.0000000","1000000.0000000","0.0000000","true","63765037","accounts-0003.json","64211142","2026-08-31T16:00:57Z"
"GCN6YFU6BHTXX3FQJRLRQSQEKIILFK5LYIWOKBRL5T3ZAUXKSSQTEWG4","0.0000000","10000000.0000000","0.0000000","true","64042419","accounts-0003.json","64211142","2026-08-31T16:00:57Z"
"GCN7D2NOZLYPWG3FKYK7DEDIPZCT357XAVMB4IBKWJBW57DALTXCZZGK","0.0012290","0.0000000","0.0000000","true","63581371","accounts-0003.json","64211142","2026-08-31T16:00:57Z"
"GCND53RJ23DCUPMLJPW4NQO3RGEQMYBTYFFQG34KYJ6ZZZ3F5HSTNIFV","0.0000000","0.0000000","0.0000000","true","63379381","accounts-0003.json","64211142","2026-08-31T16:00:57Z"
"GCNECWN5VZLRDQLMRXMK6UPPWAYQVDGKRF6GEMUNJBB7OB4DD47LUFSO","0.0000000","0.0000000","0.0000000","true","64138836","accounts-0003.json","64211142","2026-08-31T16:00:57Z"
"GCNF5GNRIT6VWYZ7LXUZ33Q3SR2NUGO32F5X65VVKAEWWIQCKGYN75HB","1.1869077","0.0000000","1.1684309","true","63581055","accounts-0003.json","64211142","2026-08-31T16:00:57Z"
"GCNFO7YAI2VAK5VXRI7DTV4EEQGC3NLKU3BJXJI4D3CQGG2GY5LSJKDA","0.2965258","0.0000000","0.0000000","true","63581225","accounts-0003.json","64211142","2026-08-31T16:00:57Z"
"GCNFPTPLOR4O6WSTMF6FEOODRUNXYEWSVRCRU5UHPI55JTAGEX3ZSNQJ","100.0000000","0.0000000","0.0000000","true","63580326","accounts-0003.json","64211142","2026-08-31T16:00:57Z"
"GCNIECVSSFQGNAJWB36ECMWYIWEADN3WGKX6QYP4ZWT5QVQ5Y3CL76C3","0.0000000","0.0000000","0.0000000","true","63754523","accounts-0003.json","64211142","2026-08-31T16:00:57Z"
"GCNJWRRDULI6H7CWHRLQ265OVVL6J2WKHCKM2AWSNDWULMM44V2CDWXM","0.0000000","0.0000000","0.0000000","true","63378166","accounts-0003.json","64211142","2026-08-31T16:00:57Z"
"GCNQRM67T56GGZQ7KHEZNRNNGOZ4FAGVSMOJBXHE4HCIFPCDCTW7H4CD","0.0000000","0.0000000","0.0000000","true","64092915","accounts-0003.json","64211142","2026-08-31T16:00:57Z"
"GCNTTBV5CFDIHS7K4DD5JMR2FCJRUMBY2LV4DXUA6EBNURBLXR6LX5DA","0.0000000","0.0000000","0.0000000","true","64042398","accounts-0003.json","64211142","2026-08-31T16:00:57Z"
"GCNYJAVFW7OSHM56YG76LRTNPKEULVTH7FPPHARRDGBX4XM7B3V5LWDI","0.0000000","0.0000000","0.0000000","true","57825721","accounts-0003.json","64211142","2026-08-31T16:00:57Z"
"GCOHOJITSQVT755I4LGTNM3FVOSOTTXAOEFPIY46SFEO7KWTDQB3LLL3","0.0000000","0.0000000","0.0000000","true","64174841","accounts-0003.json","64211142","2026-08-31T16:00:57Z"
"GCOHRYUBGPKPOOUCNQ7LM4QP336T3S7HHBLDOCJDRLNHYEDUP67BT57N","0.0000000","0.0000000","0.0000000","true","63592007","accounts-0003.json","64211142","2026-08-31T16:00:57Z"
"GCOQVQZYE2OH26RNL2W7EJB7MQ57PZDRAMHPYA6RJ52VCHBFZJU6TR7T","0.0000000","0.0000000","0.0000000","true","63395608","accounts-0003.json","64211142","2026-08-31T16:00:57Z"
"GCOSMECOKXXO5FGSISDIMF4KHJUY3GMEBPGP6AQYK2AITMXEX3RS226B","0.0000000","0.0000000","0.0000000","true","63592476","accounts-0003.json","64211142","2026-08-31T16:00:57Z"
"GCOUBN2ZACKVEPYSOOKDIPHXT57NOAD7RWW7OMYXHT5FBYQRUAX2WT54","0.0000000","0.0000000","0.0000000","true","64109342","accounts-0003.json","64211142","2026-08-31T16:00:57Z"
"GCOUONZPZELWZ7XB2KPX33Z2BQRMK2NXRGC477BE4QJQZXHVGH7YEMSP","7.5441667","0.0000000","0.0000000","true","63580833","accounts-0003.json","64211142","2026-08-31T16:00:57Z"
"GCP2VLIUVULTDRV7Y776A6MXJXKOCGYYFSMBZBE3IG6SUMLB2JDOZ2NP","0.0000000","0.0000000","0.0000000","true","64211091","accounts-0003.json","64211142","2026-08-31T16:00:57Z"
"GCP3JXWZK2N3QFQXFDNEGU3ZKTI2OS3ICFS4AK4IG3OM6J4ZNSMJ76YS","0.0000000","0.0000000","0.0000000","true","63378141","accounts-0003.json","64211142","2026-08-31T16:00:57Z"
"GCPA5VI2KK5YCNMJPZJPGJOQFAW6EZGQVGXCGYWQ4K6GVEUMG27TEY63","0.0000000","0.0000000","0.0000000","true","63394447","accounts-0003.json","64211142","2026-08-31T16:00:57Z"
"GCPEMD22WUCRCDSO7J6IL4KLLPRZFNRZIGGDWW2GDJW7YY6L25MLKIER","0.0498828","0.0000000","0.0000000","true","63581316","accounts-0003.json","64211142","2026-08-31T16:00:57Z"
"GCPHXR5HIBEKJFRPQ5364SZLV3RJ45YFOUCXWHCUY737TGPGOMMEZSUN","0.0000000","0.0000000","0.0000000","true","63904594","accounts-0003.json","64211142","2026-08-31T16:00:57Z"
"GCPMNDGDAK5LFWEHEVXPUHUFAIDJI6PFVPJSIUAKOJQ5UGC6FQ4UL5YI","0.0098313","0.0000000","0.0000000","true","63581345","accounts-0003.json","64211142","2026-08-31T16:00:57Z"
"GCQEFBTWQMZMKS2PAFUKQN7QE5YQ4SFSU5PTRAV7WETVT6LNKDE5ARA7","0.0000000","0.0000000","0.0000000","true","64030604","accounts-0003.json","64211142","2026-08-31T16:00:57Z"
"GCQNGREDQ7ZFBFZVQMEL6NYKGVWHO36LDPVWNSZ2OO7HWVVUCA4SPUBS","0.0000000","0.0000000","0.0000000","true","63189466","accounts-0003.json","64211142","2026-08-31T16:00:57Z"
"GCQS7HD6O6N3K6D3IGZLXKWY2QL7ION3B553NCIWIK62BCMZ2MHD5GEJ","0.0000000","0.0000000","0.0000000","true","63592085","accounts-0003.json","64211142","2026-08-31T16:00:57Z"
"GCQSI24GF4I2JBEXIH7GVMYNMMPSUPILQU4Y2CDEXL67JHR5IIJBOX23","0.0100000","0.0000000","0.0000000","true","63869778","accounts-0003.json","64211142","2026-08-31T16:00:57Z"
"GCQSIYYJCMMRNV4Z3BK4CZAN34SSRQTFVH4IICKYI6QFEACDI7PWEHDW","0.0000000","0.2499372","0.0000000","true","64207825","accounts-0003.json","64211142","2026-08-31T16:00:57Z"
"GCR6K5VLLREJVNE2BWTIPZ6YTDSLNIIJH7ZOSD4FQZEDPOROEHVARWZF","0.0000000","0.0000000","0.0000000","true","64207687","accounts-0003.json","64211142","2026-08-31T16:00:57Z"
"GCRBX3WJZI7ZK3NNDQVTJBS3BQDCEGVLMLNGDD32FS7PLHTDLCXS4PIK","48.9569100","0.0000000","0.0000000","true","64172633","accounts-0003.json","64211142","2026-08-31T16:00:57Z"
"GCRC5XXZZXZEHBJQBL3F3ZHTYSM7RRXI42N4AAI4ZH77EB52HJRFLYU2","0.0000000","0.0000000","0.0000000","true","63822662","accounts-0003.json","64211142","2026-08-31T16:00:57Z"
"GCRDNZ2UXEVNNW5DW2523WBCUK3YYTT3CEUJIU5KHPRT73U5WKKLP64X","0.0000000","0.0000000","0.0000000","true","63378212","accounts-0003.json","64211142","2026-08-31T16:00:57Z"
"GCRIKQUOPMCBEKLFIAY6KBZKDDNMDQLGASDEGBNJDW2EOFINICDGOYUM","6.0000000","0.0000000","0.0000000","true","63799265","accounts-0003.json","64211142","2026-08-31T16:00:57Z"
"GCRJ56CVFFASF3L5QLPCKE4XNRGC7RE3U2HSDHAFRTZHAY2MQKWU2UQ6","0.1897566","0.0000000","0.0000000","true","63581248","accounts-0003.json","64211142","2026-08-31T16:00:57Z"
"GCRT2PT4IQC37TF4CSPA2JY3QZBDMZ66FQXDCBYFC56YP7GCAODD2G7J","0.0000001","0.0000000","0.0000000","true","64187720","accounts-0003.json","64211142","2026-08-31T16:00:57Z"
"GCS4PXWRDKC5445PEKTJHIOEOVTCIQK2YMGPXDZLDXUIPK4HOHLQVYXL","0.2445177","0.0000000","0.0000000","true","64054250","accounts-0003.json","64211142","2026-08-31T16:00:57Z"
"GCSATGUHAW7LW5XP6BW3RYKN4MAPDUFCMU3FJBNKEXDNTXUI2UVPWDL5","0.0000000","0.0000000","0.0000000","true","63253932","accounts-0003.json","64211142","2026-08-31T16:00:57Z"
"GCSE65WDSG2NHU25OVRV56ZQSINOPC22MUJRY5KXEHKKGRFEH7XYR7DA","0.0000000","0.0000000","0.0000000","true","64176283","accounts-0004.json","64211144","2026-08-31T16:01:40Z"
"GCSM6QASLFOSOPBOQLOQ3YBOJOZQBHVLXCP3PWCUNB2X342IX2HQ622F","261.2420203","0.0000000","0.0000000","true","64152368","accounts-0004.json","64211144","2026-08-31T16:01:40Z"
"GCSO6DAFG52JZDJOB2ZXY3FZBCFJIEINR2BXNA2TTTCMFAOL5SQMIPW6","0.0000001","0.0000000","0.0000000","true","64211140","accounts-0004.json","64211144","2026-08-31T16:01:40Z"
"GCSOWQIE7J75OOZQDM4WDZIDPJNSDVN72J3W4E6WULYLCY4G7EBAAGOH","0.0000000","0.0000000","0.0000000","true","64042327","accounts-0004.json","64211144","2026-08-31T16:01:40Z"
"GCSQUD3IFQPNCFURAZWPSRKJCXNDOZRMPBFTLPLJDNHG64JM2NGC62D7","41.6544382","0.0000000","0.0000000","true","63580404","accounts-0004.json","64211144","2026-08-31T16:01:40Z"
"GCSVM7DNQDZNZ5XNA2GEMWF77VSUN47TZPUWHR4MC3FLCJJP5Z6PEE3V","0.0000000","0.0000000","0.0000000","true","63591682","accounts-0004.json","64211144","2026-08-31T16:01:40Z"
"GCSWEP2CJOQFE7TLCAOI35D6BSAOJSH6ZSLP5UWNQHTS2VRVQIDD5DKE","0.0000000","0.0000000","0.0000000","true","64173693","accounts-0004.json","64211144","2026-08-31T16:01:40Z"
"GCTACBNZK6KDG4YOWGAT5AGABTVZBSTSFQXVTCPKA2O7ETOI3QO52RMX","0.0000000","0.0000000","0.0000000","true","64026777","accounts-0004.json","64211144","2026-08-31T16:01:40Z"
"GCTDHRMLMYROIUJKVXZ2VOV6OC37UX6LUPX44CIBQQ2HX3FPHNL3SEK2","2.8964495","0.0000000","0.0000000","true","64036289","accounts-0004.json","64211144","2026-08-31T16:01:40Z"
"GCTH36EMHWVUD6ZMGSGCDCLSRBT6WVY4D7NU2LU3HKLWIFSZDFALQ3HJ","0.0000000","0.0000000","0.0000000","true","63950790","accounts-0004.json","64211144","2026-08-31T16:01:40Z"
"GCTQL76FD4EHJJ6V7NQO4BA2CHRALBLEVPD5EANNQYIOZLO3LIW7EAQ6","0.2731461","0.0000000","0.0000000","true","63890178","accounts-0004.json","64211144","2026-08-31T16:01:40Z"
"GCTROC2JJUDYAHQHXLCMX57SGLAEQCGEKLBWAEUM5TAYOEJD434CXOTF","1.0000000","0.0000000","0.0000000","true","64200421","accounts-0004.json","64211144","2026-08-31T16:01:40Z"
"GCTS3YRM63DSWLZXHV242YHAMZ2M5CZAWRRAPCJ7ZGOUP2PHRJRTA4A5","0.0272317","0.0000000","0.0000000","true","63581330","accounts-0004.json","64211144","2026-08-31T16:01:40Z"
"GCTSFIICPYZW2R6HWA25IWDHQYSFBJJUAXVYHGUQ7K64G54ZQ6OOJUF6","559.0000000","0.0000000","0.0000000","true","64169228","accounts-0004.json","64211144","2026-08-31T16:01:40Z"
"GCTZMB4S5CJRH3R33654NL7YCBLTPSVNNOBI2HED3MOSOB5YJO2NKFP3","0.0000000","0.0000000","0.0000000","true","63724143","accounts-0004.json","64211144","2026-08-31T16:01:40Z"
"GCU36DVXRPVIGIFIZB5JSMC47XLWWQWNQG2JSOTEY2MYDE6HDF6NG47X","0.0000000","0.0000000","0.0000000","true","63394411","accounts-0004.json","64211144","2026-08-31T16:01:40Z"
"GCUCRZGTYE7DEYQ437O7J6UZG4ENPENBGS6HF5K7JAODL66M2YR2PFOD","0.0000000","0.0000000","0.0000000","true","64109332","accounts-0004.json","64211144","2026-08-31T16:01:40Z"
"GCUGESXMHGYJ2J7X6XPOFQBNYDUR4E7KJ7BW4BMAB3G7V6RO72JUARIA","0.5000000","0.0000000","0.0000000","true","64135182","accounts-0004.json","64211144","2026-08-31T16:01:40Z"
"GCUGNPZGH6NWHUBGSBAJ3SPHCZPBC5UR567YJ6NKS3YR6IV5VYBVW7DZ","0.0000000","0.0000000","0.0000000","true","63492730","accounts-0004.json","64211144","2026-08-31T16:01:40Z"
"GCUIXCRGWHF45VJTEAVRUZK37ET4KTHI26H5DL34B2XVBTKCOLQHWGVD","0.0000000","0.0000000","0.0000000","true","63691758","accounts-0004.json","64211144","2026-08-31T16:01:40Z"
"GCUKZITEBQKZF24Q25MQLLONPYSEJPVKHWY52POLCNATPQT4SHNJUCZM","0.0000000","0.0000000","0.0000000","true","57825717","accounts-0004.json","64211144","2026-08-31T16:01:40Z"
"GCURD3PJS5G2QZ7W6Q7BNK2UXEM3EXHSF55TT66NFAA3T2WDBOKZ2Q3C","0.0000000","0.0000000","0.0000000","true","64091740","accounts-0004.json","64211144","2026-08-31T16:01:40Z"
"GCUUQDLUQ2WKPUHVBLVOHVRIA7XFLVSY54W73DRF2Y6FG4JPU7VEUBUQ","0.0000000","0.0000000","0.0000000","true","64149059","accounts-0004.json","64211144","2026-08-31T16:01:40Z"
"GCUW27RGC4JCX3LLG6P3RWZG6JWKLR7ASFFXTV3GFA5AGYZQ7X33CSAM","0.0000000","0.0000000","0.0000000","true","63395693","accounts-0004.json","64211144","2026-08-31T16:01:40Z"
"GCUZMS67FDE7LEFFM5OP3TXEFXXBJQ7447WW3BUQIVMQHVTNEUXDXKHC","0.0000000","0.0000000","0.0000000","true","64161234","accounts-0004.json","64211144","2026-08-31T16:01:40Z"
"GCUZSWSDVDJQQK6C7K7J3BHNU3P52E5KS73GLRT57GJS5QV3VHY2ZIYL","0.0000000","0.0000000","0.0000000","true","63378160","accounts-0004.json","64211144","2026-08-31T16:01:40Z"
"GCV67OZHICACB7MNDBRZVLV5K5IPIM4BESCHMLQNVE7EWQTPMNKJPUOG","0.0000000","0.0000000","0.0000000","true","64180497","accounts-0004.json","64211144","2026-08-31T16:01:40Z"
"GCVCJDWHQ2AET2Q6WQEMT3W4ZQPLQZIN6JX2WDDOCU4NNNWG4J7U4V2R","0.0000000","0.0000000","0.0000000","true","63477756","accounts-0004.json","64211144","2026-08-31T16:01:40Z"
"GCVCP2IROCB43ZS4MUVRBKAGG57RIAONC6RSXSNLUZ3SZHUFB6FO2Y4Z","3.0573101","0.0000000","0.0000000","true","63580909","accounts-0004.json","64211144","2026-08-31T16:01:40Z"
"GCVDNVG3ODDKGW6CJQT6SPYOY4BDM6APW6DJJRN64K7AYOJ7RNS7A6SU","47.4553814","0.0000000","0.0000000","true","63580398","accounts-0004.json","64211144","2026-08-31T16:01:40Z"
"GCVP6IZ6ICGX4PCKHVKR4OPIMTVVE7XRDOI2KOZ3UM7BNRWLWJ6CAX36","0.0000000","0.0000000","0.0000000","true","64201040","accounts-0004.json","64211144","2026-08-31T16:01:40Z"
"GCVPJLFUOSJA4IZVBQWW5DQITAMXUEADH3I2TKNXTPFNT7YINURMNLGE","0.0000000","0.0000000","0.0000000","true","63474630","accounts-0004.json","64211144","2026-08-31T16:01:40Z"
"GCVSLIZKG6SZWVEGMEB2KDKUYZOUGKDGTPXQNOWISCDLHG2GJ3LG4BVX","0.0000000","0.0000000","0.0000000","true","63407145","accounts-0004.json","64211144","2026-08-31T16:01:40Z"
"GCWAUSZKOQYTRTNVILVWSZI53ZGHWZT62LXFHGXZ5PKKYA2RLABJSK76","177.7356033","0.0000000","0.0000000","true","64165849","accounts-0004.json","64211144","2026-08-31T16:01:40Z"
"GCWI2GU7CR4MWIY2V22HD5EEJWY5R2RLPZSAUZG2F3F27TTJXQ3SKI2N","0.0000000","0.0000000","0.0000000","true","64034351","accounts-0004.json","64211144","2026-08-31T16:01:40Z"
"GCWIIQX6GPJCDYFONZY76EBOAKC2PYOHRTIRQXDU5ELO25CZE62MMEJ4","0.0000000","0.0000000","0.0000000","true","63241542","accounts-0004.json","64211144","2026-08-31T16:01:40Z"
"GCWX7TM7HWNKSJ6DY3FLRPPSSYCOG54Y6FUACQSFZ3DFVIEQCU2BMKPX","0.0000000","0.0000000","0.0000000","true","63611543","accounts-0004.json","64211144","2026-08-31T16:01:40Z"
"GCWXT5HQNP3WBODIV6ZEEFPFU2BUPIIAUDDUCOJMJSEYDVXOQQ63HDTH","1.0200000","0.0000000","0.0000000","true","63581101","accounts-0004.json","64211144","2026-08-31T16:01:40Z"
"GCXBUC4HLNIC4XANT4QBUH363VMJJUMEM72KYLBV7OCHBFBL63QTX5NZ","16.7851984","0.0000000","0.0000000","true","63887747","accounts-0004.json","64211144","2026-08-31T16:01:40Z"
"GCXCZYGISN5ILGHXIWBPSLW2GZ7A7DYBOLVXFD7M2IGYKYXDYZ6WRO43","0.0000000","0.0000000","0.0000000","true","63728304","accounts-0004.json","64211144","2026-08-31T16:01:40Z"
"GCXFVBYGGDZ4UISA6Z65KUCF6JT4L2CDFVG66EJ7BSI2QMZ2B6BLQNNF","0.0000000","0.0000000","0.0000000","true","63592269","accounts-0004.json","64211144","2026-08-31T16:01:40Z"
"GCXJ4V7UXFOUS3BQZVWK6HML5TFFJSMPNZQVBTH565BTBV4K24U4BG6N","0.0000000","6765.1928604","0.0000000","true","64210994","accounts-0004.json","64211144","2026-08-31T16:01:40Z"
"GCXX2GL26GOY5FMRCFZHFZQLVT3YONW53JB3N6FXMMNQB3H34I4MQKJS","0.0000000","0.0000000","0.0000000","true","63377716","accounts-0004.json","64211144","2026-08-31T16:01:40Z"
"GCXXI74IL3JH3K4MD2WHTWMQ5FT3CKRLDJORDIK57S7WKIZHWZ567OGT","0.0000000","0.0000000","0.0000000","true","64042308","accounts-0004.json","64211144","2026-08-31T16:01:40Z"
"GCYBGIORXXSCL24TVL4YL2GQXRCWO4RWIJZIGIEC2LK2AUKPKBGOVIOX","0.0000000","0.0000000","0.0000000","true","63591867","accounts-0004.json","64211144","2026-08-31T16:01:40Z"
"GCYHXHE4HBUXA4MKN5YKG2ODMTSMGZP2HT7MK2XYCKTQQ664NIKJX7XD","0.0000000","0.0000000","0.0000000","true","63592753","accounts-0004.json","64211144","2026-08-31T16:01:40Z"
"GCYNHVU3R35LN3CPGAQQ32CO2CBNAJV5TSYKOTMUMACC5NXWJW2OTYBH","0.0000000","0.0000000","0.0000000","true","64082414","accounts-0004.json","64211144","2026-08-31T16:01:40Z"
"GCYTEONTAYNXH64ML77PQEWCOHWRIGHGI6PESEKNJHFUZX3WM3GEMZLV","0.2000000","0.0000000","0.0000000","true","64192725","accounts-0004.json","64211144","2026-08-31T16:01:40Z"
"GCZ5MTVTQTMYU3RQQCUT2DQ3QNMSNVGWP2YZHIJRERFEQLQA33YKBB64","0.0070630","0.0000000","0.0000000","true","64042265","accounts-0004.json","64211144","2026-08-31T16:01:40Z"
"GCZ6CINLNQYW2ARU5RWSSYG2SDYVKMX5GWELC6QQ52DGDD7DRJVDHSY2","24.8756219","0.0000000","0.0000000","true","63580478","accounts-0004.json","64211144","2026-08-31T16:01:40Z"
"GCZDBHS222RKZS2FJDM4K7JSABSIVD7UKIPPMFDSGHFKWSESFLUKDH6E","200.3721886","0.0000000","0.0000000","true","64141387","accounts-0004.json","64211144","2026-08-31T16:01:40Z"
"GCZEJJ7CJUML37EFCZXFMCQCATNXENIPNMF3RGJ7GLH4V6BK7NXMGWCV","0.0000000","0.0000000","0.0000000","true","63541082","accounts-0004.json","64211144","2026-08-31T16:01:40Z"
"GCZGZ7EXBSCISCCMKZK27WCCIFYUD64ZEMYS2XBUDPZWV5TPPWV6G5B2","0.0000000","0.0000000","0.0000000","true","64106642","accounts-0004.json","64211144","2026-08-31T16:01:40Z"
"GCZI5DC6KHAQ56CAAEHN2HZJ4S2AMVMGUCZ24YLWER6Q3Y22MS5WBD5M","0.0000000","0.0000000","0.0000000","true","64199259","accounts-0004.json","64211144","2026-08-31T16:01:40Z"
"GCZJWLZ5DOKSB6CLWF5RFCHH35MHAMSF627SA2VCYENS343WIAAJV5ZJ","0.0000000","0.0000000","0.0000000","true","63912574","accounts-0004.json","64211144","2026-08-31T16:01:40Z"
"GCZNP7NBWVFCM6KFKVV67ZCIXRNJZZLF5WQLZUDIB5RHLQCPSBCMHWTU","0.0000000","0.0000000","0.0000000","true","56031582","accounts-0004.json","64211144","2026-08-31T16:01:40Z"
"GCZUZOTHHEWUUOCDR6LQNPJWRTTOLLHL6KZZ3XYHTTEVUUJCZ6DLPWND","0.0000000","0.0000000","0.0000000","true","64166125","accounts-0004.json","64211144","2026-08-31T16:01:40Z"
"GD2EBQ4KEOWBCZ6QVFWVIIDS7MXI5GSX7IJ6TZOIXJA5J44GG5ZAEAKV","0.0000000","100000.0000000","0.0000000","true","63963417","accounts-0004.json","64211144","2026-08-31T16:01:40Z"
"GD2EKMJUZX5ZW2DFCIIVXM2PCL2CHTEG46BFCOGGCVR3AY7WJH5KHLZR","0.0000000","0.0000000","0.0000000","true","63881722","accounts-0004.json","64211144","2026-08-31T16:01:40Z"
"GD2KBXIKQPG2NKZOWPOWIGPC2YELQAEINW4CAMHEDGTKKL7BQG2K27SQ","0.0000000","0.0000000","0.0000000","true","64129403","accounts-0004.json","64211144","2026-08-31T16:01:40Z"
"GD2LOOUDVFFQRODU3JC5J7ZUSLSSEB3KEHX7LOAOEWFIOUQ3YLVGX7BS","0.0000000","0.0000000","0.0000000","true","63663125","accounts-0004.json","64211144","2026-08-31T16:01:40Z"
"GD2LV3N5LITQSY2SY3X4XHNVWYFGYKWIR6ZZKLM45HFAYPIW35BZRFGN","1.3765487","0.0000000","0.0000000","true","64210570","accounts-0004.json","64211144","2026-08-31T16:01:40Z"
"GD2V7XXSY6G6SAJ3KRDYWP2QJ4HHO6F743GP4I4HEVX76CK7IIBUVFPQ","0.0000000","0.0000000","0.0000000","true","63757606","accounts-0004.json","64211144","2026-08-31T16:01:40Z"
"GD36CDW4JNUS4CCWLVZK2UTW4K7S5UXJDIWN4OYBDFAO34CVJGNEFY4W","0.0000000","0.2499372","0.0000000","true","64208892","accounts-0004.json","64211144","2026-08-31T16:01:40Z"
"GD37KRNP67OMZTGILWKCLC43A5RKD3XDGA5JB2LHVXJHGHWKSVP5WIHO","0.0000000","0.0000000","0.0000000","true","63393473","accounts-0004.json","64211144","2026-08-31T16:01:40Z"
"GD3BDBLOX5DXX32MQQHZ4AZ44XY42AI43OVZ7JHFEXUYIMJ2KJIPJW43","0.0000000","0.0000000","0.0000000","true","63408646","accounts-0004.json","64211144","2026-08-31T16:01:40Z"
"GD3BWB7YY4BIT4ODM6IUGBIBPCVXKGHDHMH5XGBYREYYNAMSO2N2RNYZ","0.0000000","0.0000000","0.0000000","true","63394691","accounts-0004.json","64211144","2026-08-31T16:01:40Z"
"GD3EXP7GTMP7UFHPOR4O24EUH7S6VDKT7UAC4GDGPNFOBU3SAOFCPVTH","201.8141815","583.6088868","88.5084729","true","64210144","accounts-0004.json","64211144","2026-08-31T16:01:40Z"
"GD3HNMU6RQBWJZFRFFKYCR25XMPOB7XHXKYDMGYQPK5PVZPQ24PR3AU6","0.0749980","0.0000000","0.0000000","true","63887747","accounts-0004.json","64211144","2026-08-31T16:01:40Z"
"GD3LOSADU7XIYPJUJTVZUYTN3YSNG47F6TA5SPS6CFE64RCQWD2LNXKP","0.0000000","0.0000000","0.0000000","true","64062367","accounts-0004.json","64211144","2026-08-31T16:01:40Z"
"GD3LTYVAVS662ERDPCIHFWIU3EI7V7JKXWOUVAS6IY3EQ37NYUDH3SOX","0.0000000","0.0000000","0.0000000","true","63784083","accounts-0004.json","64211144","2026-08-31T16:01:40Z"
"GD3RJFBAPPE3QERM2PYD3JGEVEXXJ3ICVZDNH7LD4DLQI5KNXLUQ46U5","0.0000000","0.0000000","0.0000000","true","63821812","accounts-0004.json","64211144","2026-08-31T16:01:40Z"
"GD3SOHI26CNBYXC6EEO4AH2MA4WB7V75WREGRSMDN63Q4X6HX3F4YA7M","0.0000000","0.0000000","0.0000000","true","64211119","accounts-0004.json","64211144","2026-08-31T16:01:40Z"
"GD3T4MC6WIAMHKRRCVP5IH5CTODNO6SXPIMCKTQUO75QA5FJSCQP33P6","0.0000000","0.0000000","0.0000000","true","63394515","accounts-0004.json","64211144","2026-08-31T16:01:40Z"
"GD3XKX5FD6MBCZJ23FM2RWCLONC23BG5H3V2X4WP5YPCFLL6NO3Y2I3B","5.0156523","0.0000000","0.0000000","true","64187044","accounts-0004.json","64211144","2026-08-31T16:01:40Z"
"GD46TTWP7G4566ODGPORT2HPJIMOQHVC5MYZFGDRWK2QELYMIGODEMPF","0.0000000","0.0000000","0.0000000","true","63328899","accounts-0004.json","64211144","2026-08-31T16:01:40Z"
"GD4BMPMTXZQZ24UNBYSYNX3KV5B5XVS37JKE3FZKUEOUNG36F6BS4R7L","0.0000000","0.0000000","0.0000000","true","64042412","accounts-0004.json","64211144","2026-08-31T16:01:40Z"
"GD4EA5U2AGRKNP6CMZ544Y453SZJDT5MDYRHFU4WGNF6AVNLKG4B7CVI","1.9934198","0.0000000","0.0000000","true","64125942","accounts-0004.json","64211144","2026-08-31T16:01:40Z"
"GD4H5K2RHWPMABZCDGWVENG3JWZGQLGCO4SWJFSIDNFLPX5IPKGK4DOF","0.0000000","0.0000000","0.0000000","true","63591748","accounts-0004.json","64211144","2026-08-31T16:01:40Z"
"GD4JVA5PLSYXKVEYLCBZU55M2VLNLUAFO74VFJFCRHHGLUKGO2NNHEDU","0.0000000","0.0000000","0.0000000","true","64202962","accounts-0004.json","64211144","2026-08-31T16:01:40Z"
"GD4JYD3ND3VMNWVGYBUGY63DV245Z2D73DCPEV2IDDHPNGXPYSBFWYRS","100.0000000","0.0000000","0.0000000","true","63611925","accounts-0004.json","64211144","2026-08-31T16:01:40Z"
"GD4QMIHPMXUPNEHZ5MQS2LLADYUPS6XREZXYN22WHG36H4QHJW2JC622","0.0000000","0.0000000","0.0000000","true","60720109","accounts-0004.json","64211144","2026-08-31T16:01:40Z"
"GD4SNUWKU4VN3BS6OWUA7VOZHGH6B73MUF56HITKCKEEVOY57SE26FQ4","0.0000000","0.0000000","0.0000000","true","64109345","accounts-0004.json","64211144","2026-08-31T16:01:40Z"
"GD52CPH2SKWSQ37Y6RUXMQMCJGQMSNB3CUYSI43NS6NAEGXIQQYLMDYJ","0.0000000","0.0000000","0.0000000","true","63378081","accounts-0004.json","64211144","2026-08-31T16:01:40Z"
"GD5BUOJYOBNHGG4742DHPFR3F6JM4QTU2JTSQGLK4OOMWXKJIKBZHGVC","0.0000000","0.0000000","0.0000000","true","64109345","accounts-0004.json","64211144","2026-08-31T16:01:40Z"
"GD5FND5XGOSO2XQBEWNHNSDKHBRCZETEWPZZ5JBONOYRLDT37Z6IHA3H","0.0000000","0.0000000","0.0000000","true","63382611","accounts-0004.json","64211144","2026-08-31T16:01:40Z"
"GD5GQJ3JSQNPXE2SECI23PLUSJPFONEZIKEDJXTHDUJXVNNZGEDPWQ2J","10.0000000","0.0000000","0.0000000","true","64201040","accounts-0004.json","64211144","2026-08-31T16:01:40Z"
"GD5KSHS7AGCE7QHDSCNX253N2UMNKEP5KFUDYUIY3FIZI67JM4DSJ2HD","1.5181726","0.0000000","0.0000000","true","64130428","accounts-0004.json","64211144","2026-08-31T16:01:40Z"
"GD5LAP46LE5BQCAPL6IRPYRFPGDALWLOTELZVGKI3EBMKT4AXCNJAVPA","0.0000000","0.0000000","0.0000000","true","64038955","accounts-0004.json","64211144","2026-08-31T16:01:40Z"
"GD5M4MC6ZIJLEV7OCTSR4WBSU5WLDTVFTKLPSNRZXQE3UOKGRMONVPFA","0.0000000","0.0000000","0.0000000","true","63394709","accounts-0004.json","64211144","2026-08-31T16:01:40Z"
"GD5MQX2HNFJ2FVRVF7H77HT4YSD7B44PGYYT3J6ZZ2NGTL5KCKN2D5UF","2.0666693","0.0000000","0.0000000","true","63797241","accounts-0004.json","64211144","2026-08-31T16:01:40Z"
"GD5UBRJ3Z5SVMB3A3PKJNQNI6PEUFEE5DNFZZNGY2VJI5XLUAKZKMXK6","0.0000000","0.0000000","0.0000000","true","64210215","accounts-0004.json","64211144","2026-08-31T16:01:40Z"
"GD5YOXCZRT7IABN3DLHFBSGPSUJSTHZ6HS7DS2TXSF5C4HZPMS6U7PQS","2.0000000","0.0000000","0.0000000","true","63887747","accounts-0004.json","64211144","2026-08-31T16:01:40Z"
"GD65DN6DGIGCJNINS73HUMLTFM47ES7F3UYSS7IVQKFVNWPLEDS33M4Y","0.7497388","0.0000000","0.0000000","true","64059186","accounts-0004.json","64211144","2026-08-31T16:01:40Z"
"GD67QMSWY4ZBRALX2VZJZK4OMTVFXD7D7KPKAKVT6QM6VMZUHNG6RSVO","0.0000000","0.0000000","0.0000000","true","64109329","accounts-0004.json","64211144","2026-08-31T16:01:40Z"
"GD67Y4ASDESAN3WIBM6US2PXUGUKA6TIQNPYSJSWYG4YBE2IEN66NDJ7","0.0000000","0.0000000","0.0000000","true","63378172","accounts-0004.json","64211144","2026-08-31T16:01:40Z"
"GD6BTWQZJUW2WRFFCEE3VBYG2WMYZZY7X2AXLEYYPA6YJ2JFPUL7IGS4","0.0000000","0.0000000","0.0000000","true","63948056","accounts-0004.json","64211144","2026-08-31T16:01:40Z"
"GD6EW5VJGFUDRRQ3M3XGLIZMDSZVAAG5TP3ZEGZOYY7XEZVV7ZIYASG5","0.0000000","0.0000000","0.0000000","true","63592105","accounts-0004.json","64211144","2026-08-31T16:01:40Z"
"GD6KB4YPGKONGKSPRVEOUDLSCIAD42XHCB4QWLR5AGNF2ET5T2OUZZQT","0.0000031","0.0000000","0.0000000","true","64149745","accounts-0004.json","64211144","2026-08-31T16:01:40Z"
"GD6P6SMTYQL4UTJVGQ2JYBY4KL3T3PU4KZBYWATCINFAZNXPP2VX5V7K","0.0000000","0.0000000","0.0000000","true","63377782","accounts-0004.json","64211144","2026-08-31T16:01:40Z"
"GD6PWY2BDYGB6T43SKACBPXUYC6DOD2MKR6GRLYHIQHFQ2QFUDMERUWB","0.0000000","0.0000000","0.0000000","true","63394907","accounts-0004.json","64211144","2026-08-31T16:01:40Z"
"GD6SU3DM6XQJ3YEZCXDUJ3IX2KXSUYKF6IE5ODM4NSMOMTXL33XH5LEV","0.0000000","0.0000000","0.0000000","true","63963699","accounts-0004.json","64211144","2026-08-31T16:01:40Z"
"GD6XSMQJ47EHHJOWXQOND5YDVZC37JWZJHYHBKE6QJFSLLJ5KQXM5QS5","0.0004670","0.0000000","0.0000000","true","64188938","accounts-0004.json","64211144","2026-08-31T16:01:40Z"
"GD7BXLBD4QC4HZPXRQYSREEFJCE3ZSTMAPYYGV76A3T36VN64NH7LYY2","2.7936178","0.0000000","0.0000000","true","64170583","accounts-0004.json","64211144","2026-08-31T16:01:40Z"
"GD7HOBY7TX6WAMVCCG5PS4URZELUGV65EEXUICVBGG7X3EPNCPEYPMNH","0.0120880","20107115317.1515829","0.0000000","true","64211108","accounts-0004.json","64211144","2026-08-31T16:01:40Z"
"GD7KNANCTIS7NU2OC36BAJ4CG2QJLYL44A3H4UQIMHSKTDCVKGACHDEE","60.9999987","0.0000000","0.0000000","true","63580379","accounts-0004.json","64211144","2026-08-31T16:01:40Z"
"GD7M2UK2HEJDOMDLYIFEHOQV5E7DG2ONYW724YHWALFFTSSWB223DJ22","0.0000000","0.0000000","0.0000000","true","64181185","accounts-0004.json","64211144","2026-08-31T16:01:40Z"
"GD7WHFMBFREUDHAG27FLNZRXTT5OSDXQPWLEAYRTRGPGY4HBAVEPUFLO","0.0000000","0.0000000","0.0000000","true","63395599","accounts-0004.json","64211144","2026-08-31T16:01:40Z"
"GDAHKXY2ZJXMLHIC7JZ5GL2AXH26EGFSA6W4VEEEFQXFCSQNBNQOWCJU","0.0000000","0.0000000","0.0000000","true","64045133","accounts-0004.json","64211144","2026-08-31T16:01:40Z"
"GDAQL5DLEB6MU77BZQPJVIHCHM4UEGIAK3AYIE5UXBZI26AGWGEGCFYI","520.8811947","0.0000000","0.0000000","true","64170283","accounts-0004.json","64211144","2026-08-31T16:01:40Z"
"GDAZGSC4I4Y2SWOVMINEBJFGSQABXJEG4LVZYHX6UJVNUR3BRXR7GAQ3","0.0000000","0.0000000","0.0000000","true","63200156","accounts-0004.json","64211144","2026-08-31T16:01:40Z"
"GDAZYKYZBUFJYSQHJHWLXKMRPIKID736DOR5HR5KTPF6J2YKIANY4BG4","0.0000000","0.0000000","0.0000000","true","63622481","accounts-0004.json","64211144","2026-08-31T16:01:40Z"
"GDB25QYUNZND4AUHDIY5EEUIESEUBNNS7KKU5DEPTUI2XZHL4OBORP6I","0.0000000","0.0000000","0.0000000","true","63592739","accounts-0004.json","64211144","2026-08-31T16:01:40Z"
"GDBB453DH7UPAKAKRRWBR4ERIMC5N7TFKOK32GQC2JMVHH4FD2QEZFJO","0.0000000","0.0000000","0.0000000","true","63395951","accounts-0004.json","64211144","2026-08-31T16:01:40Z"
"GDBHDIPKXU47PHXZBMHUTMCBDTARVKYKKB6L4YUDAAKPVDLMNABYWKHI","0.0000000","0.0000000","0.0000000","true","63582446","accounts-0004.json","64211144","2026-08-31T16:01:40Z"
"GDBRLTW2E4UZYYPT5L4CUQUJITBJVOHBV56GMSRA6UWFGWAJJVP3VGNS","0.0000000","0.0000000","0.0000000","true","63591946","accounts-0004.json","64211144","2026-08-31T16:01:40Z"
"GDBSR7L3G3T5JJZSKRNUI6LOEO7MAXCL442IJOKWCURFKN43HA46KR4F","0.0000000","0.0000000","0.0000000","true","64109350","accounts-0004.json","64211144","2026-08-31T16:01:40Z"
"GDBVQFIGDHRBAP4H5RM72T4BUXMACKQ4LS7NZABPWHI36BLZXHATJJIR","0.0000000","0.0000000","0.0000000","true","64122879","accounts-0004.json","64211144","2026-08-31T16:01:40Z"
"GDBX27KKM4ZHLIAVCCPHHZJ34WGSQJJYJKVNUOI345LCW5JUZ74JYJGK","0.0000000","0.0000000","0.0000000","true","64165310","accounts-0004.json","64211144","2026-08-31T16:01:40Z"
"GDBXM55OEV77WTD4GDXITQIZG5X4NOINBAYEJP7LFP3M4VRQBTB3Y33T","0.0000000","0.0000000","0.0000000","true","64210624","accounts-0004.json","64211144","2026-08-31T16:01:40Z"
"GDBZ2ECSEV2ICHDUOXIRFUG6HSHPZPDW2UTR36KPGUGVOX45KZSEYJPA","0.0000000","0.0000000","0.0000000","true","63592149","accounts-0004.json","64211144","2026-08-31T16:01:40Z"
"GDC3PUVNJPNAGFDSC32FKU5MSN2FO4QVOF5IMZSRRVEBUY365RPOOG5P","0.0000000","0.0000000","0.0000000","true","63599263","accounts-0004.json","64211144","2026-08-31T16:01:40Z"
"GDCJK4IMYAMMUYBD7TTUTLWNFL54FZCF3OZQ3MNDXYV7UFZWI4P5OK47","0.0000000","0.8172160","0.0000000","true","64167554","accounts-0004.json","64211144","2026-08-31T16:01:40Z"
"GDCK4RVWN3L3R55B2N7IKUR377QIACA2V6QYRMUOFPFPY4MPDVJ2H7I3","0.0000000","0.0000000","0.0000000","true","63797288","accounts-0004.json","64211144","2026-08-31T16:01:40Z"
"GDCK6VGEMRV52C6UO7Q4FJDFDF5AHKA3SWTSAHJNS3QIKRW6U5L7XYMJ","0.0000000","0.0000000","0.0000000","true","63941897","accounts-0004.json","64211144","2026-08-31T16:01:40Z"
"GDCKTJZXMC3OZNM3F2MQAD43AKFUC7G3JLBWQRNFUUF2OS4HKXJT2QQB","0.0000000","0.0000000","0.0000000","true","63591953","accounts-0004.json","64211144","2026-08-31T16:01:40Z"
"GDDAEATAA6K4P4BUP3SHIAZDCJGOQPPQTMVTSNQSSXUBRI2BNSAXTK4F","323.7181758","21.2174084","0.0000000","true","64165827","accounts-0004.json","64211144","2026-08-31T16:01:40Z"
"GDDCPPIIDZH6FM2MBMLH5ID6N5UADDN4J4OMVLLUGAI3LTIFMLGXRCWN","0.0000000","0.0000000","0.0000000","true","64110768","accounts-0004.json","64211144","2026-08-31T16:01:40Z"
"GDDJ6R44TWF74RZPLHG76P63KK4VMWJZAVXTM47AUHLOQAIX5RQH52TV","0.0000000","0.0000000","0.0000000","true","64032722","accounts-0004.json","64211144","2026-08-31T16:01:40Z"
"GDDSPBJLPK4PK7WPOVI4RCBWGHPJESKCL6NHMFPWWWHAUWLFJ3ANJ3DC","0.0000000","0.0000000","0.0000000","true","63922921","accounts-0004.json","64211144","2026-08-31T16:01:40Z"
"GDDUETEBVGB4UMIRCUROWLKETZKHYYM4G5SDPSTAJN34BIT4F2SFGO3M","0.0000000","0.0000000","0.0000000","true","63591900","accounts-0004.json","64211144","2026-08-31T16:01:40Z"
"GDDVAYHERXEP4SGKHNZ5FSYKEQGVUAA7CIWXFIS3JHNZYVBB4FPIRJBB","0.5955513","0.0000000","0.0000000","true","63581181","accounts-0004.json","64211144","2026-08-31T16:01:40Z"
"GDENMOFRULIVSFKKBUEY3CCIKOUH6R5IB2AFBGKNRW6UWIXYYQTNG6KU","0.0767877","0.0000000","0.0000000","true","63755824","accounts-0004.json","64211144","2026-08-31T16:01:40Z"
"GDEQDJ63IFYHIACB4XFDQYZPRTMUCH5WMB3JNNREG74GVDCWCAX43GR4","0.0000000","0.0000000","0.0000000","true","63591876","accounts-0004.json","64211144","2026-08-31T16:01:40Z"
"GDESSVIAIDD2WJRD7H7BY3JQXRM3TOTBJQNQDS6FSZBRXLTL4MIPFEZT","5.0000000","0.0000000","0.0000000","true","64092232","accounts-0004.json","64211144","2026-08-31T16:01:40Z"
"GDEUQWHIBXZTP6GJRHOWTZ5VMTSLFKLHYNFSGAH6KUJYPKIG5ZQVB53V","0.0000000","0.0000000","0.0000000","true","64208129","accounts-0004.json","64211144","2026-08-31T16:01:40Z"
"GDF3TQ4HXUO2KMQLLV52NEKYBRTQ2WZ3KDUH6YFXQP3B67CZH6HUAZPK","0.0000000","0.0000000","0.0000000","true","63592134","accounts-0004.json","64211144","2026-08-31T16:01:40Z"
"GDFBFXLZJA7HXMZUXYEAV5KLBRRJYIJ3LJTZOWTQOVZGH2A4QQQPKJ26","0.0000000","0.0000000","0.0000000","true","63184329","accounts-0004.json","64211144","2026-08-31T16:01:40Z"
"GDFJ7C3YFPWFGVSN7VMK4Z2BSGSUUJRKZ5WS7UGJHUAMCXOLV7YJE6DB","0.9656795","0.0000000","0.0000000","true","63581136","accounts-0004.json","64211144","2026-08-31T16:01:40Z"
"GDFP7YT6BU5H6F4IAE3AITYDPV46WVL3Y2GUJNFII364ABMMJV2GX7J7","0.0000000","0.0000000","0.0000000","true","63592342","accounts-0004.json","64211144","2026-08-31T16:01:40Z"
"GDFPIIQJMXMWXGULQSLVEVY5HZUDHROXLATFG4XBS7PJCJT6JXAIDFCN","46.2507485","429.4967294","0.0000002","true","64190045","accounts-0004.json","64211144","2026-08-31T16:01:40Z"
"GDFUP257JAQX6BJKAT4RIPDSFE6PX5XU5YPEHATGOGC4D3VLY3NJRRT3","0.0000000","0.0000000","0.0000000","true","64202940","accounts-0004.json","64211144","2026-08-31T16:01:40Z"
"GDGDDMVM5Y7WS5RK5BEOTQPUQ2K73MXCOGSF4FKJEPWSDUT4YY3GEJNS","0.0000000","0.0000000","0.0000000","true","64050090","accounts-0004.json","64211144","2026-08-31T16:01:40Z"
"GDGG45M6QANV2X4PBGMLMTJ5J33FVZGLT4SIJ4CUZNZMEO2SEA4IICUG","0.0000000","0.0000000","0.0000000","true","63377800","accounts-0004.json","64211144","2026-08-31T16:01:40Z"
"GDGK3GKDJCGKXGR5QTJXCM3MDH7CXLTXVKOVMLIFYWOH2YR7MZ6WTW45","0.0000000","0.0000000","0.0000000","true","63591491","accounts-0004.json","64211144","2026-08-31T16:01:40Z"
"GDGRUP77L7BNK3QXIYRXVAZETBS5LANHNA6ELQJFVNX5KK4HVZAK5HZM","0.0000000","0.0000000","0.0000000","true","64052789","accounts-0004.json","64211144","2026-08-31T16:01:40Z"
"GDGW4YGH4IGTMDNJRZTXNKC72ESMIKTZN4TWUVJF5KURFRQJKD6KSTAR","0.0000000","0.0000000","0.0000000","true","64145862","accounts-0004.json","64211144","2026-08-31T16:01:40Z"
"GDGZTDBXYCXQUBCVAB4RL4MOEU66MARWOMD5WUI2MQKN5PN73XJL4C5S","14.2270098","0.0000000","0.0000000","true","64065853","accounts-0004.json","64211144","2026-08-31T16:01:40Z"
"GDH22OGF6HOBYQQGVHBERJLTUDKWCLRKX7L47DOFVVB23L44VTBH7ESK","0.0000000","0.0000000","0.0000000","true","64174813","accounts-0004.json","64211144","2026-08-31T16:01:40Z"
"GDH5LSCPFOCK3DVBONZTA4S5Z76CDAODGLYE3RM4NDHRRWW4AHH7SLAK","1.0000000","0.0000000","0.0000000","true","64211071","accounts-0004.json","64211144","2026-08-31T16:01:40Z"
"GDHBJ6T6KCWLO5KIZ2KUKS7IL5BLW2YCEAOUQRBZQDV5XKFKIQSQN5UZ","0.0000000","0.0000000","0.0000000","true","64092333","accounts-0004.json","64211144","2026-08-31T16:01:40Z"
"GDHG3VMRXR2MUJH433PJUT5VWBI2XTZ4Y2POJKTMIOTFIVKLJZ6CJUL6","9.4658207","0.0000000","0.0000000","true","63670583","accounts-0004.json","64211144","2026-08-31T16:01:40Z"
"GDHHTQPFIHAZJX22TGY5CI2M7YLWXMMTPZTBYAWON7WNAOUTXZ3HGPIW","0.0000000","0.0000000","0.0000000","true","64122541","accounts-0004.json","64211144","2026-08-31T16:01:40Z"
"GDHHX7XUYMF2HNDOABWAJ572HAKUV2PRJ7IRX2GB736W6TKDIYD46U6Z","1.4972118","0.0000000","0.0000000","true","64170500","accounts-0004.json","64211144","2026-08-31T16:01:40Z"
"GDHPVY32EAXFPVBOPQMEWCABDHLAU7RXCAI23Z37WNV2H6B6LBUNXEQN","0.0000000","0.0000000","0.0000000","true","64124209","accounts-0004.json","64211144","2026-08-31T16:01:40Z"
"GDHRCQNC64UVL27EXSC6OG6I2FCT4NWM72KNHLHKEB3LK4MEEYYWETN3","0.2330526","0.0000000","0.0000000","true","63581242","accounts-0004.json","64211144","2026-08-31T16:01:40Z"
"GDHU5ZIWAWIUN72FLZRY3M4VMIUICVYO7R4CVJ2V3YUNWRIPJB5BRRYH","0.0000000","0.0000000","0.0000000","true","63592735","accounts-0004.json","64211144","2026-08-31T16:01:40Z"
"GDICMFO5OX7G7YYEW3LXM4OWWN7VDQXVR4PKX42DO7PNHNB6FIZSZHOM","0.0000000","0.0000000","0.0000000","true","63591512","accounts-0004.json","64211144","2026-08-31T16:01:40Z"
"GDINZYZZZBJ2VHVOQGYBFCWDOAGVSTZDNKFOEYFF27KXFR4H4LS4DPI4","1.0000000","0.0000000","0.0000000","true","63581130","accounts-0004.json","64211144","2026-08-31T16:01:40Z"
"GDIOJ7TULHGWUTHHQNACNPTJHQ5YCTD4FTCGPCEZOYQX7MPPHMPCWGWJ","0.0000000","0.0000000","0.0000000","true","63592156","accounts-0004.json","64211144","2026-08-31T16:01:40Z"
"GDIW5BMYUE3ZTGOPHCWBYZQYVCOBZHU2XS36JIZB2YS6ETPGEO5XSB6I","0.0000001","0.0000000","0.0000000","true","64145944","accounts-0004.json","64211144","2026-08-31T16:01:40Z"
"GDIZB76ZGVW2NJAC3KTEHWRJHY47R6UXGMWOIYRZOSAINM6CTCI5LHLZ","40.0000000","0.0000000","0.0000000","true","63780245","accounts-0004.json","64211144","2026-08-31T16:01:40Z"
"GDJALNTHRY5LA35RF7TVMIXKLWNQQIOUON6G642IIW75WL6BYZQL5DJX","0.0000000","0.0000000","0.0000000","true","63711658","accounts-0004.json","64211144","2026-08-31T16:01:40Z"
"GDJEAORWCIXVX4NE2NJBMR7NCV6OHBNT6TNATAYYAH2I5VB723E63WGL","0.0000000","0.0000000","0.0000000","true","64147076","accounts-0004.json","64211144","2026-08-31T16:01:40Z"
"GDJEYKZ2S4SVTS3KCEZFJQUW35GY2FFWRPC2RFVOCAGIQKHLF5MUOECV","0.0000000","0.0000000","0.0000000","true","63740769","accounts-0004.json","64211144","2026-08-31T16:01:40Z"
"GDJI5EEZBDLKZ3ISMHLLOVQ4Q7GOGOTVSPVPFIPTUHMZXTADIGI4NJDE","0.0000000","0.0000000","0.0000000","true","64099387","accounts-0004.json","64211144","2026-08-31T16:01:40Z"
"GDJIGEN7D5BB5X4Q42WHTMPCLRXE5SHUW22PIU36PVVLGWQ4J5MGIBEY","0.0000000","0.0000000","0.0000000","true","63393623","accounts-0004.json","64211144","2026-08-31T16:01:40Z"
"GDJJAO6UHVKKF6OGYFOCU3G7Z23AF3J6TF66EESPGELWRKJ47SGR7RQO","0.0000000","0.0000000","0.0000000","true","63393676","accounts-0004.json","64211144","2026-08-31T16:01:40Z"
"GDJPGU5MHSE7PIFBWE4ZO3BLRKAJ4B4QBZ72RFSHTMFUOWM5ACAOWXM7","1.2345920","0.0000000","0.0000000","true","64119593","accounts-0004.json","64211144","2026-08-31T16:01:40Z"
"GDJSH2NU2WF6J4P5DL4522DUCABWSTZOKFQ7BHBCFYQ3QKC6FRYWP6OL","0.0000000","0.0000000","0.0000000","true","64211125","accounts-0004.json","64211144","2026-08-31T16:01:40Z"
"GDJTPPRH3SWEYKZPV7556W2L2TISIGX7Y4HWR5A36D7BQONJG432SQIW","100.0000000","0.0000000","0.0000000","true","63923183","accounts-0004.json","64211144","2026-08-31T16:01:40Z"
"GDK4P4NKDLUHYU7YKTMNRWACZCKPMAAYTPODBRLXJE5XHVXE463LHHIZ","0.0000000","0.0000000","0.0000000","true","63393696","accounts-0004.json","64211144","2026-08-31T16:01:40Z"
"GDK5UOXCK7EUT5XU2L5LZEYKJH2KAHRIVMCBF7LEFARS6TUIALB26ACK","0.0000000","0.0000000","0.0000000","true","63393806","accounts-0004.json","64211144","2026-08-31T16:01:40Z"
"GDKAD6ZJSGZ4OBTMS3BYBRTD7CWKEZP2TYVNRAUP7XYYGA4BW5DAXT3E","0.0000000","0.0000000","0.0000000","true","64000127","accounts-0004.json","64211144","2026-08-31T16:01:40Z"
"GDKARCXCG4HJNGJ5SF6Z7IJULHEVER54EG7ZOTD6YQIJYVWOO2RGWQRP","0.0000000","0.0000000","0.0000000","true","63517117","accounts-0004.json","64211144","2026-08-31T16:01:40Z"
"GDKBLLJAQPZVNXIZ77ITPZYK7P5N7V2Z6ATQOAE6LKGAJIBZUWVI47L5","2.4978021","22.8000000","2.4978018","true","64166397","accounts-0004.json","64211144","2026-08-31T16:01:40Z"
"GDKFFTAJK7CMYXEOAZXA7QSGABU367WUGUH456FQE524B6TROXZRW6NB","0.0000000","0.0000000","0.0000000","true","63393541","accounts-0004.json","64211144","2026-08-31T16:01:40Z"
"GDKHAIKWHNVFZJBJQPQRIRCJ35ES2F3ZVRWRHIVLCHI2GOBXQATFLW7M","25.0782490","0.0000000","0.0000000","true","63780345","accounts-0004.json","64211144","2026-08-31T16:01:40Z"
"GDKKTVDU5CGSGISSNWGE4CEBZQJSN775MQNNNHET73NI3QAYEJYDMSSG","0.0000049","0.0000000","0.0000000","true","64042210","accounts-0004.json","64211144","2026-08-31T16:01:40Z"
"GDKMICM4LF45M4WMRMEIZQMUXENSGI5ASH4TIX37CFLSFOQG52HWRD6M","0.0000000","0.0000000","0.0000000","true","63378188","accounts-0004.json","64211144","2026-08-31T16:01:40Z"
"GDKQWPE775U3FWEOMUC7DULO5FERKOG3OIMP6VBSYH4G6GBB6NSRBX3P","111.0000000","0.0000000","0.0000000","true","63582413","accounts-0004.json","64211144","2026-08-31T16:01:40Z"
"GDKY2WEN4KG6OBI5DJ24VOXR32P4PLSJKB5AYM56AGGUQBYLK2MUKC37","0.0000000","0.0000000","0.0000000","true","64168704","accounts-0004.json","64211144","2026-08-31T16:01:40Z"
"GDL5LFESPBGFS7IPMSSNBONYMFDFXXE3P4R35EUG7E42LENM2AI3J2JT","0.0072072","0.0000000","0.0000000","true","63581348","accounts-0004.json","64211144","2026-08-31T16:01:40Z"
"GDLFVMAQIVSMRU57SSUKK4ENWCVC4CS7KHQF53CQU3LBQU43RVCMIA2M","0.0000000","0.0000000","0.0000000","true","63378007","accounts-0004.json","64211144","2026-08-31T16:01:40Z"
"GDLP2OJGJ2E4WEEMRY27IJRIPC3RUAQIOZLLND32NKXMGNAEU2NJROLV","0.0015192","0.0000000","0.0000000","true","63581368","accounts-0004.json","64211144","2026-08-31T16:01:40Z"
"GDLZJMS6M7YHW3DETFRUWCCD6CHCVP2PUVYXBV3QFF4TCXQC7O3HTS2I","0.0000000","0.0000000","0.0000000","true","63394517","accounts-0004.json","64211144","2026-08-31T16:01:40Z"
"GDM3UOILUMLLUHZF7UD2ATZJQDA44LJZ77IAHD635PMLMDSEXEAS5LAK","0.0000000","0.0000000","0.0000000","true","63393567","accounts-0004.json","64211144","2026-08-31T16:01:40Z"
"GDM7MT7INKQP75OQHZIE4HO6ONLGMMYTZHCOAGQDS7AVS7FXZHUYGSGX","0.0000000","0.0000000","0.0000000","true","64198676","accounts-0004.json","64211144","2026-08-31T16:01:40Z"
"GDMCLJBRR3ILECDXGWDQP7UULXMVL3AFWOXERGTASYKBCTRCE4HG2WUU","0.0000000","0.0000000","0.0000000","true","63592395","accounts-0004.json","64211144","2026-08-31T16:01:40Z"
"GDMIPF7PKBM62PP6QQIM74H33K35J6PMYGWNLZZNMT54DGIBEYAJTF5A","0.0000000","0.0000000","0.0000000","true","63591788","accounts-0004.json","64211144","2026-08-31T16:01:40Z"
"GDMQTIUQ6YFS46VNQUEH7SSQAA3WK3VB73455QPG33VAOBGVVETLOMRN","0.0000000","0.0000000","0.0000000","true","63394527","accounts-0004.json","64211144","2026-08-31T16:01:40Z"
"GDMRVK7RRXAKFMRPD2D3UQJI2DKGUM7P5YTIORGQ326K5A4PQQB3PCVF","0.0000000","0.0000000","0.0000000","true","63707103","accounts-0004.json","64211144","2026-08-31T16:01:40Z"
"GDMT6DPNHEUCE2MUPDQDY3JR2NOSGCPY3VUGHND2QIPZSQNEY6CMW2ZJ","0.0000000","0.0000000","0.0000000","true","63409105","accounts-0004.json","64211144","2026-08-31T16:01:40Z"
"GDMU2NAWB4WQJYWLX6A6OFWKS5IRUDDZJDI4NARNMTNNC3B2KHFKFVFC","0.0000000","0.0000000","0.0000000","true","61365709","accounts-0004.json","64211144","2026-08-31T16:01:40Z"
"GDN5LLSE3TLRR6NBJINOWPLVJP5QZC5XY5X5EQROIHQXTPNSR6AVMNLX","0.0000000","0.0000000","0.0000000","true","63407370","accounts-0004.json","64211144","2026-08-31T16:01:40Z"
"GDNMEEL4QACYM4T4AHLMM7VIER22BWIMNIXAHPEWO4KX3EXT6LVXDNCA","0.0000000","0.0000000","0.0000000","true","63592655","accounts-0004.json","64211144","2026-08-31T16:01:40Z"
"GDNNZHTUUGAW36YWUTMX6S22Z3BXAWPPZDFZZXBZG5HBHQCNO4TLN6LJ","0.0000000","0.0000000","0.0000000","true","63506879","accounts-0004.json","64211144","2026-08-31T16:01:40Z"
"GDNSP5GYE27CESNP57HETU4DK7XOPCF6TDLPCAPAM6KDDE47LBSGNWJ7","0.0000000","0.0000000","0.0000000","true","63810794","accounts-0004.json","64211144","2026-08-31T16:01:40Z"
"GDNWVMBLSDQXMRWSPFDDO2QPO7Q4Q4S7FOFYZXJDDYJR2YF5HTB6AOAD","0.0000000","0.0000000","0.0000000","true","64044079","accounts-0004.json","64211144","2026-08-31T16:01:40Z"
"GDNYRSBVUEGBUFPORYLWM2YE4IVLYTQPZKVSZ6GXZWQWSE373S3272DM","0.0000000","0.0000000","0.0000000","true","64208429","accounts-0004.json","64211144","2026-08-31T16:01:40Z"
"GDO6U6PAX4665TIXLIL7EL445RZV6RZ7C5GVOPGNYUVIV54ICDXY2MOA","0.0000000","0.0000000","0.0000000","true","64207625","accounts-0005.json","64211152","2026-08-31T16:01:53Z"
"GDOF7X72I5LSL3OOOQBXRCRCL4NCRUB235A4GBDU2IZT56GF2XRVHZZT","0.0000000","0.0000000","0.0000000","true","64185742","accounts-0005.json","64211152","2026-08-31T16:01:53Z"
"GDOG7O6OXMKTEPB2CG66LGD6AJIR5UFRJD6LHNHOEQF22J3UVYKSEFZW","0.8770209","0.0000000","0.0000000","true","63581159","accounts-0005.json","64211152","2026-08-31T16:01:53Z"
"GDOGTVSE6NO24CXQKJZ6UD32DRBNNK5J34BRDDHUTEC65U22DFN2SCAM","0.0000000","0.0000000","0.0000000","true","63394054","accounts-0005.json","64211152","2026-08-31T16:01:53Z"
"GDOMCELWR5YWG5IIKV23OGFQBIDGO7LQSUEZT6FHU3LQB3CD5SQ5IEAN","0.0000000","0.0000000","0.0000000","true","63591674","accounts-0005.json","64211152","2026-08-31T16:01:53Z"
"GDON43B6PO4D57WJQ2W3UQONXOVLCPZHSRJYCUA6QASVTUHGQMWW2B2I","0.0000000","0.0000000","0.0000000","true","64109333","accounts-0005.json","64211152","2026-08-31T16:01:53Z"
"GDOPLBZCPHGURAMRWBDWVXWUJE3XDNQ7UG6UTJV7AQUR3UH2ENATCCS6","0.5000000","0.0000000","0.0000000","true","63581194","accounts-0005.json","64211152","2026-08-31T16:01:53Z"
"GDP3KXDH7F2OXKLLKRUQFJGC4FXMNRHNKOYI7DHYL33GNSJIACIMJ6LG","0.0000233","0.0000000","0.0000000","true","63998268","accounts-0005.json","64211152","2026-08-31T16:01:53Z"
"GDP4GS5B5FCHDHDTCETRIILUGP3N236WHDYXEVNBKYIJDGDKJ63SXEG6","0.0000000","0.0000000","0.0000000","true","64109347","accounts-0005.json","64211152","2026-08-31T16:01:53Z"
"GDPASRZ3FHCVDC7R23XDZOG4ZDLXKWH32EIMZF7EE74II4ZEQTCVP7NP","2.0000000","0.0000000","0.0000000","true","63580983","accounts-0005.json","64211152","2026-08-31T16:01:53Z"
"GDPGJV7QJVW3BNQA6NRHV3LBFMTQALW6N32VR3OZKYXQ5IUTMZSEKJC5","0.4870629","0.0000000","0.0000000","true","64031647","accounts-0005.json","64211152","2026-08-31T16:01:53Z"
"GDPGMU5L46OUQZXPXTHU5PLYHD6TGVFSKZXBKKJRMYPAYZA2UTR2FRHG","0.0000000","0.0000000","0.0000000","true","63566817","accounts-0005.json","64211152","2026-08-31T16:01:53Z"
"GDPNEJ3JO773VWJ3BTGHIQ5SBZF4BRAF7WUKONFQRVLXK5KMDVDB2RHQ","0.9386215","0.0000000","0.0000000","true","63656939","accounts-0005.json","64211152","2026-08-31T16:01:53Z"
"GDPRL55OSC2VXLZG4KFJX6FCX2D5BDEHIOP3AYHC4QQ3AXE4VR5EHZOV","12.5652008","0.0000000","0.0000000","true","63756261","accounts-0005.json","64211152","2026-08-31T16:01:53Z"
"GDPT5GGQ7AQTEF33V2AVQTHFXK3N5KQSZTMEEEOKAJOJQ7K67P5I4DAX","0.0000000","0.0000000","0.0000000","true","63377794","accounts-0005.json","64211152","2026-08-31T16:01:53Z"
"GDPTRMC2LJC6XNC2BRTZLAZSX4PPD7IJ4IRLGWKRN6YMYOZHX4SXZG3M","0.0000000","0.0000000","0.0000000","true","63591992","accounts-0005.json","64211152","2026-08-31T16:01:53Z"
"GDPU3M6OSAP3BAJHRVIV6FGXGZMQZZ2AN43KD43BD465DE75EHDJBCV4","2.6802506","0.0000000","0.0000000","true","63797242","accounts-0005.json","64211152","2026-08-31T16:01:53Z"
"GDQIPBAWHZQRG3KODNABQDTEHIV2EPN5OV6MAEY4JVRO4R7TA462DB67","0.0000000","10800.0000000","0.0000000","true","64194489","accounts-0005.json","64211152","2026-08-31T16:01:53Z"
"GDQLNCV4KRIYEM7QI4BAMR2BTJYQY7SK7OVUEVIO6DKJZ2VLBCGMANZO","0.0000000","0.0000000","0.0000000","true","64201040","accounts-0005.json","64211152","2026-08-31T16:01:53Z"
"GDQQBII7E3LJJALSQ2YMOVKV3SJ57XO4YWBDWIPRWEV3HN4P36V642VN","1391.7955400","0.0000000","0.0000000","true","64119033","accounts-0005.json","64211152","2026-08-31T16:01:53Z"
"GDQU3PICM3YCNXMJZ2V4CW6DTD2BGJSJI2A6XSVCVNHO52QMXXU4GMBA","0.0000000","0.0000000","0.0000000","true","63408332","accounts-0005.json","64211152","2026-08-31T16:01:53Z"
"GDQXJNWWGLL4IDKZV3QRQRYLYPTU5L2NODLKRFMMNHQCED2XQAPS5VIU","0.0000000","0.0000000","0.0000000","true","64006125","accounts-0005.json","64211152","2026-08-31T16:01:53Z"
"GDQY3T2ZJXVGV23R32AIHKPC2RLMMYSEK3EGRZ4MA2CYEGXHE63BLEND","0.9389096","0.0000000","0.0000000","true","64113834","accounts-0005.json","64211152","2026-08-31T16:01:53Z"
"GDR423VLLSYER6G4PHXCB2WCJCTKIHBRCT65XXDHF3PN3UVFGFGJUD4D","0.2855302","0.0000000","0.0000000","true","64105454","accounts-0005.json","64211152","2026-08-31T16:01:53Z"
"GDR7P45P556MYOWHU23TSOKPERC4PCZ2DTG43UYXPP2ELPZDWE7SCZNJ","0.0000000","0.0000000","0.0000000","true","63809046","accounts-0005.json","64211152","2026-08-31T16:01:53Z"
"GDRB2OYCFKVTHYWWU23S3YZQLKHLH66IMHJBT7QBZ764XZAT6R26TUG5","0.0000000","40000000.0000000","0.0000000","true","63799267","accounts-0005.json","64211152","2026-08-31T16:01:53Z"
"GDRGGC7U6NCXKTKZ7XOWEYDGFPFDKAV4MRQH4TG2C4A7JFSLSL4XZX4H","0.0000000","0.0000000","0.0000000","true","63904816","accounts-0005.json","64211152","2026-08-31T16:01:53Z"
"GDRLJGRX2ZAXTECFZPSN57WITEJ466HTW42CU6QTZ6ZU54T7BM7KTECX","0.0000000","0.0000000","0.0000000","true","63592011","accounts-0005.json","64211152","2026-08-31T16:01:53Z"
"GDRORX2YDHQKX5IVF7ABIAQJ5RVLFPA4OZ5E3AL25PJJEMCH6QKBDRAH","0.0000000","0.0000000","0.0000000","true","63592701","accounts-0005.json","64211152","2026-08-31T16:01:53Z"
"GDRTAFQHALZAH7ROM67K67GSPTQW6V2BISMR3R4SSC4WSXGJSF4IAALD","0.0000000","0.0000000","0.0000000","true","63591768","accounts-0005.json","64211152","2026-08-31T16:01:53Z"
"GDRVILZBFLTOKQBCTRHKZI2I2SSINIVVEFUIGUUUEJOQSY3FPQHXQ5OU","0.0000000","0.0000000","0.0000000","true","63592260","accounts-0005.json","64211152","2026-08-31T16:01:53Z"
"GDRY3SG66CMB43WVSIHIWMVOUOI3G7CPZGBBCGNNK2TGBQZTB5HVGXFS","0.0000000","0.0000000","0.0000000","true","64042279","accounts-0005.json","64211152","2026-08-31T16:01:53Z"
"GDS4NQFS4OAK6ZW67SXPMXFHEDLILHTORCPSTMEEKHNNRFLTTJPHAOWT","0.0000000","0.0000000","0.0000000","true","63703144","accounts-0005.json","64211152","2026-08-31T16:01:53Z"
"GDS5AJSOXTMCVCXZXUDCTAQEFEPT4JSCWD6T6UQMCWNPFQ7TINNABTG5","0.0000000","0.0000000","0.0000000","true","63797242","accounts-0005.json","64211152","2026-08-31T16:01:53Z"
"GDSANA2XZQJLPEWXKAF5XYOFYNJXCDQNFUJMW3EVGASIAXALG65YIHXC","213.5163169","1439884.8092152","213.5163169","true","64203672","accounts-0005.json","64211152","2026-08-31T16:01:53Z"
"GDSKHARZUEOP6QXD2DVFFMZ5JFJNZSKXAPQ2YSEJTIGLMI2NTFRZXT3D","0.0000000","0.0000000","0.0000000","true","63940169","accounts-0005.json","64211152","2026-08-31T16:01:53Z"
"GDSPIHPVRMAOULDLMWUDINSDMHFTFRCQ25CXFNCFKUJMG7PPFGMY7Y6Z","0.0000000","0.0000000","0.0000000","true","64082227","accounts-0005.json","64211152","2026-08-31T16:01:53Z"
"GDSRKPDGHTOIOH3LHBUBARUHV45TXD6C6PSD5XSRF6MVZYMP3QVT2TXD","0.2680151","0.0000000","0.0000000","true","64039268","accounts-0005.json","64211152","2026-08-31T16:01:53Z"
"GDSXNCUN6Y23EACFGE4LP55GHUJFKODCW723VASUL3KVRFXC4M32L6LH","0.2716219","0.0000000","0.0000000","true","63581231","accounts-0005.json","64211152","2026-08-31T16:01:53Z"
"GDSZO6HQJH46V5ONOR7JJBCTWX6DNPNEQBTOTBDFN7CE64O37ELOMLHG","13.6792971","0.0000000","0.0000000","true","63580522","accounts-0005.json","64211152","2026-08-31T16:01:53Z"
"GDT5M76R5P57PRZVV6JQROJFQ7EF7RW3ZQIHJOEYCU5TQJEMVFZIS4X2","0.0831380","0.0000000","0.0000000","true","63581282","accounts-0005.json","64211152","2026-08-31T16:01:53Z"
"GDTE4LHRSOQ2G7HSI3D2WGZNSDPZBVADGY5OFJUNIC5APAHU7SMYELGR","7.9170171","0.0000000","0.0000000","true","63670628","accounts-0005.json","64211152","2026-08-31T16:01:53Z"
"GDTLPW3OT45NMOLJKWS3LF6GUAP77Y27XJ4ZMDR7XLCUYSWD4M4Y6TLC","0.0000000","0.0000000","0.0000000","true","64208666","accounts-0005.json","64211152","2026-08-31T16:01:53Z"
"GDTN4MKTCF7LSBBNTITQYXN7K2WWDEYDR4FMJD3XZV2HXUVVCORAEIXL","0.0000000","0.0000000","0.0000000","true","63591452","accounts-0005.json","64211152","2026-08-31T16:01:53Z"
"GDTP5ZMG2PX4YKXQLCLWI3GXUSUNYWLI45JJKYT3WP5LTK4WDIMXT35W","0.0000000","0.0000000","0.0000000","true","64189543","accounts-0005.json","64211152","2026-08-31T16:01:53Z"
"GDTUE2BOO2ARADZU4XAMYGR43KPMSAP3UMEQEV5OCESLC3YCGEIOUY3N","0.0000000","0.0000000","0.0000000","true","63464935","accounts-0005.json","64211152","2026-08-31T16:01:53Z"
"GDU5ILF4LAJRO447U5LU2P42FYYLOA2VBGIFTUNOSW6QPDEKYRRRREKT","0.0000000","0.0000000","0.0000000","true","63378141","accounts-0005.json","64211152","2026-08-31T16:01:53Z"
"GDU5QETZSDOQNAF2KV75T3YOPUNNGEHG6CKKKLRSXJCWECPRHCNDHEBU","0.0000000","0.0000000","0.0000000","true","63395907","accounts-0005.json","64211152","2026-08-31T16:01:53Z"
"GDUBQRBBJFWKBE4W5NHU5VLTM3JYZC3DQTEU6GJ3AA2LO3AMX64Q5YF5","196.7973341","0.0000000","0.0000000","true","64185982","accounts-0005.json","64211152","2026-08-31T16:01:53Z"
"GDUDGSFNPXQIT3BRGYET33ARBYRGH343COAAWOSOURUAM7C5MS3COOFP","0.0000000","0.0000000","0.0000000","true","64109327","accounts-0005.json","64211152","2026-08-31T16:01:53Z"
"GDUJ3UUKQHMZEX2J7LN222VSFEP4GWNAGKW3W7T55H5FBHNV63QQZPMX","3.1365994","0.0000000","0.0000000","true","64061885","accounts-0005.json","64211152","2026-08-31T16:01:53Z"
"GDUPQYY45BTKQTLM2KWUI2A2LGDJK6ZDT3NPNLYCVEENUV3M5BANCHC4","0.0000000","0.0000000","0.0000000","true","63592621","accounts-0005.json","64211152","2026-08-31T16:01:53Z"
"GDUVIZDGBD3XMAB4RHFXADQGJGZ3MD5XS2FGKT7AYK5WBQ6INVTN3NZM","0.0000000","0.0000000","0.0000000","true","63194213","accounts-0005.json","64211152","2026-08-31T16:01:53Z"
"GDVL6J3UL55RTD7VBY4DGL377WRWOSDB2RTBO24DLE4UQ6HUBI7X4674","0.1387945","0.0000000","0.0000000","true","63581267","accounts-0005.json","64211152","2026-08-31T16:01:53Z"
"GDVOLYGSTBQSUEWTKTJLWD2HSVDEP33SUBU3MUNB3VO2YCBSUGIEOKUV","0.0000000","0.0000000","0.0000000","true","64109337","accounts-0005.json","64211152","2026-08-31T16:01:53Z"
"GDVTH5TEG4MX2N2CDQZ2CIB2BLCLHU2ZJVMR7AYSXO7THFDR4TOJXKBJ","0.0000000","0.0000000","0.0000000","true","63394264","accounts-0005.json","64211152","2026-08-31T16:01:53Z"
"GDVTRXD27OABWOLSFCDVUE3GRV7DSHBGGDRKJBYSUMO6K6UPXT5N4BLL","0.0000000","0.0000000","0.0000000","true","63591929","accounts-0005.json","64211152","2026-08-31T16:01:53Z"
"GDVZKNKMMG23UAQMHXAKP5YYCJVXAAAQ6E6RZ7S2OQRH2SZSODVDRR44","0.0000000","0.0000000","0.0000000","true","64137397","accounts-0005.json","64211152","2026-08-31T16:01:53Z"
"GDW4A5LTRLADFFDHW72OWTSP6GZC67X76CXGJIFYC7OD5PGAO4WOLEFC","0.0000000","0.0000000","0.0000000","true","64156415","accounts-0005.json","64211152","2026-08-31T16:01:53Z"
"GDW622D2XXN2F4VNF5ZDISHRRQ4VC67HVXON3JNRLFMX675HMVCPGSEG","0.0000000","0.0000000","0.0000000","true","63592431","accounts-0005.json","64211152","2026-08-31T16:01:53Z"
"GDWG7J5SZNSPAUHYHLR5C6UPXID6SVJLAXFTIRYEBB736EO3M7HJL4GO","0.0000000","0.0000000","0.0000000","true","64210225","accounts-0005.json","64211152","2026-08-31T16:01:53Z"
"GDWUFT672TGMPQJZT3OFUVWZI4VQZAFEQUOC27W76XYOX2IIMVPZ4EKL","0.0000000","0.0000000","0.0000000","true","63193034","accounts-0005.json","64211152","2026-08-31T16:01:53Z"
"GDWWYUNBR6QHJGW5PTKJPDOVSU64HXKQLXGZI655ZD6L36H2NBJEYDT5","0.0000000","0.0000000","0.0000000","true","63591468","accounts-0005.json","64211152","2026-08-31T16:01:53Z"
"GDX6WPFXVCJWQNVL37DNKBGKK4K35O55FYBXU3MZFYENPFQ5FBYJDQJD","0.0000000","0.0000000","0.0000000","true","63848445","accounts-0005.json","64211152","2026-08-31T16:01:53Z"
"GDX7VRWLTSGXD2DPE3RKLKXYAF4QNYIMPQE5UM4PANCOFKNPDH7CETXM","0.0000000","0.0000000","0.0000000","true","63551821","accounts-0005.json","64211152","2026-08-31T16:01:53Z"
"GDXANNTLQJJOCGAEXL46FQXNBGS7MW5JO7ZJ6A64Z6UKBHWSD3W3OMSZ","0.0000000","0.0000000","0.0000000","true","63394388","accounts-0005.json","64211152","2026-08-31T16:01:53Z"
"GDXQNNRSY5HFXKNS6C6S6LQBUMZ6GF6IRDV3QE4RJC7VLAUMWAZEUHHD","0.0000003","0.0000000","0.0000000","true","64042413","accounts-0005.json","64211152","2026-08-31T16:01:53Z"
"GDY57YXNJRD74SN76LCHGAAJ6IPDI4T2WN2NMTTWL7R53RCKDR62EZVF","0.0665104","0.0000000","0.0000000","true","63581301","accounts-0005.json","64211152","2026-08-31T16:01:53Z"
"GDYTQGUWJMU4KXUFGK57SBCHAS275MXXCXK2WXWBNAZFAFQEYR2BA3TJ","0.0000000","0.0000000","0.0000000","true","63406817","accounts-0005.json","64211152","2026-08-31T16:01:53Z"
"GDYWLPNRTFAEZ6JGEBOTVBXLFQUSJFLDN5BPPJFLCIO5QNECIMO4UWZP","22.8384733","0.0000000","0.0000000","true","63580482","accounts-0005.json","64211152","2026-08-31T16:01:53Z"
"GDYYNK2RFU5AJRSLJRE2LRFJIAGELSQESA3VK65EVIXGE6XATUC66UZ2","0.0000000","0.0000000","0.0000000","true","63393912","accounts-0005.json","64211152","2026-08-31T16:01:53Z"
"GDZ5HDZP5LHHTF7QNNIZV55SCVKRSZS6UXGBRISF4CY5QUX7FMQ3ABNU","0.0000000","0.0000000","0.0000000","true","64184264","accounts-0005.json","64211152","2026-08-31T16:01:53Z"
"GDZK4JBS567MWKLC7O3BIHDP4B2V2RPRBWDU2KML4CPVNIO3W3YXNOOT","0.0000000","0.0000000","0.0000000","true","64187831","accounts-0005.json","64211152","2026-08-31T16:01:53Z"
"GDZUYUDTAHZBE24RAOZOGQ52YHVPP6676USWSYC5ITFJ5WFGJQH3J3WP","1.2336192","0.0000000","0.0000000","true","63887859","accounts-0005.json","64211152","2026-08-31T16:01:53Z"
"GDZZ4PDSYC2HREZLNK3OHUHRCWALEBHKWSQKYCXIANCOXU5YUIGSZZEA","0.0000000","0.0000000","0.0000000","true","63382634","accounts-0005.json","64211152","2026-08-31T16:01:53Z"
