account_id	requested_at_utc	received_at_utc	http_status	sha256	stored_file	url
(root)	2026-08-31T16:46:14Z	2026-08-31T16:46:15Z	200	1fb13b977e3a88b91b63cf107744067ac07fe1d660d98203e0a77630427a546e	horizon-root.json	https://horizon.stellar.org/
GA2FOVTYGQEL26I3EJFQV3LWURSNRATCLVAWMXDBTY5E6XPT3TSV22G6	2026-08-31T16:46:16Z	2026-08-31T16:46:17Z	200	a832e7cc20428877b6a72d5841f4ce01d716379e84aee8e5503720b0c5965901	accounts/GA2FOVTYGQEL26I3EJFQV3LWURSNRATCLVAWMXDBTY5E6XPT3TSV22G6.json	https://horizon.stellar.org/accounts/GA2FOVTYGQEL26I3EJFQV3LWURSNRATCLVAWMXDBTY5E6XPT3TSV22G6/operations?order=asc&limit=1
GA2X4GX5DEW7FANH4AFVULQJ3SAQCGYVCL6N3OA7RGCEHKIWIJCZHPWV	2026-08-31T16:46:17Z	2026-08-31T16:46:18Z	200	d8a329a758102c2b78ca0c06ac5dd2656ac0154376b180bcb1e54dd626c08b40	accounts/GA2X4GX5DEW7FANH4AFVULQJ3SAQCGYVCL6N3OA7RGCEHKIWIJCZHPWV.json	https://horizon.stellar.org/accounts/GA2X4GX5DEW7FANH4AFVULQJ3SAQCGYVCL6N3OA7RGCEHKIWIJCZHPWV/operations?order=asc&limit=1
GA36GCRWHPEQO67IGCBYSTKFPY4KUFJX65CFP6B6BSOEDFWQJEGB4A4V	2026-08-31T16:46:18Z	2026-08-31T16:46:19Z	200	4ef42cb77178966cb9e793ec695b280a883b5f4a7002f5658622aaf2da22e021	accounts/GA36GCRWHPEQO67IGCBYSTKFPY4KUFJX65CFP6B6BSOEDFWQJEGB4A4V.json	https://horizon.stellar.org/accounts/GA36GCRWHPEQO67IGCBYSTKFPY4KUFJX65CFP6B6BSOEDFWQJEGB4A4V/operations?order=asc&limit=1
GA3MZAUSXUJFLEQEMIK5QZXZJOT3XUIEHOK7OVGGOSSFFWTF2LVDC7X3	2026-08-31T16:46:20Z	2026-08-31T16:46:21Z	200	d9e43de8f18083d4e758200fcfcf412db7633468a7baebdda60c877f32d46315	accounts/GA3MZAUSXUJFLEQEMIK5QZXZJOT3XUIEHOK7OVGGOSSFFWTF2LVDC7X3.json	https://horizon.stellar.org/accounts/GA3MZAUSXUJFLEQEMIK5QZXZJOT3XUIEHOK7OVGGOSSFFWTF2LVDC7X3/operations?order=asc&limit=1
GA3NU3WXKKU4SJMZF6RQZOD2MIOCRQ77IT53TXTJPNPP3GPDEPKJYLAN	2026-08-31T16:46:21Z	2026-08-31T16:46:22Z	200	d7e42f7d85dc60101506926ccc696ee2521824309a217f302b9094d2ebb4bcd3	accounts/GA3NU3WXKKU4SJMZF6RQZOD2MIOCRQ77IT53TXTJPNPP3GPDEPKJYLAN.json	https://horizon.stellar.org/accounts/GA3NU3WXKKU4SJMZF6RQZOD2MIOCRQ77IT53TXTJPNPP3GPDEPKJYLAN/operations?order=asc&limit=1
GA52GNORRIE2ZNLIYV7TQMA75LCQDIMVUOACGEKPQTKE47CNOXLODWAS	2026-08-31T16:46:22Z	2026-08-31T16:46:23Z	200	de81cf6cc3fa9004512da823f890c68e483ad112a4af7c2854c46e274eabe0c8	accounts/GA52GNORRIE2ZNLIYV7TQMA75LCQDIMVUOACGEKPQTKE47CNOXLODWAS.json	https://horizon.stellar.org/accounts/GA52GNORRIE2ZNLIYV7TQMA75LCQDIMVUOACGEKPQTKE47CNOXLODWAS/operations?order=asc&limit=1
GA542INWZHMZHP4UPJZ7MG45BZQRVMCIONWVSXVBCQMZ7XAEJL2YOJWF	2026-08-31T16:46:24Z	2026-08-31T16:46:25Z	200	c0ab3c2d880e09dd8ce9392f2dc198fec159603c4e4c46ae54ecf3c10d6263b2	accounts/GA542INWZHMZHP4UPJZ7MG45BZQRVMCIONWVSXVBCQMZ7XAEJL2YOJWF.json	https://horizon.stellar.org/accounts/GA542INWZHMZHP4UPJZ7MG45BZQRVMCIONWVSXVBCQMZ7XAEJL2YOJWF/operations?order=asc&limit=1
GA5RBG3ZICYRHJ6WDAWCIV6GSKKRCT2CKUQUWDBMRYFD7TJ4NMY77CQV	2026-08-31T16:46:25Z	2026-08-31T16:46:26Z	200	236c0ca2c6da97a920dd44abe2b8846c3fea498c2f03ef02de9c22e2835ac5b3	accounts/GA5RBG3ZICYRHJ6WDAWCIV6GSKKRCT2CKUQUWDBMRYFD7TJ4NMY77CQV.json	https://horizon.stellar.org/accounts/GA5RBG3ZICYRHJ6WDAWCIV6GSKKRCT2CKUQUWDBMRYFD7TJ4NMY77CQV/operations?order=asc&limit=1
GA65TDIOSBUMEOVKV4HRQWTTJMCKDCH3XK7TOVBXXD6FGQMVUPRISXWD	2026-08-31T16:46:26Z	2026-08-31T16:46:27Z	200	c0e7196760059856571180af9b201d2750911736bcf917c81c4a0a63476cc8d5	accounts/GA65TDIOSBUMEOVKV4HRQWTTJMCKDCH3XK7TOVBXXD6FGQMVUPRISXWD.json	https://horizon.stellar.org/accounts/GA65TDIOSBUMEOVKV4HRQWTTJMCKDCH3XK7TOVBXXD6FGQMVUPRISXWD/operations?order=asc&limit=1
GA6OFJO6XCCOYRWE6CWLRYBIYMNBBODAHKDHJYP42KMXMPBFQZNI4Y7C	2026-08-31T16:46:28Z	2026-08-31T16:46:29Z	200	7c17d30dbfe9672d655a841b8c6cbb540973120fdde764cbea1e48573ed65b81	accounts/GA6OFJO6XCCOYRWE6CWLRYBIYMNBBODAHKDHJYP42KMXMPBFQZNI4Y7C.json	https://horizon.stellar.org/accounts/GA6OFJO6XCCOYRWE6CWLRYBIYMNBBODAHKDHJYP42KMXMPBFQZNI4Y7C/operations?order=asc&limit=1
GA6QBLU7CMZ7XTQYPXS253323YBTKRP2YU2BUQP4VFUKUQGEXNGIOXSM	2026-08-31T16:46:29Z	2026-08-31T16:46:30Z	200	ec55e746c5efdd6bb4f0e49ae042aae8a7d030e209df123f3ac109898a10b1a9	accounts/GA6QBLU7CMZ7XTQYPXS253323YBTKRP2YU2BUQP4VFUKUQGEXNGIOXSM.json	https://horizon.stellar.org/accounts/GA6QBLU7CMZ7XTQYPXS253323YBTKRP2YU2BUQP4VFUKUQGEXNGIOXSM/operations?order=asc&limit=1
GA6SYMFVLA74WVIHZNGLDQHET4APUQ5RDWX3Q46I56FC55PCI22PCLXY	2026-08-31T16:46:31Z	2026-08-31T16:46:32Z	200	1ddb18584f46d5a378069a1c3579e0b7612d90df1daddf1199966a2d1586c0bb	accounts/GA6SYMFVLA74WVIHZNGLDQHET4APUQ5RDWX3Q46I56FC55PCI22PCLXY.json	https://horizon.stellar.org/accounts/GA6SYMFVLA74WVIHZNGLDQHET4APUQ5RDWX3Q46I56FC55PCI22PCLXY/operations?order=asc&limit=1
GA6U5JBVNTC2EKQHPZ5MEDZGJCWXLKPSJG5HAGFFMVA3UTXV5GVTWOVA	2026-08-31T16:46:32Z	2026-08-31T16:46:33Z	200	98c418fd0d88bf5caccfaa9f8d81505da95613bf8952667ff168b03794e34e14	accounts/GA6U5JBVNTC2EKQHPZ5MEDZGJCWXLKPSJG5HAGFFMVA3UTXV5GVTWOVA.json	https://horizon.stellar.org/accounts/GA6U5JBVNTC2EKQHPZ5MEDZGJCWXLKPSJG5HAGFFMVA3UTXV5GVTWOVA/operations?order=asc&limit=1
GA6VKAKAQ6WTVZW5C45K773R7VWALJIBIHNGRVTRJA45PLKY5MN6GDOY	2026-08-31T16:46:33Z	2026-08-31T16:46:34Z	200	8aefce663f1d6335a682728d214f461c0532b7eff5de9eb5f1eb9c076e7af8e7	accounts/GA6VKAKAQ6WTVZW5C45K773R7VWALJIBIHNGRVTRJA45PLKY5MN6GDOY.json	https://horizon.stellar.org/accounts/GA6VKAKAQ6WTVZW5C45K773R7VWALJIBIHNGRVTRJA45PLKY5MN6GDOY/operations?order=asc&limit=1
GA7EDMNIJATCVSIYJSS5XJPSS3DPEBQRBTGG5ZPLGMKMWPZJ5F27IFQQ	2026-08-31T16:46:35Z	2026-08-31T16:46:36Z	200	5f4d2c8d3572b5fe781e1784d4a88f813dc93ea44f138d3015290afe5b8e5de2	accounts/GA7EDMNIJATCVSIYJSS5XJPSS3DPEBQRBTGG5ZPLGMKMWPZJ5F27IFQQ.json	https://horizon.stellar.org/accounts/GA7EDMNIJATCVSIYJSS5XJPSS3DPEBQRBTGG5ZPLGMKMWPZJ5F27IFQQ/operations?order=asc&limit=1
GA7JBOZ7DQ5QQWSHZHAGL5DSB764O3PSDXIRPPO6DCGE25JTDL2NW5MC	2026-08-31T16:46:36Z	2026-08-31T16:46:37Z	200	85add7c67a818342a8758e497dd5602b4458aaaa2c6f7e1e8b6be537f5d4657a	accounts/GA7JBOZ7DQ5QQWSHZHAGL5DSB764O3PSDXIRPPO6DCGE25JTDL2NW5MC.json	https://horizon.stellar.org/accounts/GA7JBOZ7DQ5QQWSHZHAGL5DSB764O3PSDXIRPPO6DCGE25JTDL2NW5MC/operations?order=asc&limit=1
GA7O3ZGCR6TL6PSSJJYGEPQRYF4JOPGWULTFTZVSVSGXUZIFNYH7SH3L	2026-08-31T16:46:37Z	2026-08-31T16:46:38Z	200	332982eae020635d85605a30d896bb9ce7488af940418c3c6cfb7db6ac27b6db	accounts/GA7O3ZGCR6TL6PSSJJYGEPQRYF4JOPGWULTFTZVSVSGXUZIFNYH7SH3L.json	https://horizon.stellar.org/accounts/GA7O3ZGCR6TL6PSSJJYGEPQRYF4JOPGWULTFTZVSVSGXUZIFNYH7SH3L/operations?order=asc&limit=1
GA7OUL2JINNCMOAX2VMATVLI3XWCQQTMOIUDWFHBOQCRKAQBDEQU7QKY	2026-08-31T16:46:39Z	2026-08-31T16:46:40Z	200	4ce72489982d3c5815ae1bd3412561bbb7765d2cc83c2ad30527ad18c070994f	accounts/GA7OUL2JINNCMOAX2VMATVLI3XWCQQTMOIUDWFHBOQCRKAQBDEQU7QKY.json	https://horizon.stellar.org/accounts/GA7OUL2JINNCMOAX2VMATVLI3XWCQQTMOIUDWFHBOQCRKAQBDEQU7QKY/operations?order=asc&limit=1
GAAGOD2OIRYWLAENFO27YL6NTFRPAGBJBC6LFVADUWHQUOSL22KIKKKE	2026-08-31T16:46:40Z	2026-08-31T16:46:42Z	200	df312af416db547251b1861b8b80acf381d745cf674783f143808bf8b1755007	accounts/GAAGOD2OIRYWLAENFO27YL6NTFRPAGBJBC6LFVADUWHQUOSL22KIKKKE.json	https://horizon.stellar.org/accounts/GAAGOD2OIRYWLAENFO27YL6NTFRPAGBJBC6LFVADUWHQUOSL22KIKKKE/operations?order=asc&limit=1
GAAIONDFMU2YT5JYRLRYD6ZB3G2X3IZLZSGO3BUABWAY7RWJOD346JDO	2026-08-31T16:46:42Z	2026-08-31T16:46:43Z	200	57d32399b0f3474d617b44d111b40b481fc3253a9e57ec2b6bc2661302f88b3c	accounts/GAAIONDFMU2YT5JYRLRYD6ZB3G2X3IZLZSGO3BUABWAY7RWJOD346JDO.json	https://horizon.stellar.org/accounts/GAAIONDFMU2YT5JYRLRYD6ZB3G2X3IZLZSGO3BUABWAY7RWJOD346JDO/operations?order=asc&limit=1
GAAPLO3QJLEATSXJNDKCLLABGCNVABPRXJDA35YXKCKGCQJ25IQWD5XR	2026-08-31T16:46:43Z	2026-08-31T16:46:44Z	200	4e3db33e93102904653eeb237c458940aa1286be91f18705a390c5ac6b3196da	accounts/GAAPLO3QJLEATSXJNDKCLLABGCNVABPRXJDA35YXKCKGCQJ25IQWD5XR.json	https://horizon.stellar.org/accounts/GAAPLO3QJLEATSXJNDKCLLABGCNVABPRXJDA35YXKCKGCQJ25IQWD5XR/operations?order=asc&limit=1
GAAS5T3XLDLQ7BI6XVCHPTPPMDJYFB534XIL4WUVYWN2HDCOULYZFTY4	2026-08-31T16:46:45Z	2026-08-31T16:46:46Z	200	87fd8e82d292f1eddffdeb63edf601cecba501efe26b43a40b130928ef95f332	accounts/GAAS5T3XLDLQ7BI6XVCHPTPPMDJYFB534XIL4WUVYWN2HDCOULYZFTY4.json	https://horizon.stellar.org/accounts/GAAS5T3XLDLQ7BI6XVCHPTPPMDJYFB534XIL4WUVYWN2HDCOULYZFTY4/operations?order=asc&limit=1
GAAXZMQL64IF7AHAEZA2MFQ4HG3LYOUGZQNCUZUIWNJPLSQLRAHN2AHP	2026-08-31T16:46:46Z	2026-08-31T16:46:47Z	200	02a5d9ce2c75d2a8603556ed8e3184ebe6ac0a435827110793665ab729632352	accounts/GAAXZMQL64IF7AHAEZA2MFQ4HG3LYOUGZQNCUZUIWNJPLSQLRAHN2AHP.json	https://horizon.stellar.org/accounts/GAAXZMQL64IF7AHAEZA2MFQ4HG3LYOUGZQNCUZUIWNJPLSQLRAHN2AHP/operations?order=asc&limit=1
GAB63ICRW45I3OSNO4HDTEGD4GF5J7LU3H6EI4VLF7IQKFGQ6IMJFGGB	2026-08-31T16:46:47Z	2026-08-31T16:46:48Z	200	fdf2b21b8c5da48cafc0e16b9ca00fdef2aee154592b388894267741dbeb538c	accounts/GAB63ICRW45I3OSNO4HDTEGD4GF5J7LU3H6EI4VLF7IQKFGQ6IMJFGGB.json	https://horizon.stellar.org/accounts/GAB63ICRW45I3OSNO4HDTEGD4GF5J7LU3H6EI4VLF7IQKFGQ6IMJFGGB/operations?order=asc&limit=1
GABFRFPYM2BXM4OM2ZA4YDBWY4CMPVESHQMKXSM47MWWJD4TW2KQDWWN	2026-08-31T16:46:49Z	2026-08-31T16:46:50Z	200	7a6a3d73a5829956d2a5a1e97f5b4e2b90839ef30b5cd34e2a9197ce3a48f07b	accounts/GABFRFPYM2BXM4OM2ZA4YDBWY4CMPVESHQMKXSM47MWWJD4TW2KQDWWN.json	https://horizon.stellar.org/accounts/GABFRFPYM2BXM4OM2ZA4YDBWY4CMPVESHQMKXSM47MWWJD4TW2KQDWWN/operations?order=asc&limit=1
GABGQYAH4JFP5F3LEZEDVUMWPHQK5NDFKQ25VUYBE4A2RFHZQ2OPVH7F	2026-08-31T16:46:50Z	2026-08-31T16:46:51Z	200	d90ee88ec3051067f1e2a5993600ef8d484ebca431837fea6eb7df3d4c7fa8fc	accounts/GABGQYAH4JFP5F3LEZEDVUMWPHQK5NDFKQ25VUYBE4A2RFHZQ2OPVH7F.json	https://horizon.stellar.org/accounts/GABGQYAH4JFP5F3LEZEDVUMWPHQK5NDFKQ25VUYBE4A2RFHZQ2OPVH7F/operations?order=asc&limit=1
GABIOWBZG6IXN7ASBBCDPJ2KK5OWQ76UDV3PN4WPQT5MUCFCUQR4JZLE	2026-08-31T16:46:51Z	2026-08-31T16:46:52Z	200	6d6585347396571657784557a5303b6b310e60f06ee6f9f3625565b65d94030d	accounts/GABIOWBZG6IXN7ASBBCDPJ2KK5OWQ76UDV3PN4WPQT5MUCFCUQR4JZLE.json	https://horizon.stellar.org/accounts/GABIOWBZG6IXN7ASBBCDPJ2KK5OWQ76UDV3PN4WPQT5MUCFCUQR4JZLE/operations?order=asc&limit=1
GABP2PTDPCWKMDTT7VGG6HJM5DPPG6TQJUEGFUGO4YCZXTVUXUQ7XSI6	2026-08-31T16:46:53Z	2026-08-31T16:46:54Z	200	00f56962bf1ed32f74c1c53e258e4e23ad02c39d5be03eeadd41ab7dbe2543ae	accounts/GABP2PTDPCWKMDTT7VGG6HJM5DPPG6TQJUEGFUGO4YCZXTVUXUQ7XSI6.json	https://horizon.stellar.org/accounts/GABP2PTDPCWKMDTT7VGG6HJM5DPPG6TQJUEGFUGO4YCZXTVUXUQ7XSI6/operations?order=asc&limit=1
GAC6QV7NDADREIRHXU6LNE5LF4BQ2KTUAVPIVZX6YXPQE6ZOACHK5NUJ	2026-08-31T16:46:54Z	2026-08-31T16:46:55Z	200	22153d10432d206cb2056c02faf1932496ee06a62a63023cd638899b3bbae7dc	accounts/GAC6QV7NDADREIRHXU6LNE5LF4BQ2KTUAVPIVZX6YXPQE6ZOACHK5NUJ.json	https://horizon.stellar.org/accounts/GAC6QV7NDADREIRHXU6LNE5LF4BQ2KTUAVPIVZX6YXPQE6ZOACHK5NUJ/operations?order=asc&limit=1
GACC2OBDFSU4CFD2WMW4S54BAYTMCDHQURSJSWUZFPQMCWZAFNME4OAI	2026-08-31T16:46:55Z	2026-08-31T16:46:56Z	200	f385bcec678612f732f5e12a6f9c7b2136418f6dd46959f76e9af3cfd367094b	accounts/GACC2OBDFSU4CFD2WMW4S54BAYTMCDHQURSJSWUZFPQMCWZAFNME4OAI.json	https://horizon.stellar.org/accounts/GACC2OBDFSU4CFD2WMW4S54BAYTMCDHQURSJSWUZFPQMCWZAFNME4OAI/operations?order=asc&limit=1
GACCB6RW6I4VXKO6FJUAS5COV3TNAJCVILKBSARVGVNIBBEVKVSGCBEM	2026-08-31T16:46:57Z	2026-08-31T16:46:58Z	200	4cb70b5a5598cc31b81d0640367bbeb6656ed3d6c1a8e55642f306b435a40464	accounts/GACCB6RW6I4VXKO6FJUAS5COV3TNAJCVILKBSARVGVNIBBEVKVSGCBEM.json	https://horizon.stellar.org/accounts/GACCB6RW6I4VXKO6FJUAS5COV3TNAJCVILKBSARVGVNIBBEVKVSGCBEM/operations?order=asc&limit=1
GACF36TXCK4P2HSD6XVIIX5RC7G2UJTIOCPBQ7DY2OAB5JVDXMNLQANQ	2026-08-31T16:46:58Z	2026-08-31T16:46:59Z	200	d80e0f8d48864bd4e3f3dc5fbd8bae58ff39d7587ded24cb18db93a7337b93ac	accounts/GACF36TXCK4P2HSD6XVIIX5RC7G2UJTIOCPBQ7DY2OAB5JVDXMNLQANQ.json	https://horizon.stellar.org/accounts/GACF36TXCK4P2HSD6XVIIX5RC7G2UJTIOCPBQ7DY2OAB5JVDXMNLQANQ/operations?order=asc&limit=1
GACILNVZCTNPSAXUOOMH75MBXKFFOBRTWUG64Z6Z7QOJF2SG436VSUTJ	2026-08-31T16:46:59Z	2026-08-31T16:47:00Z	200	0e213702447149a8b5206583ad1ae50c2cbda28fbf2a91da164aa2245eb66830	accounts/GACILNVZCTNPSAXUOOMH75MBXKFFOBRTWUG64Z6Z7QOJF2SG436VSUTJ.json	https://horizon.stellar.org/accounts/GACILNVZCTNPSAXUOOMH75MBXKFFOBRTWUG64Z6Z7QOJF2SG436VSUTJ/operations?order=asc&limit=1
GACJLCIMTADKHHKPKI7PBRETH7BT3ALZNTLDNGNK4KHZHOXKOZYA5VAB	2026-08-31T16:47:01Z	2026-08-31T16:47:02Z	200	d3c5cd4f26946e8deb15f3f93694af8eb5ccccfc7115cd658679167624d423e5	accounts/GACJLCIMTADKHHKPKI7PBRETH7BT3ALZNTLDNGNK4KHZHOXKOZYA5VAB.json	https://horizon.stellar.org/accounts/GACJLCIMTADKHHKPKI7PBRETH7BT3ALZNTLDNGNK4KHZHOXKOZYA5VAB/operations?order=asc&limit=1
GADSSHSO7KFNODKZ3FBYXXAQFKLW6QCOXMOZSYEM4XAHW54IYYM5FLWO	2026-08-31T16:47:02Z	2026-08-31T16:47:03Z	200	6ca4951eb24db772ff014b18dfb389ff29ccc07d394ae6482fe4ff7bd8a20aa7	accounts/GADSSHSO7KFNODKZ3FBYXXAQFKLW6QCOXMOZSYEM4XAHW54IYYM5FLWO.json	https://horizon.stellar.org/accounts/GADSSHSO7KFNODKZ3FBYXXAQFKLW6QCOXMOZSYEM4XAHW54IYYM5FLWO/operations?order=asc&limit=1
GADUP4XUZ5PUVDRX6DXZRTSVIIZW3CXOQPVGARBKBUVMPZNKG7DE4W4M	2026-08-31T16:47:03Z	2026-08-31T16:47:04Z	200	c82a2252321303e21f04d55937b34c3e0290970f715c84b9244952164bfd4c6c	accounts/GADUP4XUZ5PUVDRX6DXZRTSVIIZW3CXOQPVGARBKBUVMPZNKG7DE4W4M.json	https://horizon.stellar.org/accounts/GADUP4XUZ5PUVDRX6DXZRTSVIIZW3CXOQPVGARBKBUVMPZNKG7DE4W4M/operations?order=asc&limit=1
GADUWAZOC3Y2QT2WGPS2GT76YP2F7NR6G5BXNVEJF5TJYMKNTYDHFR3O	2026-08-31T16:47:05Z	2026-08-31T16:47:06Z	200	563f8d59ac269010468c6e8f4614ee1bfef5b80cae2eccca0fbb98570b723ad0	accounts/GADUWAZOC3Y2QT2WGPS2GT76YP2F7NR6G5BXNVEJF5TJYMKNTYDHFR3O.json	https://horizon.stellar.org/accounts/GADUWAZOC3Y2QT2WGPS2GT76YP2F7NR6G5BXNVEJF5TJYMKNTYDHFR3O/operations?order=asc&limit=1
GAE2PTI6HG4SUCHTH7VJ2VDMFOVMXVH3OYW66SN2B6BK5QQUKZRKFL6S	2026-08-31T16:47:06Z	2026-08-31T16:47:07Z	200	e2a98c1aba7facbb057daa8b8d8be259f02da874d8fa6d6ca54ca748917745cd	accounts/GAE2PTI6HG4SUCHTH7VJ2VDMFOVMXVH3OYW66SN2B6BK5QQUKZRKFL6S.json	https://horizon.stellar.org/accounts/GAE2PTI6HG4SUCHTH7VJ2VDMFOVMXVH3OYW66SN2B6BK5QQUKZRKFL6S/operations?order=asc&limit=1
GAELEOBSLSTTEOZNHLYQ4NM7AW54HZW7KHJPPCNPT3SSCS2ZXIPZI6IE	2026-08-31T16:47:07Z	2026-08-31T16:47:08Z	200	925d6bb4c33746e5938ab6ca0ca3b0ec96c46ada741ff9d3a6b366ed36e064f7	accounts/GAELEOBSLSTTEOZNHLYQ4NM7AW54HZW7KHJPPCNPT3SSCS2ZXIPZI6IE.json	https://horizon.stellar.org/accounts/GAELEOBSLSTTEOZNHLYQ4NM7AW54HZW7KHJPPCNPT3SSCS2ZXIPZI6IE/operations?order=asc&limit=1
GAEWJW7QTMVMZBD2EZBHOD2FY7KHP34HWLA5B7RT4TUJ4OOYEYWPROTJ	2026-08-31T16:47:09Z	2026-08-31T16:47:10Z	200	062f4146f98b230b23c632f7cf36c6206e8059ff28e43bc318bc9c305d97b560	accounts/GAEWJW7QTMVMZBD2EZBHOD2FY7KHP34HWLA5B7RT4TUJ4OOYEYWPROTJ.json	https://horizon.stellar.org/accounts/GAEWJW7QTMVMZBD2EZBHOD2FY7KHP34HWLA5B7RT4TUJ4OOYEYWPROTJ/operations?order=asc&limit=1
GAFB7IYPCYZCODQBB5BR5JO45JC4PPVLARUAXQSFHWTLH2KMHPWJ36GD	2026-08-31T16:47:10Z	2026-08-31T16:47:11Z	200	5d484598715540a9c7beab6714d4f205d3e7fe794abca988fd18e82a3b5829a1	accounts/GAFB7IYPCYZCODQBB5BR5JO45JC4PPVLARUAXQSFHWTLH2KMHPWJ36GD.json	https://horizon.stellar.org/accounts/GAFB7IYPCYZCODQBB5BR5JO45JC4PPVLARUAXQSFHWTLH2KMHPWJ36GD/operations?order=asc&limit=1
GAFEDMD42RJVK4TWOV7QXFTBPJOU7HIKS4DBNKZYUNFUEK24AW26ZJJ5	2026-08-31T16:47:11Z	2026-08-31T16:47:12Z	200	d339fb3aef8e52cb739059e1c18584f6d173f3c902ed86229ed632a843b9b2ce	accounts/GAFEDMD42RJVK4TWOV7QXFTBPJOU7HIKS4DBNKZYUNFUEK24AW26ZJJ5.json	https://horizon.stellar.org/accounts/GAFEDMD42RJVK4TWOV7QXFTBPJOU7HIKS4DBNKZYUNFUEK24AW26ZJJ5/operations?order=asc&limit=1
GAFIAE3DA3ZHGXVLVOAEYYBJM5ZQPCJZ4N6XGTI5UCQUVDX62F6HBB4R	2026-08-31T16:47:13Z	2026-08-31T16:47:14Z	200	1eef9d777f28b1a17e3464875dbfd05fd3318a09ef0fc03ed12021bc53a3473d	accounts/GAFIAE3DA3ZHGXVLVOAEYYBJM5ZQPCJZ4N6XGTI5UCQUVDX62F6HBB4R.json	https://horizon.stellar.org/accounts/GAFIAE3DA3ZHGXVLVOAEYYBJM5ZQPCJZ4N6XGTI5UCQUVDX62F6HBB4R/operations?order=asc&limit=1
GAFQVA4W6N7MTURDY3VQIZCDPQDTEW3ZTNZAFU37UAUDVCAIVFC6W3OM	2026-08-31T16:47:14Z	2026-08-31T16:47:15Z	200	7b91b5d6cd7b82c019478ab4e66708d02a273654dff1cd5616efcbc2fddf2968	accounts/GAFQVA4W6N7MTURDY3VQIZCDPQDTEW3ZTNZAFU37UAUDVCAIVFC6W3OM.json	https://horizon.stellar.org/accounts/GAFQVA4W6N7MTURDY3VQIZCDPQDTEW3ZTNZAFU37UAUDVCAIVFC6W3OM/operations?order=asc&limit=1
GAFYXEXG66CVYM4F73M3SYSMNTCZ3O2KLC7T25GH6W63AJKSUWOGJFVT	2026-08-31T16:47:15Z	2026-08-31T16:47:16Z	200	719eb5a48a4fb502f9c013b4f01e022509213d5e52198109af71c92c1d0e9b9c	accounts/GAFYXEXG66CVYM4F73M3SYSMNTCZ3O2KLC7T25GH6W63AJKSUWOGJFVT.json	https://horizon.stellar.org/accounts/GAFYXEXG66CVYM4F73M3SYSMNTCZ3O2KLC7T25GH6W63AJKSUWOGJFVT/operations?order=asc&limit=1
GAG2KBHTPWUFOFS6PEHGZDZSGIQ5KAE4LNEGMUCTBKGZMHAJ5EXJBARS	2026-08-31T16:47:17Z	2026-08-31T16:47:18Z	200	e3320b346eef8509c57fe372b089d5a40686ac95a96e47b2b0293f7e8e39facc	accounts/GAG2KBHTPWUFOFS6PEHGZDZSGIQ5KAE4LNEGMUCTBKGZMHAJ5EXJBARS.json	https://horizon.stellar.org/accounts/GAG2KBHTPWUFOFS6PEHGZDZSGIQ5KAE4LNEGMUCTBKGZMHAJ5EXJBARS/operations?order=asc&limit=1
GAGWN4UM3IABK37TYR4FVQZ2DTH5VLUZ2656NSV6AA7FD6WUDJCXBEN3	2026-08-31T16:47:18Z	2026-08-31T16:47:19Z	200	2d4aa3e0066a2b0f9391fe23c4eda20248dbdbea63bc23c1a20b139c6b6177e4	accounts/GAGWN4UM3IABK37TYR4FVQZ2DTH5VLUZ2656NSV6AA7FD6WUDJCXBEN3.json	https://horizon.stellar.org/accounts/GAGWN4UM3IABK37TYR4FVQZ2DTH5VLUZ2656NSV6AA7FD6WUDJCXBEN3/operations?order=asc&limit=1
GAGZIKPS4FCBPKTL7YZHFWNODPOX2GHSA6LDPOIUYNW7B3H7NUKO7AP5	2026-08-31T16:47:19Z	2026-08-31T16:47:20Z	200	2e115e66414f435fe5905fb4d43af2800350068e66e9484806a1be039c8aa51b	accounts/GAGZIKPS4FCBPKTL7YZHFWNODPOX2GHSA6LDPOIUYNW7B3H7NUKO7AP5.json	https://horizon.stellar.org/accounts/GAGZIKPS4FCBPKTL7YZHFWNODPOX2GHSA6LDPOIUYNW7B3H7NUKO7AP5/operations?order=asc&limit=1
GAIEPBGN5PFYDADDFNNDXERXIUMEHZGYSRFBEWFA7PGSESRS57LSKFCL	2026-08-31T16:47:21Z	2026-08-31T16:47:22Z	200	c8f807da8db4e31fa63fc92e6d911b16fb0a98e5297e0dd91e2c30382ee9be81	accounts/GAIEPBGN5PFYDADDFNNDXERXIUMEHZGYSRFBEWFA7PGSESRS57LSKFCL.json	https://horizon.stellar.org/accounts/GAIEPBGN5PFYDADDFNNDXERXIUMEHZGYSRFBEWFA7PGSESRS57LSKFCL/operations?order=asc&limit=1
GAIN2HU2ITUZPLGNWSH7JXXROL7MYIWDYXCUQDMQVJXFBEBPETSZYHNF	2026-08-31T16:47:22Z	2026-08-31T16:47:23Z	200	93b4f45cc76d0c13dc2ed730c941c6beefda61485eebd55adfb8a3e1153184aa	accounts/GAIN2HU2ITUZPLGNWSH7JXXROL7MYIWDYXCUQDMQVJXFBEBPETSZYHNF.json	https://horizon.stellar.org/accounts/GAIN2HU2ITUZPLGNWSH7JXXROL7MYIWDYXCUQDMQVJXFBEBPETSZYHNF/operations?order=asc&limit=1
GAINDVHGHGSIH6AO4C2DBLOWSPGL6CVPBBNKVXIOFZANAWFZPTVOHAUS	2026-08-31T16:47:23Z	2026-08-31T16:47:25Z	200	a0ce1565f1c1e89e652b3bfc0ae8452349b8ecb8a33b7f17840d39cb829d2e16	accounts/GAINDVHGHGSIH6AO4C2DBLOWSPGL6CVPBBNKVXIOFZANAWFZPTVOHAUS.json	https://horizon.stellar.org/accounts/GAINDVHGHGSIH6AO4C2DBLOWSPGL6CVPBBNKVXIOFZANAWFZPTVOHAUS/operations?order=asc&limit=1
GAIU3QEJSGSLMTH6TYLE7WMEKV3RGCL46MX5CTQGNGIHZXIAF5JJCTQ7	2026-08-31T16:47:25Z	2026-08-31T16:47:26Z	200	5ef628737c4336e2a716294b70765f24f1226265ff38b887ef3e28b467d6faed	accounts/GAIU3QEJSGSLMTH6TYLE7WMEKV3RGCL46MX5CTQGNGIHZXIAF5JJCTQ7.json	https://horizon.stellar.org/accounts/GAIU3QEJSGSLMTH6TYLE7WMEKV3RGCL46MX5CTQGNGIHZXIAF5JJCTQ7/operations?order=asc&limit=1
GAIY6FWAYXU2EOGZ3W7HTFGKGBYNBO2ONRHGAYKBUVSY72H6UGGUJ75A	2026-08-31T16:47:27Z	2026-08-31T16:47:28Z	200	d594a75a1f7e22646f53fed175bae4ee187e1045581a3b165f5d91a8565ef601	accounts/GAIY6FWAYXU2EOGZ3W7HTFGKGBYNBO2ONRHGAYKBUVSY72H6UGGUJ75A.json	https://horizon.stellar.org/accounts/GAIY6FWAYXU2EOGZ3W7HTFGKGBYNBO2ONRHGAYKBUVSY72H6UGGUJ75A/operations?order=asc&limit=1
GAJ5BCJQMTG7E56A624ZEGWKUPXNH5NAADAVMCNQ6LOCUPRCBFWYE6IR	2026-08-31T16:47:28Z	2026-08-31T16:47:29Z	200	b806f63a389538d1752f79508ff50c547b715bd234c2a35282a9fbf35423eb51	accounts/GAJ5BCJQMTG7E56A624ZEGWKUPXNH5NAADAVMCNQ6LOCUPRCBFWYE6IR.json	https://horizon.stellar.org/accounts/GAJ5BCJQMTG7E56A624ZEGWKUPXNH5NAADAVMCNQ6LOCUPRCBFWYE6IR/operations?order=asc&limit=1
GAJIO55Z56JCFANWSP6BDGMPNUYWEOWCNGDMMCTDH3A4XEUL72LWW772	2026-08-31T16:47:29Z	2026-08-31T16:47:30Z	200	267647bb1863c53d6add731f35d9a203a466f7264de2d4a4f3d9ab7f666a8c44	accounts/GAJIO55Z56JCFANWSP6BDGMPNUYWEOWCNGDMMCTDH3A4XEUL72LWW772.json	https://horizon.stellar.org/accounts/GAJIO55Z56JCFANWSP6BDGMPNUYWEOWCNGDMMCTDH3A4XEUL72LWW772/operations?order=asc&limit=1
GAJTBADJGRHH557BLISRHWRSAW3ZPGXN4UK2TOPBVTJEDD6ZYQLQYREA	2026-08-31T16:47:31Z	2026-08-31T16:47:32Z	200	51b485bf3fe02ba50806bf21727ea8be01cc24d03db066d1b7f1c56209492650	accounts/GAJTBADJGRHH557BLISRHWRSAW3ZPGXN4UK2TOPBVTJEDD6ZYQLQYREA.json	https://horizon.stellar.org/accounts/GAJTBADJGRHH557BLISRHWRSAW3ZPGXN4UK2TOPBVTJEDD6ZYQLQYREA/operations?order=asc&limit=1
GAK5KWQTTYCIOYZ4BAY6YFF6O5TG3UNQ73AVYMLK62WTASRVSSGKSCSD	2026-08-31T16:47:32Z	2026-08-31T16:47:33Z	200	4c7beedeb426accb3e173e5b04a3f13a7ffc6423deae2df31bdf46753c6cd54a	accounts/GAK5KWQTTYCIOYZ4BAY6YFF6O5TG3UNQ73AVYMLK62WTASRVSSGKSCSD.json	https://horizon.stellar.org/accounts/GAK5KWQTTYCIOYZ4BAY6YFF6O5TG3UNQ73AVYMLK62WTASRVSSGKSCSD/operations?order=asc&limit=1
GAKFQBLRL2XQ7XTW5645CA4EFWZMHQG5VR6QBZALVFAVC7T3QTJUZ4KI	2026-08-31T16:47:33Z	2026-08-31T16:47:35Z	200	987cc1f7b6ea722f5856cf2432d09be1615e8f5b1359c123a8ff5782bf5c7f76	accounts/GAKFQBLRL2XQ7XTW5645CA4EFWZMHQG5VR6QBZALVFAVC7T3QTJUZ4KI.json	https://horizon.stellar.org/accounts/GAKFQBLRL2XQ7XTW5645CA4EFWZMHQG5VR6QBZALVFAVC7T3QTJUZ4KI/operations?order=asc&limit=1
GAL6OAYMEISR5ASHEQLXWLEXBD236EEXBOWRSYV4ZXE6MLBS4X4QDYCU	2026-08-31T16:47:35Z	2026-08-31T16:47:36Z	200	7f245592c6d2feace12eaa115caff516fa1bb6d1294cf9c811cf59f3bb374056	accounts/GAL6OAYMEISR5ASHEQLXWLEXBD236EEXBOWRSYV4ZXE6MLBS4X4QDYCU.json	https://horizon.stellar.org/accounts/GAL6OAYMEISR5ASHEQLXWLEXBD236EEXBOWRSYV4ZXE6MLBS4X4QDYCU/operations?order=asc&limit=1
GALHF53GCYWGURCXO55SJ45PG2UV2SX3W4ACYLGVLJ4PEIEJ2ZZQ74IT	2026-08-31T16:47:36Z	2026-08-31T16:47:37Z	200	e815d149188f7783ca151722c551789f4f18cce2bcfb0b516adbc1be4ed43a04	accounts/GALHF53GCYWGURCXO55SJ45PG2UV2SX3W4ACYLGVLJ4PEIEJ2ZZQ74IT.json	https://horizon.stellar.org/accounts/GALHF53GCYWGURCXO55SJ45PG2UV2SX3W4ACYLGVLJ4PEIEJ2ZZQ74IT/operations?order=asc&limit=1
GALL45K35HS2KSHWDFVMIFCCGQVDLMY2BWNK7CTMPAKADOTHYQ5SZS7Q	2026-08-31T16:47:38Z	2026-08-31T16:47:39Z	200	ae71acf04648d73ae43b4a9a798b0a28f4b4da138aab7dbaedac99e1f9bc63d9	accounts/GALL45K35HS2KSHWDFVMIFCCGQVDLMY2BWNK7CTMPAKADOTHYQ5SZS7Q.json	https://horizon.stellar.org/accounts/GALL45K35HS2KSHWDFVMIFCCGQVDLMY2BWNK7CTMPAKADOTHYQ5SZS7Q/operations?order=asc&limit=1
GALMOTUVDYGDSJZWI7FZCLD7DC7DHYTPZ7AAIVRPP5KNVPVLBJLCAPSI	2026-08-31T16:47:39Z	2026-08-31T16:47:40Z	200	0e8c8600293d1c0952f6aee868b4d08cf1591c91f08043a7a617af7498210e1a	accounts/GALMOTUVDYGDSJZWI7FZCLD7DC7DHYTPZ7AAIVRPP5KNVPVLBJLCAPSI.json	https://horizon.stellar.org/accounts/GALMOTUVDYGDSJZWI7FZCLD7DC7DHYTPZ7AAIVRPP5KNVPVLBJLCAPSI/operations?order=asc&limit=1
GALTA4AQOCVCCYGQLPYJV5KWSBP2OUFQG47GGI2KDID72TF2XHZAISBU	2026-08-31T16:47:40Z	2026-08-31T16:47:41Z	200	1609fed75750a3183951183f1a353cc6653a39e09f54bac3ef0c8a3c0640cc2a	accounts/GALTA4AQOCVCCYGQLPYJV5KWSBP2OUFQG47GGI2KDID72TF2XHZAISBU.json	https://horizon.stellar.org/accounts/GALTA4AQOCVCCYGQLPYJV5KWSBP2OUFQG47GGI2KDID72TF2XHZAISBU/operations?order=asc&limit=1
GALVH3VMM5Q3MEZPSEH7XI4HQLYRBRFJQYLMPGGYNA4D7HBRJNGWTTGZ	2026-08-31T16:47:42Z	2026-08-31T16:47:43Z	200	a612a1f0c88cd86ef678e07dbe40a7482edfa61c22db4fc9734c3595781a5dee	accounts/GALVH3VMM5Q3MEZPSEH7XI4HQLYRBRFJQYLMPGGYNA4D7HBRJNGWTTGZ.json	https://horizon.stellar.org/accounts/GALVH3VMM5Q3MEZPSEH7XI4HQLYRBRFJQYLMPGGYNA4D7HBRJNGWTTGZ/operations?order=asc&limit=1
GALWVT2JSDIWEX7AP2HTDPNKX542UFURPAPCCEXFRDHDKEKEX2XYM3TC	2026-08-31T16:47:43Z	2026-08-31T16:47:44Z	200	2099a9440d77d024ce0d4ff35e26d802c91415b287f453eb541864812265607c	accounts/GALWVT2JSDIWEX7AP2HTDPNKX542UFURPAPCCEXFRDHDKEKEX2XYM3TC.json	https://horizon.stellar.org/accounts/GALWVT2JSDIWEX7AP2HTDPNKX542UFURPAPCCEXFRDHDKEKEX2XYM3TC/operations?order=asc&limit=1
GALXMUDWVFRXLQQVCPLFWS5IULKCJS637V5R7BVZGA2QFFSSQ35T3HLH	2026-08-31T16:47:44Z	2026-08-31T16:47:45Z	200	d08f4ea53db3b3f38f960bec9cd2b318c20219a7f281956a1a83b3b2160c0aee	accounts/GALXMUDWVFRXLQQVCPLFWS5IULKCJS637V5R7BVZGA2QFFSSQ35T3HLH.json	https://horizon.stellar.org/accounts/GALXMUDWVFRXLQQVCPLFWS5IULKCJS637V5R7BVZGA2QFFSSQ35T3HLH/operations?order=asc&limit=1
GAMMQJQ6O6KQWPBATHLQWYEDCYKLNAV2D3XG5SQSVHJ6BTMQLSM5MSLE	2026-08-31T16:47:46Z	2026-08-31T16:47:47Z	200	0254dc432123b4b47541d5d4bba8a28f47446b9da8aa55c9caaf266e57279052	accounts/GAMMQJQ6O6KQWPBATHLQWYEDCYKLNAV2D3XG5SQSVHJ6BTMQLSM5MSLE.json	https://horizon.stellar.org/accounts/GAMMQJQ6O6KQWPBATHLQWYEDCYKLNAV2D3XG5SQSVHJ6BTMQLSM5MSLE/operations?order=asc&limit=1
GANBKFJGGLOMHQPW2CK55BTWS3Q5JRCSJOCLMDHOO4YRAAZFXOLJBORU	2026-08-31T16:47:47Z	2026-08-31T16:47:48Z	200	449f9bab33354a0a633dcd6a42979c26a1735b5de2bc181f6fe751fae4a5243c	accounts/GANBKFJGGLOMHQPW2CK55BTWS3Q5JRCSJOCLMDHOO4YRAAZFXOLJBORU.json	https://horizon.stellar.org/accounts/GANBKFJGGLOMHQPW2CK55BTWS3Q5JRCSJOCLMDHOO4YRAAZFXOLJBORU/operations?order=asc&limit=1
GANMIQKRY5IBWVW2LRSQENMM2QMYBZCA7JYDRKMLQFS5PRV34ZDWQBRO	2026-08-31T16:47:48Z	2026-08-31T16:47:49Z	200	a85e0ba4b2696865aec5da56f2323547ec3fffc0ee2659334ef32b7b6ed6b0d9	accounts/GANMIQKRY5IBWVW2LRSQENMM2QMYBZCA7JYDRKMLQFS5PRV34ZDWQBRO.json	https://horizon.stellar.org/accounts/GANMIQKRY5IBWVW2LRSQENMM2QMYBZCA7JYDRKMLQFS5PRV34ZDWQBRO/operations?order=asc&limit=1
GANUMAF4ZXKRBGNOQPR33FKS4XQQ3JUMKKWXQR4KR4INWPFXF44QPIPH	2026-08-31T16:47:50Z	2026-08-31T16:47:51Z	200	9deae7aca807a4aad4ee84d9a450e9974d4f176f511a8c505194a673c310e08b	accounts/GANUMAF4ZXKRBGNOQPR33FKS4XQQ3JUMKKWXQR4KR4INWPFXF44QPIPH.json	https://horizon.stellar.org/accounts/GANUMAF4ZXKRBGNOQPR33FKS4XQQ3JUMKKWXQR4KR4INWPFXF44QPIPH/operations?order=asc&limit=1
GAO3OJZTD2TO75M3ORRGKU4AP6U52DSUWQ5WOMLTRL6GYLWDSPR5HOVB	2026-08-31T16:47:51Z	2026-08-31T16:47:52Z	200	284582e35b9d9f070170afd8df078090c9ecb9a0d18f3713d000991746a6c4cb	accounts/GAO3OJZTD2TO75M3ORRGKU4AP6U52DSUWQ5WOMLTRL6GYLWDSPR5HOVB.json	https://horizon.stellar.org/accounts/GAO3OJZTD2TO75M3ORRGKU4AP6U52DSUWQ5WOMLTRL6GYLWDSPR5HOVB/operations?order=asc&limit=1
GAO6OA7JJ6WULHHSBX6PESA7AQFZVS7VNU2DJF5CNJZLDQCU423L64YO	2026-08-31T16:47:52Z	2026-08-31T16:47:53Z	200	a008a26553d12c67bdced545eeea6fa5ef0871f92b4acfd03d7117e66f8c2d9a	accounts/GAO6OA7JJ6WULHHSBX6PESA7AQFZVS7VNU2DJF5CNJZLDQCU423L64YO.json	https://horizon.stellar.org/accounts/GAO6OA7JJ6WULHHSBX6PESA7AQFZVS7VNU2DJF5CNJZLDQCU423L64YO/operations?order=asc&limit=1
GAOJ273VPO2DYBIGJ4HXMD63WRF6S56JCRZTMZVTSTEUQ3XVQW6CKRFA	2026-08-31T16:47:54Z	2026-08-31T16:47:55Z	200	9e3e69c1039a4d40e704a81eb3c6648dd53217dc707b106b41d321d9fb818a07	accounts/GAOJ273VPO2DYBIGJ4HXMD63WRF6S56JCRZTMZVTSTEUQ3XVQW6CKRFA.json	https://horizon.stellar.org/accounts/GAOJ273VPO2DYBIGJ4HXMD63WRF6S56JCRZTMZVTSTEUQ3XVQW6CKRFA/operations?order=asc&limit=1
GAORKTKZPLU2Q3EWFFMW6QL6CNQ3XOOLWVD4PDWIM3LMYTWPUAVOWG6G	2026-08-31T16:47:55Z	2026-08-31T16:47:56Z	200	462f7ab79b2fef884c5cf7e24ce9c0d7b34e11c397877d8198bde777a37048ac	accounts/GAORKTKZPLU2Q3EWFFMW6QL6CNQ3XOOLWVD4PDWIM3LMYTWPUAVOWG6G.json	https://horizon.stellar.org/accounts/GAORKTKZPLU2Q3EWFFMW6QL6CNQ3XOOLWVD4PDWIM3LMYTWPUAVOWG6G/operations?order=asc&limit=1
GAOYOAU4LEIPYDVELVI4MV62V4QVHVET3GPRXXJY6GVBTZXW476UWSEH	2026-08-31T16:47:56Z	2026-08-31T16:47:57Z	200	72120357d074fde5c82a88990a3c61ace08ba59c5a94108ac555316d10fd9f5e	accounts/GAOYOAU4LEIPYDVELVI4MV62V4QVHVET3GPRXXJY6GVBTZXW476UWSEH.json	https://horizon.stellar.org/accounts/GAOYOAU4LEIPYDVELVI4MV62V4QVHVET3GPRXXJY6GVBTZXW476UWSEH/operations?order=asc&limit=1
GAPBYJXAN427H5BZMTVEDYUFEL3XICPAXIZLM7ONSRVKR74JLXGYKOMK	2026-08-31T16:47:58Z	2026-08-31T16:47:59Z	200	483406770657dd390cb9f11093a26efa1c04e5bfd1f11f35e9dbde0752be5cb7	accounts/GAPBYJXAN427H5BZMTVEDYUFEL3XICPAXIZLM7ONSRVKR74JLXGYKOMK.json	https://horizon.stellar.org/accounts/GAPBYJXAN427H5BZMTVEDYUFEL3XICPAXIZLM7ONSRVKR74JLXGYKOMK/operations?order=asc&limit=1
GAPL7LIN6I3VAL7OOCNDUFZOYFNJDYS2O62M46DD7X6WHHBDMUTI73HW	2026-08-31T16:47:59Z	2026-08-31T16:48:00Z	200	46cb26bd5e80c74d86362fe5451a916145891453d119b3c76a3fdc8c151ee6d3	accounts/GAPL7LIN6I3VAL7OOCNDUFZOYFNJDYS2O62M46DD7X6WHHBDMUTI73HW.json	https://horizon.stellar.org/accounts/GAPL7LIN6I3VAL7OOCNDUFZOYFNJDYS2O62M46DD7X6WHHBDMUTI73HW/operations?order=asc&limit=1
GAQ6KSJNJUH4SCQPWWLUAYCCE7D5ZPZT4ZKWNJNDPWVLOEPKCU4QZVF2	2026-08-31T16:48:00Z	2026-08-31T16:48:01Z	200	8402018a49b4aac63fdc9c0d8c694aba221c669299df847c17e0397daf2afd9e	accounts/GAQ6KSJNJUH4SCQPWWLUAYCCE7D5ZPZT4ZKWNJNDPWVLOEPKCU4QZVF2.json	https://horizon.stellar.org/accounts/GAQ6KSJNJUH4SCQPWWLUAYCCE7D5ZPZT4ZKWNJNDPWVLOEPKCU4QZVF2/operations?order=asc&limit=1
GAQIDZD7B6GTQNFRQZFCY4C2RZMZQZVUB6RUOQYKGB5QU6ZI2LGMX63Y	2026-08-31T16:48:01Z	2026-08-31T16:48:03Z	200	5d0aa084babaa8a2b63869bef92c2eab0bfd22221d80d064079905aa0f4f1ba5	accounts/GAQIDZD7B6GTQNFRQZFCY4C2RZMZQZVUB6RUOQYKGB5QU6ZI2LGMX63Y.json	https://horizon.stellar.org/accounts/GAQIDZD7B6GTQNFRQZFCY4C2RZMZQZVUB6RUOQYKGB5QU6ZI2LGMX63Y/operations?order=asc&limit=1
GAQP4A2J33P4JODP3BUJC6GJBZDU2EVD3RSJIDRRLCR72OS5PSUKSJFM	2026-08-31T16:48:03Z	2026-08-31T16:48:04Z	200	578657bd8a7f8669946a544ed6d76c5881a86bdca0b6b31e5210b77582196416	accounts/GAQP4A2J33P4JODP3BUJC6GJBZDU2EVD3RSJIDRRLCR72OS5PSUKSJFM.json	https://horizon.stellar.org/accounts/GAQP4A2J33P4JODP3BUJC6GJBZDU2EVD3RSJIDRRLCR72OS5PSUKSJFM/operations?order=asc&limit=1
GAQR2KPRAPRUB43JJ7QWWTHEWBFH55WBMEZBZNLZ3D23NVMPUMDAIMHM	2026-08-31T16:48:04Z	2026-08-31T16:48:05Z	200	337b718fb560a4185e3da4bce5f95f6c3f615582db62f546f9b94e99cf90a9e9	accounts/GAQR2KPRAPRUB43JJ7QWWTHEWBFH55WBMEZBZNLZ3D23NVMPUMDAIMHM.json	https://horizon.stellar.org/accounts/GAQR2KPRAPRUB43JJ7QWWTHEWBFH55WBMEZBZNLZ3D23NVMPUMDAIMHM/operations?order=asc&limit=1
GAQWIKIIPMU7MCTG4BXUOQ2ERYJKXLOCMJLPVBLEJWWUIO7NGOFRUKU2	2026-08-31T16:48:05Z	2026-08-31T16:48:07Z	200	99e80149fbee6560da7b6444da0c7ba1187e1a7bbeffc2f810fc5a4a8b35711c	accounts/GAQWIKIIPMU7MCTG4BXUOQ2ERYJKXLOCMJLPVBLEJWWUIO7NGOFRUKU2.json	https://horizon.stellar.org/accounts/GAQWIKIIPMU7MCTG4BXUOQ2ERYJKXLOCMJLPVBLEJWWUIO7NGOFRUKU2/operations?order=asc&limit=1
GARFNNSANVO2U2TKPBGRVLEVS5DLRAI2CI5VVNRQYVB3RSILSJP2J4TZ	2026-08-31T16:48:07Z	2026-08-31T16:48:08Z	200	feb203633372d5c4e4544e3d0b0cbb85870ef463f2345c54ec3c6996df732337	accounts/GARFNNSANVO2U2TKPBGRVLEVS5DLRAI2CI5VVNRQYVB3RSILSJP2J4TZ.json	https://horizon.stellar.org/accounts/GARFNNSANVO2U2TKPBGRVLEVS5DLRAI2CI5VVNRQYVB3RSILSJP2J4TZ/operations?order=asc&limit=1
GARUTRW4EM5OECFZXM4VIZQQRILJTYD5WYYGFAVG47OV6376L4I6EV37	2026-08-31T16:48:08Z	2026-08-31T16:48:09Z	200	5e1069af271890470adc0985cc2fd44acce8a81b3e518bb3f3ed42a8d1f79fe1	accounts/GARUTRW4EM5OECFZXM4VIZQQRILJTYD5WYYGFAVG47OV6376L4I6EV37.json	https://horizon.stellar.org/accounts/GARUTRW4EM5OECFZXM4VIZQQRILJTYD5WYYGFAVG47OV6376L4I6EV37/operations?order=asc&limit=1
GAS4LCR6B4WTBOGFFDQAPLE2QCYFRLXNHWW64NON2QXLRW4LUWBMQBMY	2026-08-31T16:48:10Z	2026-08-31T16:48:11Z	200	c39f5048328755a9c82b17dd6b987db6cbd825a121c025f4af661945e394ae83	accounts/GAS4LCR6B4WTBOGFFDQAPLE2QCYFRLXNHWW64NON2QXLRW4LUWBMQBMY.json	https://horizon.stellar.org/accounts/GAS4LCR6B4WTBOGFFDQAPLE2QCYFRLXNHWW64NON2QXLRW4LUWBMQBMY/operations?order=asc&limit=1
GASAXWRQCKI5RRLBMFMUOV342DY4TKJM6DE6HZMLGOPKMZLKK43MMDXP	2026-08-31T16:48:11Z	2026-08-31T16:48:12Z	200	fafb6439d67d372cbff5ee5348366998c0c6d48573ffc8873ae15da8f5bdb9bf	accounts/GASAXWRQCKI5RRLBMFMUOV342DY4TKJM6DE6HZMLGOPKMZLKK43MMDXP.json	https://horizon.stellar.org/accounts/GASAXWRQCKI5RRLBMFMUOV342DY4TKJM6DE6HZMLGOPKMZLKK43MMDXP/operations?order=asc&limit=1
GASB76SYSIS6ERWG2CNZAFUBYXJPBQEE6VADWJTGOI3BDDCBNINPCTTS	2026-08-31T16:48:12Z	2026-08-31T16:48:13Z	200	df14d1c1b5e34b8264cd26c184b155d8645a428f1ee6382956ba70ec21629510	accounts/GASB76SYSIS6ERWG2CNZAFUBYXJPBQEE6VADWJTGOI3BDDCBNINPCTTS.json	https://horizon.stellar.org/accounts/GASB76SYSIS6ERWG2CNZAFUBYXJPBQEE6VADWJTGOI3BDDCBNINPCTTS/operations?order=asc&limit=1
GATTKWTSOMYMREAAMOYWAQRJEMMOT2M2USYFPSRZ6M3WO3SB2SPLPTRQ	2026-08-31T16:48:14Z	2026-08-31T16:48:15Z	200	baf505c1c11334e666e33d3d089d79099ff8953c8a85476406062120cd355235	accounts/GATTKWTSOMYMREAAMOYWAQRJEMMOT2M2USYFPSRZ6M3WO3SB2SPLPTRQ.json	https://horizon.stellar.org/accounts/GATTKWTSOMYMREAAMOYWAQRJEMMOT2M2USYFPSRZ6M3WO3SB2SPLPTRQ/operations?order=asc&limit=1
GATUKMTDJK7UHSTNNT2POZ3HK2FJRJZK557ONKX5GRVKDKGEBOP67H4F	2026-08-31T16:48:15Z	2026-08-31T16:48:16Z	200	7e1b23e3862e44cf5cfb7a75b5aeaefe67deb4dbe4aadb48d9362856094d2090	accounts/GATUKMTDJK7UHSTNNT2POZ3HK2FJRJZK557ONKX5GRVKDKGEBOP67H4F.json	https://horizon.stellar.org/accounts/GATUKMTDJK7UHSTNNT2POZ3HK2FJRJZK557ONKX5GRVKDKGEBOP67H4F/operations?order=asc&limit=1
GATVFSGEEPPTV2DFM76WE6LVTKH7QTL4TSLX6L3T7BL3UC2VXRCVTBWS	2026-08-31T16:48:16Z	2026-08-31T16:48:17Z	200	16965a937b801ad4ea3364ad9e0e6a4ef957cd7b8a8ea20914f0350ab894a184	accounts/GATVFSGEEPPTV2DFM76WE6LVTKH7QTL4TSLX6L3T7BL3UC2VXRCVTBWS.json	https://horizon.stellar.org/accounts/GATVFSGEEPPTV2DFM76WE6LVTKH7QTL4TSLX6L3T7BL3UC2VXRCVTBWS/operations?order=asc&limit=1
GAUIKGAXXRAEVOREIBTJU6YOSKU2RN4NLTCLQT536S676ANQWRO4R47H	2026-08-31T16:48:18Z	2026-08-31T16:48:19Z	200	a6b7de6cb53a81a095ddd744c23b2d595bb8d81eff5b78f1117facaa79c3548f	accounts/GAUIKGAXXRAEVOREIBTJU6YOSKU2RN4NLTCLQT536S676ANQWRO4R47H.json	https://horizon.stellar.org/accounts/GAUIKGAXXRAEVOREIBTJU6YOSKU2RN4NLTCLQT536S676ANQWRO4R47H/operations?order=asc&limit=1
GAUSKYGJEJE4DVB6ABJZXZYA3ONWHJ4Z67MHEEALGBRRKW2YC4KGEZ4T	2026-08-31T16:48:19Z	2026-08-31T16:48:20Z	200	6fc21e18807e14a2d0bb0411e132ff462da16fc5bd0fea5d2e1fb1c47fa7328b	accounts/GAUSKYGJEJE4DVB6ABJZXZYA3ONWHJ4Z67MHEEALGBRRKW2YC4KGEZ4T.json	https://horizon.stellar.org/accounts/GAUSKYGJEJE4DVB6ABJZXZYA3ONWHJ4Z67MHEEALGBRRKW2YC4KGEZ4T/operations?order=asc&limit=1
GAUUNG3AOJOEGHVKCT2RY6MJNSUXANY22R76Z742AXK4CKLXENYT2XW3	2026-08-31T16:48:21Z	2026-08-31T16:48:22Z	200	d03a69bdef2d0792b4c9dd98f04b2b344caefff1c5a7214d4eae4de6e2c7a271	accounts/GAUUNG3AOJOEGHVKCT2RY6MJNSUXANY22R76Z742AXK4CKLXENYT2XW3.json	https://horizon.stellar.org/accounts/GAUUNG3AOJOEGHVKCT2RY6MJNSUXANY22R76Z742AXK4CKLXENYT2XW3/operations?order=asc&limit=1
GAVAU44U7NUYWO7B5ZWNAGDGFZT2JGHCMAYI4FPABE4NQW6GZBF4I4CV	2026-08-31T16:48:22Z	2026-08-31T16:48:23Z	200	688dcbee6a13b31143ff124e10057e86c43047e621ca170ef2fbb38115ccff37	accounts/GAVAU44U7NUYWO7B5ZWNAGDGFZT2JGHCMAYI4FPABE4NQW6GZBF4I4CV.json	https://horizon.stellar.org/accounts/GAVAU44U7NUYWO7B5ZWNAGDGFZT2JGHCMAYI4FPABE4NQW6GZBF4I4CV/operations?order=asc&limit=1
GAVF57JGQXIXWKZHCQ7T42NL7NLGGVMODLNKBC3P2FRZGUTBFI5TDUOT	2026-08-31T16:48:23Z	2026-08-31T16:48:24Z	200	3396f8c101e38735c5172688ddcc630619fa91f36e530172384799ec622a989a	accounts/GAVF57JGQXIXWKZHCQ7T42NL7NLGGVMODLNKBC3P2FRZGUTBFI5TDUOT.json	https://horizon.stellar.org/accounts/GAVF57JGQXIXWKZHCQ7T42NL7NLGGVMODLNKBC3P2FRZGUTBFI5TDUOT/operations?order=asc&limit=1
GAVF6ZLXBIG2K56IRKHENYBO3BDOW27VVNFV3BUHPP233YHHS4TRW4JJ	2026-08-31T16:48:25Z	2026-08-31T16:48:26Z	200	c88685f8b34a6a857eb08bfdd2174fab2ce071d6891e43804669b0f9be12ea9b	accounts/GAVF6ZLXBIG2K56IRKHENYBO3BDOW27VVNFV3BUHPP233YHHS4TRW4JJ.json	https://horizon.stellar.org/accounts/GAVF6ZLXBIG2K56IRKHENYBO3BDOW27VVNFV3BUHPP233YHHS4TRW4JJ/operations?order=asc&limit=1
GAVKXUSKJGXROYGKS7SFVPUFR33AMPWFLKPB2SZUO2HQURPFUWIHGY2H	2026-08-31T16:48:26Z	2026-08-31T16:48:27Z	200	54828d05b276f1391e90e47cc3146750e837b7cbf7ff10aab8ff096dbfe26a30	accounts/GAVKXUSKJGXROYGKS7SFVPUFR33AMPWFLKPB2SZUO2HQURPFUWIHGY2H.json	https://horizon.stellar.org/accounts/GAVKXUSKJGXROYGKS7SFVPUFR33AMPWFLKPB2SZUO2HQURPFUWIHGY2H/operations?order=asc&limit=1
GAVYIUWQFQX2GJ7FWNGVXSSLMJO75V5XY5M2YON4DKYD24LPB6QLCERP	2026-08-31T16:48:27Z	2026-08-31T16:48:29Z	200	51f7f831662678c0cc42c5247077c03e4050748e436ba13aadc3119d1474359d	accounts/GAVYIUWQFQX2GJ7FWNGVXSSLMJO75V5XY5M2YON4DKYD24LPB6QLCERP.json	https://horizon.stellar.org/accounts/GAVYIUWQFQX2GJ7FWNGVXSSLMJO75V5XY5M2YON4DKYD24LPB6QLCERP/operations?order=asc&limit=1
GAWMUUCFS3G3CFDFUBZA7LQOUL3XD3BDH336QZ7CRPLKVGK5UW23MQUB	2026-08-31T16:48:29Z	2026-08-31T16:48:30Z	200	15aa449ca7f03c69866c8b778001b9e4f7cd2caf83f9cd5909f319d3b722118c	accounts/GAWMUUCFS3G3CFDFUBZA7LQOUL3XD3BDH336QZ7CRPLKVGK5UW23MQUB.json	https://horizon.stellar.org/accounts/GAWMUUCFS3G3CFDFUBZA7LQOUL3XD3BDH336QZ7CRPLKVGK5UW23MQUB/operations?order=asc&limit=1
GAWRJYZOSXAXZMZLVBQ2WKJNNVEZPMY5J2RVBKWSGFHSQUL4WWQNKE2D	2026-08-31T16:48:30Z	2026-08-31T16:48:31Z	200	79fabdefae3df940a8126309581670fc27a1e5f36b289104c19a4ec414060c10	accounts/GAWRJYZOSXAXZMZLVBQ2WKJNNVEZPMY5J2RVBKWSGFHSQUL4WWQNKE2D.json	https://horizon.stellar.org/accounts/GAWRJYZOSXAXZMZLVBQ2WKJNNVEZPMY5J2RVBKWSGFHSQUL4WWQNKE2D/operations?order=asc&limit=1
GAXDWGRZJDDXPAUWHSR5QPE3EE5CHNPTTWEJDYJTOYYHH77RKZH7I74T	2026-08-31T16:48:32Z	2026-08-31T16:48:33Z	200	09a366cb43b5e4b7bf5647ca4455eeed7117382e9b77b33263cfe8db10a47790	accounts/GAXDWGRZJDDXPAUWHSR5QPE3EE5CHNPTTWEJDYJTOYYHH77RKZH7I74T.json	https://horizon.stellar.org/accounts/GAXDWGRZJDDXPAUWHSR5QPE3EE5CHNPTTWEJDYJTOYYHH77RKZH7I74T/operations?order=asc&limit=1
GAXIBCI7MZBDLCN2427HWPDQW46TN2R462FRV66S4AOJC2SGVYGBXMV6	2026-08-31T16:48:33Z	2026-08-31T16:48:34Z	200	d727357ea04298657aad8fda0f73bef5498bc683cbcea9e9f8d41ae7a9051e28	accounts/GAXIBCI7MZBDLCN2427HWPDQW46TN2R462FRV66S4AOJC2SGVYGBXMV6.json	https://horizon.stellar.org/accounts/GAXIBCI7MZBDLCN2427HWPDQW46TN2R462FRV66S4AOJC2SGVYGBXMV6/operations?order=asc&limit=1
GAXL77JO7PKJ6IVO3LVZEYTMRN2ZG5A5N7ZQXLCR2RORTAKE4NAJQBAX	2026-08-31T16:48:34Z	2026-08-31T16:48:35Z	200	60e6044f65f019afdf9d7373e25eeee963bcdcf8f8dec4bcb1dcc7e8d85edbfe	accounts/GAXL77JO7PKJ6IVO3LVZEYTMRN2ZG5A5N7ZQXLCR2RORTAKE4NAJQBAX.json	https://horizon.stellar.org/accounts/GAXL77JO7PKJ6IVO3LVZEYTMRN2ZG5A5N7ZQXLCR2RORTAKE4NAJQBAX/operations?order=asc&limit=1
GAXZXUBAWZ6MFQCDUJ66JZGSFUG4UXL5MXXPJJ4LSX44T5A5JQPBZQP5	2026-08-31T16:48:36Z	2026-08-31T16:48:37Z	200	84a2e0328dc6db77656fb11ac0f72e62f1dc16e4bcdee0b5a4407ecb2898c8dd	accounts/GAXZXUBAWZ6MFQCDUJ66JZGSFUG4UXL5MXXPJJ4LSX44T5A5JQPBZQP5.json	https://horizon.stellar.org/accounts/GAXZXUBAWZ6MFQCDUJ66JZGSFUG4UXL5MXXPJJ4LSX44T5A5JQPBZQP5/operations?order=asc&limit=1
GAY2KTP5NBJ2T6X5T2V7QWMXNUSAG7GTEESJDGEEBW4GAYXHVB7H4JGM	2026-08-31T16:48:37Z	2026-08-31T16:48:38Z	200	5ab149d3fcc99f141b40e1859fd43a0b7fa4b9248d7da6392595d1ab3e70acf5	accounts/GAY2KTP5NBJ2T6X5T2V7QWMXNUSAG7GTEESJDGEEBW4GAYXHVB7H4JGM.json	https://horizon.stellar.org/accounts/GAY2KTP5NBJ2T6X5T2V7QWMXNUSAG7GTEESJDGEEBW4GAYXHVB7H4JGM/operations?order=asc&limit=1
GAYCZUWLNSNGP6V7AOMKFHTXTYJHQVPDRH6PLFFMI542NQ6QDBNO6J3U	2026-08-31T16:48:38Z	2026-08-31T16:48:41Z	200	2c0897acb81fc5c41f2a79fd6f3e9665d06746ef1fd130b93a2599273694db35	accounts/GAYCZUWLNSNGP6V7AOMKFHTXTYJHQVPDRH6PLFFMI542NQ6QDBNO6J3U.json	https://horizon.stellar.org/accounts/GAYCZUWLNSNGP6V7AOMKFHTXTYJHQVPDRH6PLFFMI542NQ6QDBNO6J3U/operations?order=asc&limit=1
GAYHC7JEABJ7IF4HFTJU73XJLFJCCYT77ZGPVHOYPXPLVMYRAFIYHPVF	2026-08-31T16:48:41Z	2026-08-31T16:48:42Z	200	6dc451deb1cf17e06175dcc994d1bd0464b8274dc85074591eb7ef44aeb48cf4	accounts/GAYHC7JEABJ7IF4HFTJU73XJLFJCCYT77ZGPVHOYPXPLVMYRAFIYHPVF.json	https://horizon.stellar.org/accounts/GAYHC7JEABJ7IF4HFTJU73XJLFJCCYT77ZGPVHOYPXPLVMYRAFIYHPVF/operations?order=asc&limit=1
GAYNJLJI63HFXQHVNGOHVLQKB2NIYVDAIG3AE46FNSUXZ45PGFBLJ3ZT	2026-08-31T16:48:42Z	2026-08-31T16:48:43Z	200	c893db77e0d3b7498f297d3a7786556d49036ee6963b69d41d4c8913dd040777	accounts/GAYNJLJI63HFXQHVNGOHVLQKB2NIYVDAIG3AE46FNSUXZ45PGFBLJ3ZT.json	https://horizon.stellar.org/accounts/GAYNJLJI63HFXQHVNGOHVLQKB2NIYVDAIG3AE46FNSUXZ45PGFBLJ3ZT/operations?order=asc&limit=1
GAZJEF6WLJQNBKSTW5LWUUK6J3FRTT56RWVZ37YOLJI65SVULQ4K5TD7	2026-08-31T16:48:43Z	2026-08-31T16:48:45Z	200	33a5bf80c0598d52df2c67253479b9aaf4e20fc14a06d19da4ef4404ff69c699	accounts/GAZJEF6WLJQNBKSTW5LWUUK6J3FRTT56RWVZ37YOLJI65SVULQ4K5TD7.json	https://horizon.stellar.org/accounts/GAZJEF6WLJQNBKSTW5LWUUK6J3FRTT56RWVZ37YOLJI65SVULQ4K5TD7/operations?order=asc&limit=1
GAZK2UONQVX4AVELYTGQOHA7FDJXA7D26EF6YF57CRTNX5K7P3F2WUGI	2026-08-31T16:48:45Z	2026-08-31T16:48:46Z	200	5bded9a4cba8a4d520f6c7436359fca21248a142d64f6a7eeb90c208bd67584a	accounts/GAZK2UONQVX4AVELYTGQOHA7FDJXA7D26EF6YF57CRTNX5K7P3F2WUGI.json	https://horizon.stellar.org/accounts/GAZK2UONQVX4AVELYTGQOHA7FDJXA7D26EF6YF57CRTNX5K7P3F2WUGI/operations?order=asc&limit=1
GAZRGNL3X2ZMRVITJZUC5ZVSN6G23Y5OVZCMO6E7BTUJTPK4MYPHU5TV	2026-08-31T16:48:46Z	2026-08-31T16:48:47Z	200	1bee83c9593fbdce442d6fb1c6e34c1605f220090a621d03def08709a9370246	accounts/GAZRGNL3X2ZMRVITJZUC5ZVSN6G23Y5OVZCMO6E7BTUJTPK4MYPHU5TV.json	https://horizon.stellar.org/accounts/GAZRGNL3X2ZMRVITJZUC5ZVSN6G23Y5OVZCMO6E7BTUJTPK4MYPHU5TV/operations?order=asc&limit=1
GAZU7YIGKY76UFAQ5YO76AHNCMJCUD62C7LXRMQUUUNYXU5ENZRFMGPY	2026-08-31T16:48:48Z	2026-08-31T16:48:49Z	200	ee51a30165814fdf9efbce222b9fd4c87d90ee85a48964b629daaaadb4fd5d6a	accounts/GAZU7YIGKY76UFAQ5YO76AHNCMJCUD62C7LXRMQUUUNYXU5ENZRFMGPY.json	https://horizon.stellar.org/accounts/GAZU7YIGKY76UFAQ5YO76AHNCMJCUD62C7LXRMQUUUNYXU5ENZRFMGPY/operations?order=asc&limit=1
GAZZFPITATFABJ2NRI56BD2WJYRXLQU7FKRKWJGN7MH7SZ4VBKE6YZK5	2026-08-31T16:48:49Z	2026-08-31T16:48:50Z	200	0578bea5d532e2e2b6166c71cf10919b848d703480f407b0ffba3b2972bbc7c1	accounts/GAZZFPITATFABJ2NRI56BD2WJYRXLQU7FKRKWJGN7MH7SZ4VBKE6YZK5.json	https://horizon.stellar.org/accounts/GAZZFPITATFABJ2NRI56BD2WJYRXLQU7FKRKWJGN7MH7SZ4VBKE6YZK5/operations?order=asc&limit=1
GB2IXNYZTTOFPTPGYXVA44XXTGCTTLQS7DO5JU2NQONVSHFRXXOE7P6J	2026-08-31T16:48:50Z	2026-08-31T16:48:52Z	200	d04078df4072962ae1a4a77bb8aeae45cf2be21910181c5f7b15710805fadc86	accounts/GB2IXNYZTTOFPTPGYXVA44XXTGCTTLQS7DO5JU2NQONVSHFRXXOE7P6J.json	https://horizon.stellar.org/accounts/GB2IXNYZTTOFPTPGYXVA44XXTGCTTLQS7DO5JU2NQONVSHFRXXOE7P6J/operations?order=asc&limit=1
GB32UI3LA2EDHJVKCLWIZY7LWRT5S6ZHWCQSCT6PW3AYM7J62AQ7TCNK	2026-08-31T16:48:52Z	2026-08-31T16:48:53Z	200	83a432cba927b517d6188d1c8b2a23fa5f69f12cd022f0531ad1d50fb1edd0d4	accounts/GB32UI3LA2EDHJVKCLWIZY7LWRT5S6ZHWCQSCT6PW3AYM7J62AQ7TCNK.json	https://horizon.stellar.org/accounts/GB32UI3LA2EDHJVKCLWIZY7LWRT5S6ZHWCQSCT6PW3AYM7J62AQ7TCNK/operations?order=asc&limit=1
GB34SB4GTDPWPZ3D6TKBPN5YFWVVOMI6Y2SRWKVNPF5QRUPRCUBJQ7LW	2026-08-31T16:48:53Z	2026-08-31T16:48:54Z	200	1210cc9538f94674809a19e66f99700d59e9a0ccb988805afc07f5b9c7e3121a	accounts/GB34SB4GTDPWPZ3D6TKBPN5YFWVVOMI6Y2SRWKVNPF5QRUPRCUBJQ7LW.json	https://horizon.stellar.org/accounts/GB34SB4GTDPWPZ3D6TKBPN5YFWVVOMI6Y2SRWKVNPF5QRUPRCUBJQ7LW/operations?order=asc&limit=1
GB37DH4CM64RFUJ4LVNGTECDITMYELOBFUW7CR36644JZMFYZA3UBHQW	2026-08-31T16:48:55Z	2026-08-31T16:48:56Z	200	48d6e0346c3a94849fdc3f213a606102a99decf987c9ea6d862fe755ac67de8e	accounts/GB37DH4CM64RFUJ4LVNGTECDITMYELOBFUW7CR36644JZMFYZA3UBHQW.json	https://horizon.stellar.org/accounts/GB37DH4CM64RFUJ4LVNGTECDITMYELOBFUW7CR36644JZMFYZA3UBHQW/operations?order=asc&limit=1
GB3JCHJUP6HHZJLN5LKQDRFP2HWSLNXYE2TGWDGBTNXIW6MLVRQXNDBC	2026-08-31T16:48:56Z	2026-08-31T16:48:57Z	200	d67fdf439040a713d74b2a13360e3bbb00a3bbad2780219bf704b26197087a18	accounts/GB3JCHJUP6HHZJLN5LKQDRFP2HWSLNXYE2TGWDGBTNXIW6MLVRQXNDBC.json	https://horizon.stellar.org/accounts/GB3JCHJUP6HHZJLN5LKQDRFP2HWSLNXYE2TGWDGBTNXIW6MLVRQXNDBC/operations?order=asc&limit=1
GB3LKXDV7MKIJ7YTCFBVGPMGH3CTXMR4DESXS2XUM6FH32HR6NCYOXCC	2026-08-31T16:48:57Z	2026-08-31T16:48:58Z	200	1e3737765146c43e153e06db3c85d87907a63683e9b7fcb8c17ccea68128c7b4	accounts/GB3LKXDV7MKIJ7YTCFBVGPMGH3CTXMR4DESXS2XUM6FH32HR6NCYOXCC.json	https://horizon.stellar.org/accounts/GB3LKXDV7MKIJ7YTCFBVGPMGH3CTXMR4DESXS2XUM6FH32HR6NCYOXCC/operations?order=asc&limit=1
GB4CL3MO742BEQJILCSBQ4J5A4GRSZKC3CATLJRW2NFYW7UKC4DZMUL5	2026-08-31T16:48:59Z	2026-08-31T16:49:00Z	200	34d23b6df808dbddaef9cfafd0baad6dc25eb6d984d172d5d5bef8f2ce1d9c52	accounts/GB4CL3MO742BEQJILCSBQ4J5A4GRSZKC3CATLJRW2NFYW7UKC4DZMUL5.json	https://horizon.stellar.org/accounts/GB4CL3MO742BEQJILCSBQ4J5A4GRSZKC3CATLJRW2NFYW7UKC4DZMUL5/operations?order=asc&limit=1
GB533ELYALMMI4YYCUS32375NX4M67YTIZI5JCP4DKJ3Z6MYVSDMJPU6	2026-08-31T16:49:00Z	2026-08-31T16:49:01Z	200	fc860f90e2416f692844b9e8106bcce181ae667e6ae3e15ed6635eb1a99ed2c4	accounts/GB533ELYALMMI4YYCUS32375NX4M67YTIZI5JCP4DKJ3Z6MYVSDMJPU6.json	https://horizon.stellar.org/accounts/GB533ELYALMMI4YYCUS32375NX4M67YTIZI5JCP4DKJ3Z6MYVSDMJPU6/operations?order=asc&limit=1
GB5LKM5LLKQHL5YBDQK27AMZPVBX2IHVIVGKLOAZBVHHZMTLZHXCUAVU	2026-08-31T16:49:01Z	2026-08-31T16:49:02Z	200	f29ce3602f278e7f3b1286cd564b258d30d18fe24c9d48f17af0be0e197aea92	accounts/GB5LKM5LLKQHL5YBDQK27AMZPVBX2IHVIVGKLOAZBVHHZMTLZHXCUAVU.json	https://horizon.stellar.org/accounts/GB5LKM5LLKQHL5YBDQK27AMZPVBX2IHVIVGKLOAZBVHHZMTLZHXCUAVU/operations?order=asc&limit=1
GB5QL5NPTFKIOJYIWFY7D66RJQZFCI3I2C6J2XIBLVBY6RNLA4HB5OCR	2026-08-31T16:49:03Z	2026-08-31T16:49:04Z	200	be7a6a5472497ba6fe26c218c6151e149decf23849c23a7e7111ea45e45aa996	accounts/GB5QL5NPTFKIOJYIWFY7D66RJQZFCI3I2C6J2XIBLVBY6RNLA4HB5OCR.json	https://horizon.stellar.org/accounts/GB5QL5NPTFKIOJYIWFY7D66RJQZFCI3I2C6J2XIBLVBY6RNLA4HB5OCR/operations?order=asc&limit=1
GB5RBKB44BIKSBM6EDU3VPCKYLMG6AUMSAUYFXNEY2D35DNNDS4TNB2Y	2026-08-31T16:49:04Z	2026-08-31T16:49:05Z	200	0b2aa58a867bdf9c81e95040888fd97c8a7884ea2ae9539aac6cb9832303344a	accounts/GB5RBKB44BIKSBM6EDU3VPCKYLMG6AUMSAUYFXNEY2D35DNNDS4TNB2Y.json	https://horizon.stellar.org/accounts/GB5RBKB44BIKSBM6EDU3VPCKYLMG6AUMSAUYFXNEY2D35DNNDS4TNB2Y/operations?order=asc&limit=1
GB5XN6MJZKLLMKWSNO5QOKKNEU264J2GM6MBKAYEPPZWIUQ5OCQC2VJI	2026-08-31T16:49:05Z	2026-08-31T16:49:06Z	200	3ce8a584c72374c005589a1ab3eb16151c7df54c59525ef64ae2f461b2f4c330	accounts/GB5XN6MJZKLLMKWSNO5QOKKNEU264J2GM6MBKAYEPPZWIUQ5OCQC2VJI.json	https://horizon.stellar.org/accounts/GB5XN6MJZKLLMKWSNO5QOKKNEU264J2GM6MBKAYEPPZWIUQ5OCQC2VJI/operations?order=asc&limit=1
GB5YRXL7HPQ53G4C77KWSF7LQUZPRZTRGPC47JRWJGX3L6BWEEIOLGKD	2026-08-31T16:49:07Z	2026-08-31T16:49:08Z	200	b43782d6f4ac38551f9372e4e8b882e2a3d652f214248401b727fb6140f5c525	accounts/GB5YRXL7HPQ53G4C77KWSF7LQUZPRZTRGPC47JRWJGX3L6BWEEIOLGKD.json	https://horizon.stellar.org/accounts/GB5YRXL7HPQ53G4C77KWSF7LQUZPRZTRGPC47JRWJGX3L6BWEEIOLGKD/operations?order=asc&limit=1
GB5Z6SOGDDWNKN74MGMB2JXIU4EVKO64NRQSY5OADVCLTSWA5UPHW6Q7	2026-08-31T16:49:08Z	2026-08-31T16:49:09Z	200	0bce89d44e7c645f386f59fcf42fea91509a5f305fa47e113191b22bc62c1e0c	accounts/GB5Z6SOGDDWNKN74MGMB2JXIU4EVKO64NRQSY5OADVCLTSWA5UPHW6Q7.json	https://horizon.stellar.org/accounts/GB5Z6SOGDDWNKN74MGMB2JXIU4EVKO64NRQSY5OADVCLTSWA5UPHW6Q7/operations?order=asc&limit=1
GB6YM6S6NW5UDYQASFDFXHCIVLY7BEPRLYVUBXWME6K7YZKKA4VE2Q7C	2026-08-31T16:49:10Z	2026-08-31T16:49:11Z	200	23d63fef3939ec2ee920eb12b1e3e5941765ed164fff456e974e73941434fcea	accounts/GB6YM6S6NW5UDYQASFDFXHCIVLY7BEPRLYVUBXWME6K7YZKKA4VE2Q7C.json	https://horizon.stellar.org/accounts/GB6YM6S6NW5UDYQASFDFXHCIVLY7BEPRLYVUBXWME6K7YZKKA4VE2Q7C/operations?order=asc&limit=1
GB76OPKFMAYOITZHML3ZLGC6MQMVESBOM6WELSYED5ZO63VYJ3HEETRM	2026-08-31T16:49:11Z	2026-08-31T16:49:12Z	200	e8c538feaa50892823d80a66fae505cb6c75c9a1e0da1b9a578bd135c982ca32	accounts/GB76OPKFMAYOITZHML3ZLGC6MQMVESBOM6WELSYED5ZO63VYJ3HEETRM.json	https://horizon.stellar.org/accounts/GB76OPKFMAYOITZHML3ZLGC6MQMVESBOM6WELSYED5ZO63VYJ3HEETRM/operations?order=asc&limit=1
GB7FZIUYDPOVOGCNCCKEG46MK45WPKXPXA5AWLRTTDKFCPRNPY67EILI	2026-08-31T16:49:13Z	2026-08-31T16:49:14Z	200	19000d22b3608bc4effabdd047f9467ab8834777a3f876535f66b4dc059b6d14	accounts/GB7FZIUYDPOVOGCNCCKEG46MK45WPKXPXA5AWLRTTDKFCPRNPY67EILI.json	https://horizon.stellar.org/accounts/GB7FZIUYDPOVOGCNCCKEG46MK45WPKXPXA5AWLRTTDKFCPRNPY67EILI/operations?order=asc&limit=1
GB7MUAU7CWAG4QNZQXFN66UC3RXAOWACX2ZINRDFFBXKKECQJTVTA4T6	2026-08-31T16:49:14Z	2026-08-31T16:49:15Z	200	af989224b3bd1355902ca31161672025611fd0daf545977cd74ff255452e5713	accounts/GB7MUAU7CWAG4QNZQXFN66UC3RXAOWACX2ZINRDFFBXKKECQJTVTA4T6.json	https://horizon.stellar.org/accounts/GB7MUAU7CWAG4QNZQXFN66UC3RXAOWACX2ZINRDFFBXKKECQJTVTA4T6/operations?order=asc&limit=1
GB7QIGUVTWCJWBCZUT2VG44JDAHPUD65Q2T7MHQXYHVRAII6FNNJQVVZ	2026-08-31T16:49:16Z	2026-08-31T16:49:17Z	200	443decaaf20856a6e9734e43eaf75bbff2f491bb03e3c321681f7253932e3fc7	accounts/GB7QIGUVTWCJWBCZUT2VG44JDAHPUD65Q2T7MHQXYHVRAII6FNNJQVVZ.json	https://horizon.stellar.org/accounts/GB7QIGUVTWCJWBCZUT2VG44JDAHPUD65Q2T7MHQXYHVRAII6FNNJQVVZ/operations?order=asc&limit=1
GB7SSLVEGCGO5ZNE3MZLJZI7EA7WWJ5XOL4LCFEDHNY4SXT46CJQID2G	2026-08-31T16:49:17Z	2026-08-31T16:49:18Z	200	4f70163c1377fea524f8fdccb1e55580233fbd480e34cb4224cf16be1889264d	accounts/GB7SSLVEGCGO5ZNE3MZLJZI7EA7WWJ5XOL4LCFEDHNY4SXT46CJQID2G.json	https://horizon.stellar.org/accounts/GB7SSLVEGCGO5ZNE3MZLJZI7EA7WWJ5XOL4LCFEDHNY4SXT46CJQID2G/operations?order=asc&limit=1
GBA6M5YOKJFZAAPXCKYTNAUHV2VLYQF6FDSORHUCBJHH2URSTQQOCIO5	2026-08-31T16:49:19Z	2026-08-31T16:49:20Z	200	f2e1f04f55da3880c322d4926544070d331a3b07f0d78c59becf9220d4cea1d1	accounts/GBA6M5YOKJFZAAPXCKYTNAUHV2VLYQF6FDSORHUCBJHH2URSTQQOCIO5.json	https://horizon.stellar.org/accounts/GBA6M5YOKJFZAAPXCKYTNAUHV2VLYQF6FDSORHUCBJHH2URSTQQOCIO5/operations?order=asc&limit=1
GBAMEXG5GVDFPEYKW3BLOZHZC2QN7K6DI5DN6EHP5WX4U3AZQENSMECJ	2026-08-31T16:49:20Z	2026-08-31T16:49:21Z	200	2067c0f01903d5fe27a2cfa22b9c0b8b082e3225b5aba90a0fee38e74a812a74	accounts/GBAMEXG5GVDFPEYKW3BLOZHZC2QN7K6DI5DN6EHP5WX4U3AZQENSMECJ.json	https://horizon.stellar.org/accounts/GBAMEXG5GVDFPEYKW3BLOZHZC2QN7K6DI5DN6EHP5WX4U3AZQENSMECJ/operations?order=asc&limit=1
GBAOOIWRLTMHPN4TSVGN4WUSJP2JIGNNSIAJ6N6IMG46IAN4ZJP2EXEG	2026-08-31T16:49:21Z	2026-08-31T16:49:22Z	200	f88626f91a2bfa0ceb428a2d04501532d63d2c8f1e29a10ac2694c775102cc2b	accounts/GBAOOIWRLTMHPN4TSVGN4WUSJP2JIGNNSIAJ6N6IMG46IAN4ZJP2EXEG.json	https://horizon.stellar.org/accounts/GBAOOIWRLTMHPN4TSVGN4WUSJP2JIGNNSIAJ6N6IMG46IAN4ZJP2EXEG/operations?order=asc&limit=1
GBB5EWJZNC7DUS47K4MBIK7AN4ZEZFVBBTDRRWZB4VSMIM3VSRXWRBYK	2026-08-31T16:49:23Z	2026-08-31T16:49:24Z	200	2169e8d3c19193df2b83b3ef6afdc66eceabbf845e2e5eba04746fad6bf824ec	accounts/GBB5EWJZNC7DUS47K4MBIK7AN4ZEZFVBBTDRRWZB4VSMIM3VSRXWRBYK.json	https://horizon.stellar.org/accounts/GBB5EWJZNC7DUS47K4MBIK7AN4ZEZFVBBTDRRWZB4VSMIM3VSRXWRBYK/operations?order=asc&limit=1
GBB6JOP6QVFJ6GQFQI7MHTAGBRXDFRCMSKXEXYUE5YVMBDTNM3CED7XA	2026-08-31T16:49:24Z	2026-08-31T16:49:25Z	200	370b5fd382c283135e76000613baab361e853b11bc636d64500db6ddf820663f	accounts/GBB6JOP6QVFJ6GQFQI7MHTAGBRXDFRCMSKXEXYUE5YVMBDTNM3CED7XA.json	https://horizon.stellar.org/accounts/GBB6JOP6QVFJ6GQFQI7MHTAGBRXDFRCMSKXEXYUE5YVMBDTNM3CED7XA/operations?order=asc&limit=1
GBBXLZQEZVMVP3NJDQIKBR2P4H2F3TVLACXLMOBCNSQ6IEPORFCJYEKG	2026-08-31T16:49:25Z	2026-08-31T16:49:26Z	200	457e51607f365057ec53aae7250d1389d556449d9491663786ba3cd519699572	accounts/GBBXLZQEZVMVP3NJDQIKBR2P4H2F3TVLACXLMOBCNSQ6IEPORFCJYEKG.json	https://horizon.stellar.org/accounts/GBBXLZQEZVMVP3NJDQIKBR2P4H2F3TVLACXLMOBCNSQ6IEPORFCJYEKG/operations?order=asc&limit=1
GBCC4DK4KJQTQ6CZVNOZTZYDHMFKZMRSXLE2JN3NWBBGEAUKZHUTDDXA	2026-08-31T16:49:27Z	2026-08-31T16:49:28Z	200	24e2615bbd10cd521c9a58c24371506b01e9d223658e348a1f0fea8e969adb4b	accounts/GBCC4DK4KJQTQ6CZVNOZTZYDHMFKZMRSXLE2JN3NWBBGEAUKZHUTDDXA.json	https://horizon.stellar.org/accounts/GBCC4DK4KJQTQ6CZVNOZTZYDHMFKZMRSXLE2JN3NWBBGEAUKZHUTDDXA/operations?order=asc&limit=1
GBCDDLOJGV7SSZVWCW4IYRHFVZZD4OXKFT5CLM7ZWLQD6PGU2DYHEKCT	2026-08-31T16:49:28Z	2026-08-31T16:49:30Z	200	04aa95a2ce5ca0d393b8b3565c9d2b3e03e0a9b8435bfe0b622647214d2e9890	accounts/GBCDDLOJGV7SSZVWCW4IYRHFVZZD4OXKFT5CLM7ZWLQD6PGU2DYHEKCT.json	https://horizon.stellar.org/accounts/GBCDDLOJGV7SSZVWCW4IYRHFVZZD4OXKFT5CLM7ZWLQD6PGU2DYHEKCT/operations?order=asc&limit=1
GBDA4CVFJZDXEEZDFXCUBGMWYTNDKMYROIF2MBL4A3BCFCA5CT42YKZB	2026-08-31T16:49:30Z	2026-08-31T16:49:31Z	200	66e8ba14dcfec9a4bfa37f31ce4f0cc9cce711c661785a01a495151d7446075f	accounts/GBDA4CVFJZDXEEZDFXCUBGMWYTNDKMYROIF2MBL4A3BCFCA5CT42YKZB.json	https://horizon.stellar.org/accounts/GBDA4CVFJZDXEEZDFXCUBGMWYTNDKMYROIF2MBL4A3BCFCA5CT42YKZB/operations?order=asc&limit=1
GBDKKXFWJPVNM2NTQPWRXJYIFAR6VU7Q5EIMFTMC5LUVP2SIVP6GPBAT	2026-08-31T16:49:31Z	2026-08-31T16:49:32Z	200	f0d21cbe1419b7a5caf3607f9ed13eda41892fbdf6096e4f76a34bdefafeec1f	accounts/GBDKKXFWJPVNM2NTQPWRXJYIFAR6VU7Q5EIMFTMC5LUVP2SIVP6GPBAT.json	https://horizon.stellar.org/accounts/GBDKKXFWJPVNM2NTQPWRXJYIFAR6VU7Q5EIMFTMC5LUVP2SIVP6GPBAT/operations?order=asc&limit=1
GBDU3VTMHHZIR76OJ7ZVWPBECY4TLJJ267OYFGKKFFDDACX2XFMNKL7O	2026-08-31T16:49:33Z	2026-08-31T16:49:34Z	200	9b2f9730a8100b782bc72d87bd966b8228425961062335c838b600d59693d6ca	accounts/GBDU3VTMHHZIR76OJ7ZVWPBECY4TLJJ267OYFGKKFFDDACX2XFMNKL7O.json	https://horizon.stellar.org/accounts/GBDU3VTMHHZIR76OJ7ZVWPBECY4TLJJ267OYFGKKFFDDACX2XFMNKL7O/operations?order=asc&limit=1
GBEAAMCCMJSHKTFE5KMPE7ITJ3BHL4O3FVNRWZ44EWBDCT6HHZOCAGPG	2026-08-31T16:49:34Z	2026-08-31T16:49:35Z	200	fb6b15e9817d5853ce57526f62dcad0bac8f5f04bd02fc92a5db7a08213bf0de	accounts/GBEAAMCCMJSHKTFE5KMPE7ITJ3BHL4O3FVNRWZ44EWBDCT6HHZOCAGPG.json	https://horizon.stellar.org/accounts/GBEAAMCCMJSHKTFE5KMPE7ITJ3BHL4O3FVNRWZ44EWBDCT6HHZOCAGPG/operations?order=asc&limit=1
GBEJMHIMASJBIGGV5UKACNIZTQN3ZCILKZBH6W5PFI5TPCFPT5ASN4CW	2026-08-31T16:49:35Z	2026-08-31T16:49:36Z	200	9b48d6055d19f65a9a1f32940bd8008d26fe2fe742db8f864d3d63843d09fcf4	accounts/GBEJMHIMASJBIGGV5UKACNIZTQN3ZCILKZBH6W5PFI5TPCFPT5ASN4CW.json	https://horizon.stellar.org/accounts/GBEJMHIMASJBIGGV5UKACNIZTQN3ZCILKZBH6W5PFI5TPCFPT5ASN4CW/operations?order=asc&limit=1
GBELZYWQJCT6UHHWTEBWLIXNT4NV7SLJ3LTOECOQRKRQJNLAY6JMHFQX	2026-08-31T16:49:37Z	2026-08-31T16:49:38Z	200	2b6831d0448f37877f6a0caa204605017d1e70367fd3af3425900e8cf2b35df7	accounts/GBELZYWQJCT6UHHWTEBWLIXNT4NV7SLJ3LTOECOQRKRQJNLAY6JMHFQX.json	https://horizon.stellar.org/accounts/GBELZYWQJCT6UHHWTEBWLIXNT4NV7SLJ3LTOECOQRKRQJNLAY6JMHFQX/operations?order=asc&limit=1
GBEMWOCNI7FT4QHLIQ66HVPFJKCP47FE5MHWJPMSRBD5CE4ELSEYEE5P	2026-08-31T16:49:38Z	2026-08-31T16:49:39Z	200	f640eadc9c19708b47eb00d0bddb08c08ee9769877bdf3491611bb0b09057cae	accounts/GBEMWOCNI7FT4QHLIQ66HVPFJKCP47FE5MHWJPMSRBD5CE4ELSEYEE5P.json	https://horizon.stellar.org/accounts/GBEMWOCNI7FT4QHLIQ66HVPFJKCP47FE5MHWJPMSRBD5CE4ELSEYEE5P/operations?order=asc&limit=1
GBERASPPPMZEUYGQKC5HM3M244LK6M7UEOMUE25ZIEOIHDOKINPOGBFV	2026-08-31T16:49:39Z	2026-08-31T16:49:40Z	200	dbbf38bf37e737114382c7bc118e63793acd1d63cb8da53cdfb136f35c9b37c1	accounts/GBERASPPPMZEUYGQKC5HM3M244LK6M7UEOMUE25ZIEOIHDOKINPOGBFV.json	https://horizon.stellar.org/accounts/GBERASPPPMZEUYGQKC5HM3M244LK6M7UEOMUE25ZIEOIHDOKINPOGBFV/operations?order=asc&limit=1
GBEUHDMRM235TQ6C7UN7IY6I47VF4XMGPWVTRMWLKGWE53KBDN2SLF6B	2026-08-31T16:49:41Z	2026-08-31T16:49:42Z	200	7dfe29da02c698caa80e2ab80580418e7c54570f366282e6ecdf76686d60706b	accounts/GBEUHDMRM235TQ6C7UN7IY6I47VF4XMGPWVTRMWLKGWE53KBDN2SLF6B.json	https://horizon.stellar.org/accounts/GBEUHDMRM235TQ6C7UN7IY6I47VF4XMGPWVTRMWLKGWE53KBDN2SLF6B/operations?order=asc&limit=1
GBEWGJZ37PGFE47IMUEGK6PAXVCUSMD2GY7UJQ2ALLF24D2FQ2NNQAY5	2026-08-31T16:49:42Z	2026-08-31T16:49:43Z	200	5c2414943cd133ada0e70c139035a32fa88550defcf0f39f085acfa3c5ae3b75	accounts/GBEWGJZ37PGFE47IMUEGK6PAXVCUSMD2GY7UJQ2ALLF24D2FQ2NNQAY5.json	https://horizon.stellar.org/accounts/GBEWGJZ37PGFE47IMUEGK6PAXVCUSMD2GY7UJQ2ALLF24D2FQ2NNQAY5/operations?order=asc&limit=1
GBFIJGR7KECNFPZPB6PZJR3NBP4HK5IIZ7GZES7OB4LSWB7OA7JGNELU	2026-08-31T16:49:43Z	2026-08-31T16:49:44Z	200	20e92c9b418d197f43de2f797298218ef8b08f76306e45287e1e79514c6e65d2	accounts/GBFIJGR7KECNFPZPB6PZJR3NBP4HK5IIZ7GZES7OB4LSWB7OA7JGNELU.json	https://horizon.stellar.org/accounts/GBFIJGR7KECNFPZPB6PZJR3NBP4HK5IIZ7GZES7OB4LSWB7OA7JGNELU/operations?order=asc&limit=1
GBGGTFO2B46XM4YGP3H3IEC7PXFEFKUYKRTI747P2ZT2PNYRBHYDC5LQ	2026-08-31T16:49:45Z	2026-08-31T16:49:46Z	200	62ef0d6ce169f97da0c6e374b8c5d236160b1cfa199856358072ff242d8b28f1	accounts/GBGGTFO2B46XM4YGP3H3IEC7PXFEFKUYKRTI747P2ZT2PNYRBHYDC5LQ.json	https://horizon.stellar.org/accounts/GBGGTFO2B46XM4YGP3H3IEC7PXFEFKUYKRTI747P2ZT2PNYRBHYDC5LQ/operations?order=asc&limit=1
GBGPWAMKVZ54TK6LIYEAZF5MBA3UABQSNDMJUQYOVJ7TY3DLCHI5KB7E	2026-08-31T16:49:46Z	2026-08-31T16:49:47Z	200	afe04244ca635badf825afcf782fe671b49e3f7d7061eb5767d02fdf032b3d4d	accounts/GBGPWAMKVZ54TK6LIYEAZF5MBA3UABQSNDMJUQYOVJ7TY3DLCHI5KB7E.json	https://horizon.stellar.org/accounts/GBGPWAMKVZ54TK6LIYEAZF5MBA3UABQSNDMJUQYOVJ7TY3DLCHI5KB7E/operations?order=asc&limit=1
GBGRBCUB6L7LH4JQ6EPDP7REH2DDACMCUQI76M3P6DM52QWU2Z5LIEVW	2026-08-31T16:49:48Z	2026-08-31T16:49:49Z	200	e69c29dcd8f07426f5b8942f0a5760166e7d58962d27518299323e6054271a91	accounts/GBGRBCUB6L7LH4JQ6EPDP7REH2DDACMCUQI76M3P6DM52QWU2Z5LIEVW.json	https://horizon.stellar.org/accounts/GBGRBCUB6L7LH4JQ6EPDP7REH2DDACMCUQI76M3P6DM52QWU2Z5LIEVW/operations?order=asc&limit=1
GBGZMFW6L4HLBN6KWFPA3O7WQ3KSPYXYYHSNIXFN2WFYTZXHFMNHWZTS	2026-08-31T16:49:49Z	2026-08-31T16:49:50Z	200	35db7976292d66caa97f296bfd47654e5a15f6e2a9fd563b045955311bad3fe8	accounts/GBGZMFW6L4HLBN6KWFPA3O7WQ3KSPYXYYHSNIXFN2WFYTZXHFMNHWZTS.json	https://horizon.stellar.org/accounts/GBGZMFW6L4HLBN6KWFPA3O7WQ3KSPYXYYHSNIXFN2WFYTZXHFMNHWZTS/operations?order=asc&limit=1
GBH4XBJ4XKWWNE7MXEID5XJXN4H2F5ENPV6V5L3BITPLZZJUOQKBWLVW	2026-08-31T16:49:50Z	2026-08-31T16:49:52Z	200	e23ecaab55af9da390ebf815e6d147e69b948c368d7d13af71008592e108fb06	accounts/GBH4XBJ4XKWWNE7MXEID5XJXN4H2F5ENPV6V5L3BITPLZZJUOQKBWLVW.json	https://horizon.stellar.org/accounts/GBH4XBJ4XKWWNE7MXEID5XJXN4H2F5ENPV6V5L3BITPLZZJUOQKBWLVW/operations?order=asc&limit=1
GBHJFFNOJZHUCMLUEJEJXRZBIBKPWAHKMDUUJGBXHWWQJF7JVEW5Q4LS	2026-08-31T16:49:52Z	2026-08-31T16:49:53Z	200	9a172df822d8761316d86545463f33db6c52128e76f9ef7064fd10ad9d85142c	accounts/GBHJFFNOJZHUCMLUEJEJXRZBIBKPWAHKMDUUJGBXHWWQJF7JVEW5Q4LS.json	https://horizon.stellar.org/accounts/GBHJFFNOJZHUCMLUEJEJXRZBIBKPWAHKMDUUJGBXHWWQJF7JVEW5Q4LS/operations?order=asc&limit=1
GBHMLQMGGFOW5GQFXM46SJOBQQB4IQ36DEHUZWSF47E3BEP7D2ETGTGY	2026-08-31T16:49:54Z	2026-08-31T16:49:55Z	200	8f125dd4d85196287ce67fba10815c550b72dce1447e36f25570fd4f2ab3d7f7	accounts/GBHMLQMGGFOW5GQFXM46SJOBQQB4IQ36DEHUZWSF47E3BEP7D2ETGTGY.json	https://horizon.stellar.org/accounts/GBHMLQMGGFOW5GQFXM46SJOBQQB4IQ36DEHUZWSF47E3BEP7D2ETGTGY/operations?order=asc&limit=1
GBIMNAUSOPDS2WPNVMEKTZQQLLHKM7XJDD3EDLDBBIILEVREUVYQR22T	2026-08-31T16:49:55Z	2026-08-31T16:49:56Z	200	dc5bef0de9b26e1545e47211d19856ca4ab93e7869ac17fb5da21776115644f1	accounts/GBIMNAUSOPDS2WPNVMEKTZQQLLHKM7XJDD3EDLDBBIILEVREUVYQR22T.json	https://horizon.stellar.org/accounts/GBIMNAUSOPDS2WPNVMEKTZQQLLHKM7XJDD3EDLDBBIILEVREUVYQR22T/operations?order=asc&limit=1
GBJ5LEAEGYSWO4CZCDHC2I4SZJREHGTM4BU24WOKSD5XWV43MCORFUGJ	2026-08-31T16:49:57Z	2026-08-31T16:49:58Z	200	8b265eb2b4457ade359354e70f360d3b419c1b64da66c07ef30f6a4a7738fd71	accounts/GBJ5LEAEGYSWO4CZCDHC2I4SZJREHGTM4BU24WOKSD5XWV43MCORFUGJ.json	https://horizon.stellar.org/accounts/GBJ5LEAEGYSWO4CZCDHC2I4SZJREHGTM4BU24WOKSD5XWV43MCORFUGJ/operations?order=asc&limit=1
GBJ5NOHXGYBE54XIMEBD4CLMCHYZV4D42RV6IHPO44NI5FEDMGTRPAZV	2026-08-31T16:49:58Z	2026-08-31T16:49:59Z	200	e8eeb7fd624d6afa75c78b17ab97b2ae0e89c18705c76e30d4ae19df94b087b0	accounts/GBJ5NOHXGYBE54XIMEBD4CLMCHYZV4D42RV6IHPO44NI5FEDMGTRPAZV.json	https://horizon.stellar.org/accounts/GBJ5NOHXGYBE54XIMEBD4CLMCHYZV4D42RV6IHPO44NI5FEDMGTRPAZV/operations?order=asc&limit=1
GBJAMW27KDP6AUPFVFRM7TUE3RGGBGJCNXE5V4PJ3JLRYCXQ6VNNWTBO	2026-08-31T16:49:59Z	2026-08-31T16:50:01Z	200	56b7551bda4e775e7597b7cb4d5f547f23a8696730cf58ab054f642157751c3f	accounts/GBJAMW27KDP6AUPFVFRM7TUE3RGGBGJCNXE5V4PJ3JLRYCXQ6VNNWTBO.json	https://horizon.stellar.org/accounts/GBJAMW27KDP6AUPFVFRM7TUE3RGGBGJCNXE5V4PJ3JLRYCXQ6VNNWTBO/operations?order=asc&limit=1
GBJBAAGOPIUSQJP6EFPQ6FVPACQIK3ZQXUU2V344TCNWLYYAVLVWHPLJ	2026-08-31T16:50:01Z	2026-08-31T16:50:02Z	200	d46a1f5c3029b821c74c8a777907dc37b7a5f897820fdf0ebb3dc26ccc23c7d4	accounts/GBJBAAGOPIUSQJP6EFPQ6FVPACQIK3ZQXUU2V344TCNWLYYAVLVWHPLJ.json	https://horizon.stellar.org/accounts/GBJBAAGOPIUSQJP6EFPQ6FVPACQIK3ZQXUU2V344TCNWLYYAVLVWHPLJ/operations?order=asc&limit=1
GBJCXOUYONKHOXAE557LTZPVOD4KHSQTR6RKK4HEDSTRBUVWXTTYEIGI	2026-08-31T16:50:02Z	2026-08-31T16:50:03Z	200	ef629b0aaaf83ddebf565d2e283d623d8db2eab206f985d4326be12742889ac3	accounts/GBJCXOUYONKHOXAE557LTZPVOD4KHSQTR6RKK4HEDSTRBUVWXTTYEIGI.json	https://horizon.stellar.org/accounts/GBJCXOUYONKHOXAE557LTZPVOD4KHSQTR6RKK4HEDSTRBUVWXTTYEIGI/operations?order=asc&limit=1
GBJYLOBZFCXLDEVEKZRLAXTNWRXG4PMCGRYJE3O4YNBFQEFN4ECJFEAI	2026-08-31T16:50:03Z	2026-08-31T16:50:05Z	200	ca43c1b55bfa803ac518b85716d09aa6fb572f22178ed84cfbaf4310f2966ac4	accounts/GBJYLOBZFCXLDEVEKZRLAXTNWRXG4PMCGRYJE3O4YNBFQEFN4ECJFEAI.json	https://horizon.stellar.org/accounts/GBJYLOBZFCXLDEVEKZRLAXTNWRXG4PMCGRYJE3O4YNBFQEFN4ECJFEAI/operations?order=asc&limit=1
GBK66X2J72IK3M46IJXHLU72Y2BLQFFUSUOZU64H2AJK6SIZ53NTKTZ3	2026-08-31T16:50:05Z	2026-08-31T16:50:06Z	200	bb0d5e9661278a6cbb61565e54bcdf3c5f108c2f7debecb0e438caa469657f9f	accounts/GBK66X2J72IK3M46IJXHLU72Y2BLQFFUSUOZU64H2AJK6SIZ53NTKTZ3.json	https://horizon.stellar.org/accounts/GBK66X2J72IK3M46IJXHLU72Y2BLQFFUSUOZU64H2AJK6SIZ53NTKTZ3/operations?order=asc&limit=1
GBLAWWOAGK5CLLI5ZHR6TII64HTY4Z243IB5XB22EES5FU5MNY5QVSMC	2026-08-31T16:50:06Z	2026-08-31T16:50:07Z	200	e15cd7466cf6eb562dc0be3c0e1b3811934d5f4f807949b158d24a3f9e22d65c	accounts/GBLAWWOAGK5CLLI5ZHR6TII64HTY4Z243IB5XB22EES5FU5MNY5QVSMC.json	https://horizon.stellar.org/accounts/GBLAWWOAGK5CLLI5ZHR6TII64HTY4Z243IB5XB22EES5FU5MNY5QVSMC/operations?order=asc&limit=1
GBLKUBEVO32TVGPMCOVD4YC3CYXRSAELNHFUZNBDKC2UAMMCKPACRYFJ	2026-08-31T16:50:08Z	2026-08-31T16:50:09Z	200	9142380158424a11761d8375f827578afa044db5da468e1efaf2eed6a9b5e90c	accounts/GBLKUBEVO32TVGPMCOVD4YC3CYXRSAELNHFUZNBDKC2UAMMCKPACRYFJ.json	https://horizon.stellar.org/accounts/GBLKUBEVO32TVGPMCOVD4YC3CYXRSAELNHFUZNBDKC2UAMMCKPACRYFJ/operations?order=asc&limit=1
GBLLXVVK3LUJTKIZPEBXUUOIHDQO3DNUL7CN4P6OKPLIG5FWFDDAW6NJ	2026-08-31T16:50:09Z	2026-08-31T16:50:10Z	200	c3030e63b9d2b80393e23bbb3dda096cfa8b7dccff6d58e9a5401dcaf0456927	accounts/GBLLXVVK3LUJTKIZPEBXUUOIHDQO3DNUL7CN4P6OKPLIG5FWFDDAW6NJ.json	https://horizon.stellar.org/accounts/GBLLXVVK3LUJTKIZPEBXUUOIHDQO3DNUL7CN4P6OKPLIG5FWFDDAW6NJ/operations?order=asc&limit=1
GBLVLKGRDU66WLWY4XRORJXCC4LDZ347AQTUYBEPBABIZTVITW2OAGIP	2026-08-31T16:50:10Z	2026-08-31T16:50:11Z	200	775ad84581171df5a35764854052d3b6f28a0211236b748f14a3937b5937eca7	accounts/GBLVLKGRDU66WLWY4XRORJXCC4LDZ347AQTUYBEPBABIZTVITW2OAGIP.json	https://horizon.stellar.org/accounts/GBLVLKGRDU66WLWY4XRORJXCC4LDZ347AQTUYBEPBABIZTVITW2OAGIP/operations?order=asc&limit=1
GBLVUBQIZ57EBUBSL5GFFZ2JFBY676UO7BQJVOMC3NKQNT5HHVK5DZC6	2026-08-31T16:50:12Z	2026-08-31T16:50:13Z	200	7ea2e52b3f2bc315453661a22f991de946d8c82484be2bb7906d53bf387ad855	accounts/GBLVUBQIZ57EBUBSL5GFFZ2JFBY676UO7BQJVOMC3NKQNT5HHVK5DZC6.json	https://horizon.stellar.org/accounts/GBLVUBQIZ57EBUBSL5GFFZ2JFBY676UO7BQJVOMC3NKQNT5HHVK5DZC6/operations?order=asc&limit=1
GBMI6IOOJ6MVGTQ245DBFROCPS7CC6WRJZZII3J56U6NCJU4KUIQLTNT	2026-08-31T16:50:13Z	2026-08-31T16:50:14Z	200	f58e23d4e4f95ef7533632f27d8fb3533d664b50d010a5e95adb75201fbd61b3	accounts/GBMI6IOOJ6MVGTQ245DBFROCPS7CC6WRJZZII3J56U6NCJU4KUIQLTNT.json	https://horizon.stellar.org/accounts/GBMI6IOOJ6MVGTQ245DBFROCPS7CC6WRJZZII3J56U6NCJU4KUIQLTNT/operations?order=asc&limit=1
GBMRXFV2L46ZVSYXKQLP5FBSGQEYPXQUHLRGYEQO7XS3RZDOBGFIHV2S	2026-08-31T16:50:14Z	2026-08-31T16:50:15Z	200	a0911c8ff2c3b51a3bbb4cb2f81934f1dbf13f9006f9d6ceed04c2ed8f7b81ea	accounts/GBMRXFV2L46ZVSYXKQLP5FBSGQEYPXQUHLRGYEQO7XS3RZDOBGFIHV2S.json	https://horizon.stellar.org/accounts/GBMRXFV2L46ZVSYXKQLP5FBSGQEYPXQUHLRGYEQO7XS3RZDOBGFIHV2S/operations?order=asc&limit=1
GBNIBHKZ55FLGCBA7S57YAAQ5DSO5B3GMSKNIRZEC5VW6LGTVTPIJ3WV	2026-08-31T16:50:16Z	2026-08-31T16:50:17Z	200	58b99f11614a6fe6166cf36523216118e4d469cc0b89a0dc07b8c87973b94716	accounts/GBNIBHKZ55FLGCBA7S57YAAQ5DSO5B3GMSKNIRZEC5VW6LGTVTPIJ3WV.json	https://horizon.stellar.org/accounts/GBNIBHKZ55FLGCBA7S57YAAQ5DSO5B3GMSKNIRZEC5VW6LGTVTPIJ3WV/operations?order=asc&limit=1
GBNYC2X5GLZGJNWLZK4FDONPCUGY6BUHVCCORSJU7HR5FATHTKKY36U2	2026-08-31T16:50:17Z	2026-08-31T16:50:18Z	200	27db2fd935329ea25d2cbac281d98e94e311a877f363d74b4ac536546c006df7	accounts/GBNYC2X5GLZGJNWLZK4FDONPCUGY6BUHVCCORSJU7HR5FATHTKKY36U2.json	https://horizon.stellar.org/accounts/GBNYC2X5GLZGJNWLZK4FDONPCUGY6BUHVCCORSJU7HR5FATHTKKY36U2/operations?order=asc&limit=1
GBO7VUL2TOKPWFAWKATIW7K3QYA7WQ63VDY5CAE6AFUUX6BHZBOC2WXC	2026-08-31T16:50:18Z	2026-08-31T16:50:20Z	200	9394120d48d29fa4e82ac883fddc7d837a4058dc655773664fa474ad70deca64	accounts/GBO7VUL2TOKPWFAWKATIW7K3QYA7WQ63VDY5CAE6AFUUX6BHZBOC2WXC.json	https://horizon.stellar.org/accounts/GBO7VUL2TOKPWFAWKATIW7K3QYA7WQ63VDY5CAE6AFUUX6BHZBOC2WXC/operations?order=asc&limit=1
GBOA3PJZ3EUWLWLNXPICD57STTQSQKGEKDXNXC2VVPTML7SCQMAYUO3G	2026-08-31T16:50:20Z	2026-08-31T16:50:21Z	200	4ac260809f07d94684551334b9060386fc8b8c39c567a27b4a137891db5562c2	accounts/GBOA3PJZ3EUWLWLNXPICD57STTQSQKGEKDXNXC2VVPTML7SCQMAYUO3G.json	https://horizon.stellar.org/accounts/GBOA3PJZ3EUWLWLNXPICD57STTQSQKGEKDXNXC2VVPTML7SCQMAYUO3G/operations?order=asc&limit=1
GBOKE2UYYUPL7YOI2TVYWTGT6ZWD2D7TMJZPGCRRV5VA64TWYNKZHV5J	2026-08-31T16:50:21Z	2026-08-31T16:50:22Z	200	07d61358dfc4af5f5eaf67b2b5cb7169f5fc3f8397ac70fb10cfca200faf2408	accounts/GBOKE2UYYUPL7YOI2TVYWTGT6ZWD2D7TMJZPGCRRV5VA64TWYNKZHV5J.json	https://horizon.stellar.org/accounts/GBOKE2UYYUPL7YOI2TVYWTGT6ZWD2D7TMJZPGCRRV5VA64TWYNKZHV5J/operations?order=asc&limit=1
GBOMCO5L5YFTTOHUCISCHMM6HYSPCTA7YBBJDCKU3Y4RQUAPHBMIVFM3	2026-08-31T16:50:23Z	2026-08-31T16:50:24Z	200	e3a9320eed42e72813ecaac7fda19962a53eb6d8f60e94cb3d17c3cf1bafb51a	accounts/GBOMCO5L5YFTTOHUCISCHMM6HYSPCTA7YBBJDCKU3Y4RQUAPHBMIVFM3.json	https://horizon.stellar.org/accounts/GBOMCO5L5YFTTOHUCISCHMM6HYSPCTA7YBBJDCKU3Y4RQUAPHBMIVFM3/operations?order=asc&limit=1
GBOUSVPNE6EHFQU6YQ4ZSADWKPLFTVBFG425WB5RYOE4G4KGEPFCVJKV	2026-08-31T16:50:24Z	2026-08-31T16:50:25Z	200	b30a081ec88f35d433eb42e5879ee068223c674d414dde360a28c8c5ae57eb3b	accounts/GBOUSVPNE6EHFQU6YQ4ZSADWKPLFTVBFG425WB5RYOE4G4KGEPFCVJKV.json	https://horizon.stellar.org/accounts/GBOUSVPNE6EHFQU6YQ4ZSADWKPLFTVBFG425WB5RYOE4G4KGEPFCVJKV/operations?order=asc&limit=1
GBPEKVNMKISCDTFE3IQ3O7UPLQWNGFSZ42UJX3JDJM2C2LPXZGFCWRG5	2026-08-31T16:50:25Z	2026-08-31T16:50:26Z	200	1548aa4c94f63d31a2aab1abdad7a2ac61b32147d3b991ea2e59f4463fce961a	accounts/GBPEKVNMKISCDTFE3IQ3O7UPLQWNGFSZ42UJX3JDJM2C2LPXZGFCWRG5.json	https://horizon.stellar.org/accounts/GBPEKVNMKISCDTFE3IQ3O7UPLQWNGFSZ42UJX3JDJM2C2LPXZGFCWRG5/operations?order=asc&limit=1
GBPFB6XNLDMXQKOFJAH6IRTOMTEUU4ZWFHNRMYWZNXCZEDNE6UU66WSG	2026-08-31T16:50:27Z	2026-08-31T16:50:28Z	200	0dd7ae90175e1caac62559d10d97cf2c111dd345ea9a8f33245c205692da539f	accounts/GBPFB6XNLDMXQKOFJAH6IRTOMTEUU4ZWFHNRMYWZNXCZEDNE6UU66WSG.json	https://horizon.stellar.org/accounts/GBPFB6XNLDMXQKOFJAH6IRTOMTEUU4ZWFHNRMYWZNXCZEDNE6UU66WSG/operations?order=asc&limit=1
GBQ7SRTP7PNNSCNZFU3QMI4MJHC7CFAYITF4B2ZRLPUK7R62DJJQDP7K	2026-08-31T16:50:28Z	2026-08-31T16:50:29Z	200	1c6565dfef26f7aa3d2e6717cc6ff37c49fe5326e9feef2b7e7ab75a313823a6	accounts/GBQ7SRTP7PNNSCNZFU3QMI4MJHC7CFAYITF4B2ZRLPUK7R62DJJQDP7K.json	https://horizon.stellar.org/accounts/GBQ7SRTP7PNNSCNZFU3QMI4MJHC7CFAYITF4B2ZRLPUK7R62DJJQDP7K/operations?order=asc&limit=1
GBQRETL43K64FIVD5TQEZOO64BXIL4CSZP6JF3ZF7UONKPVAQJLTHQVQ	2026-08-31T16:50:29Z	2026-08-31T16:50:31Z	200	cd50bd148389d1a6bcd20b017317ea3f42e7e1c989f1446a9d34e5611da4c3b5	accounts/GBQRETL43K64FIVD5TQEZOO64BXIL4CSZP6JF3ZF7UONKPVAQJLTHQVQ.json	https://horizon.stellar.org/accounts/GBQRETL43K64FIVD5TQEZOO64BXIL4CSZP6JF3ZF7UONKPVAQJLTHQVQ/operations?order=asc&limit=1
GBQSUT6F2CQ7CDRYCCEBIEZ3HE4D54DUENHAA7TTCASSJEW7AMQGND37	2026-08-31T16:50:31Z	2026-08-31T16:50:32Z	200	7372acca7a0902d13c1b31ac69153ddb180f3a9739291fcb6d760ef24c083846	accounts/GBQSUT6F2CQ7CDRYCCEBIEZ3HE4D54DUENHAA7TTCASSJEW7AMQGND37.json	https://horizon.stellar.org/accounts/GBQSUT6F2CQ7CDRYCCEBIEZ3HE4D54DUENHAA7TTCASSJEW7AMQGND37/operations?order=asc&limit=1
GBQUDR7NE4JFPTMLWYBAMPV2TVWTV7BEV43T4CH5UZSMPLBIIHPWT7FV	2026-08-31T16:50:32Z	2026-08-31T16:50:33Z	200	8f911b423b122ce3693ba3a31e613346b487feafce06dfbb252b53a267892943	accounts/GBQUDR7NE4JFPTMLWYBAMPV2TVWTV7BEV43T4CH5UZSMPLBIIHPWT7FV.json	https://horizon.stellar.org/accounts/GBQUDR7NE4JFPTMLWYBAMPV2TVWTV7BEV43T4CH5UZSMPLBIIHPWT7FV/operations?order=asc&limit=1
GBQWZCV4MKEQD4TQBASV4RTU4HHZWTC5F55HHGIJQ54ZVGCCL322QLIS	2026-08-31T16:50:34Z	2026-08-31T16:50:35Z	200	a98ff2fdb2d9b29a316e18d74b307d7da08c54f406d048c9713d7f75ea79ecc6	accounts/GBQWZCV4MKEQD4TQBASV4RTU4HHZWTC5F55HHGIJQ54ZVGCCL322QLIS.json	https://horizon.stellar.org/accounts/GBQWZCV4MKEQD4TQBASV4RTU4HHZWTC5F55HHGIJQ54ZVGCCL322QLIS/operations?order=asc&limit=1
GBQZJG4OCET7SV56I6IPBHGQAZBVRZBXP4BAS6ICCP56M32S23TQLKII	2026-08-31T16:50:35Z	2026-08-31T16:50:36Z	200	f6ea8d9ea944f7111a96d27daf59a34a53eeab709f54d5fe8fe8061d66a6f20a	accounts/GBQZJG4OCET7SV56I6IPBHGQAZBVRZBXP4BAS6ICCP56M32S23TQLKII.json	https://horizon.stellar.org/accounts/GBQZJG4OCET7SV56I6IPBHGQAZBVRZBXP4BAS6ICCP56M32S23TQLKII/operations?order=asc&limit=1
GBR42WC7PKYDU47ONPWFOW6R6KR44VSYO36H2J4OS4S4WROIRR3DDETS	2026-08-31T16:50:36Z	2026-08-31T16:50:38Z	200	d2fb9c1628676487f28f568b5b18747e5b5952eb9c6572056c2c3623b6496707	accounts/GBR42WC7PKYDU47ONPWFOW6R6KR44VSYO36H2J4OS4S4WROIRR3DDETS.json	https://horizon.stellar.org/accounts/GBR42WC7PKYDU47ONPWFOW6R6KR44VSYO36H2J4OS4S4WROIRR3DDETS/operations?order=asc&limit=1
GBRG2ADWD6VNHSIV27TEES2MHMNWF7OZBSGG4P3SG3ZRELNXQUXFWMI4	2026-08-31T16:50:38Z	2026-08-31T16:50:39Z	200	22c1d2e7223979db0868771a15883e82ed5b2c2f4219ccc01b87de2f564e20c5	accounts/GBRG2ADWD6VNHSIV27TEES2MHMNWF7OZBSGG4P3SG3ZRELNXQUXFWMI4.json	https://horizon.stellar.org/accounts/GBRG2ADWD6VNHSIV27TEES2MHMNWF7OZBSGG4P3SG3ZRELNXQUXFWMI4/operations?order=asc&limit=1
GBRVY6BZVHHGACHOHTHIWXKPRQNWZ6K7SXOPHX2ROQJS22D7UK6JBSB3	2026-08-31T16:50:39Z	2026-08-31T16:50:40Z	200	945574ff3b0a1fe5198f23d31c634ec24446c4eac8c445a9c593d0f7fa187fea	accounts/GBRVY6BZVHHGACHOHTHIWXKPRQNWZ6K7SXOPHX2ROQJS22D7UK6JBSB3.json	https://horizon.stellar.org/accounts/GBRVY6BZVHHGACHOHTHIWXKPRQNWZ6K7SXOPHX2ROQJS22D7UK6JBSB3/operations?order=asc&limit=1
GBS74L42WV7BPU4ALVDZQFL3GIWMWURMEFCWRJZQJXZVSSIM4HRYMJVP	2026-08-31T16:50:41Z	2026-08-31T16:50:42Z	200	f8accc2430f050209833e936f197c71cfed0b75c47209d8f71041677bc1d3cad	accounts/GBS74L42WV7BPU4ALVDZQFL3GIWMWURMEFCWRJZQJXZVSSIM4HRYMJVP.json	https://horizon.stellar.org/accounts/GBS74L42WV7BPU4ALVDZQFL3GIWMWURMEFCWRJZQJXZVSSIM4HRYMJVP/operations?order=asc&limit=1
GBSCXGQPSKL7EKR6HKLWJ2MTHYZSZIUTO26YZSFMINNYGAB7PUUBZZU2	2026-08-31T16:50:42Z	2026-08-31T16:50:43Z	200	b836a813de5e7f4611d8e3fc3dfca1158513b508dc6e5039c0422ef97b8c9cba	accounts/GBSCXGQPSKL7EKR6HKLWJ2MTHYZSZIUTO26YZSFMINNYGAB7PUUBZZU2.json	https://horizon.stellar.org/accounts/GBSCXGQPSKL7EKR6HKLWJ2MTHYZSZIUTO26YZSFMINNYGAB7PUUBZZU2/operations?order=asc&limit=1
GBSDXR7QOSTQI46MIEPK2UNLPZOM5CC5DMQQXKES6EFGSQ26ZJMAFHAV	2026-08-31T16:50:44Z	2026-08-31T16:50:45Z	200	fd1d042c7239659fba26b5d853bd503c226ad1511e62c9ab71dfce53b652d275	accounts/GBSDXR7QOSTQI46MIEPK2UNLPZOM5CC5DMQQXKES6EFGSQ26ZJMAFHAV.json	https://horizon.stellar.org/accounts/GBSDXR7QOSTQI46MIEPK2UNLPZOM5CC5DMQQXKES6EFGSQ26ZJMAFHAV/operations?order=asc&limit=1
GBTEZE3JLLRBS5NFXRPQU675AFLC3L7P2CXDOIM4333AUNCZ2NUA2EKV	2026-08-31T16:50:45Z	2026-08-31T16:50:46Z	200	f5dfb71feed9375ff5d41782baf7a4848e4e6623bcbdeb40da57f929b74156f9	accounts/GBTEZE3JLLRBS5NFXRPQU675AFLC3L7P2CXDOIM4333AUNCZ2NUA2EKV.json	https://horizon.stellar.org/accounts/GBTEZE3JLLRBS5NFXRPQU675AFLC3L7P2CXDOIM4333AUNCZ2NUA2EKV/operations?order=asc&limit=1
GBTVBYH3ZBLGTH5NTEJUEXVT3GPW7A72QDUXCMH3CL2JN2YWU74YD7VB	2026-08-31T16:50:47Z	2026-08-31T16:50:48Z	200	baef10f4b0dcd463a4a762b564ef6f62ad61801fc72250d0cb4b200a98aa348f	accounts/GBTVBYH3ZBLGTH5NTEJUEXVT3GPW7A72QDUXCMH3CL2JN2YWU74YD7VB.json	https://horizon.stellar.org/accounts/GBTVBYH3ZBLGTH5NTEJUEXVT3GPW7A72QDUXCMH3CL2JN2YWU74YD7VB/operations?order=asc&limit=1
GBTWHF4V2KFMQ3D3MLC4XBYT3PFH7KXF22GYAPDZF3BHRELD6HHQZU5R	2026-08-31T16:50:48Z	2026-08-31T16:50:49Z	200	63f561210186275fb7e36f65f31d2dc313dec0c67da9a0d0c8dc30e018ebbfca	accounts/GBTWHF4V2KFMQ3D3MLC4XBYT3PFH7KXF22GYAPDZF3BHRELD6HHQZU5R.json	https://horizon.stellar.org/accounts/GBTWHF4V2KFMQ3D3MLC4XBYT3PFH7KXF22GYAPDZF3BHRELD6HHQZU5R/operations?order=asc&limit=1
GBU6CDUCHDLGNT6V3UQEG42VXBR4S7GKFDP5Y2AZGLC4SPS5E2VWRDBG	2026-08-31T16:50:49Z	2026-08-31T16:50:51Z	200	357eb8e323328be4431ae2511b19785dd286fd35cbd368c6510c61d2de7086a8	accounts/GBU6CDUCHDLGNT6V3UQEG42VXBR4S7GKFDP5Y2AZGLC4SPS5E2VWRDBG.json	https://horizon.stellar.org/accounts/GBU6CDUCHDLGNT6V3UQEG42VXBR4S7GKFDP5Y2AZGLC4SPS5E2VWRDBG/operations?order=asc&limit=1
GBUKH3OWM3XP6BMIBWXPBDEDJACPEMVWZ6QJVNMYP2L2HYAQH34FFVYX	2026-08-31T16:50:51Z	2026-08-31T16:50:52Z	200	4bab3a3c5b6859eff75cd0d6288bbc35ab0cc8775bd06f8543ffda038072ae6a	accounts/GBUKH3OWM3XP6BMIBWXPBDEDJACPEMVWZ6QJVNMYP2L2HYAQH34FFVYX.json	https://horizon.stellar.org/accounts/GBUKH3OWM3XP6BMIBWXPBDEDJACPEMVWZ6QJVNMYP2L2HYAQH34FFVYX/operations?order=asc&limit=1
GBUN72VKAVRNXSXNYQENCRRWA556FUTW6XUBYLIF6RBEECXLVNSX3PLS	2026-08-31T16:50:52Z	2026-08-31T16:50:53Z	200	f0bfc3744014a59e85b2546524128646c0a5867b4ec906389ae5fb2673405f95	accounts/GBUN72VKAVRNXSXNYQENCRRWA556FUTW6XUBYLIF6RBEECXLVNSX3PLS.json	https://horizon.stellar.org/accounts/GBUN72VKAVRNXSXNYQENCRRWA556FUTW6XUBYLIF6RBEECXLVNSX3PLS/operations?order=asc&limit=1
GBUYVJG3GQRCQMCGRF5NRKF3YBC7D3NCGSEPPIM4GJFHSHDEE7WDEMON	2026-08-31T16:50:53Z	2026-08-31T16:50:55Z	200	39c5744aa5c1ad7775720ec76cc10b6043f080dad355da359d4e40574c77b18e	accounts/GBUYVJG3GQRCQMCGRF5NRKF3YBC7D3NCGSEPPIM4GJFHSHDEE7WDEMON.json	https://horizon.stellar.org/accounts/GBUYVJG3GQRCQMCGRF5NRKF3YBC7D3NCGSEPPIM4GJFHSHDEE7WDEMON/operations?order=asc&limit=1
GBUZ7BHRLQSBATYWRDJDLGNLX5ZOYAXR4JW53S6UGO5TEZHRQIX2CYR5	2026-08-31T16:50:55Z	2026-08-31T16:50:56Z	200	7d25ac16914ee9e006832ef5230b7c873b12dae78e1a539d11a1a0ac6486a8bd	accounts/GBUZ7BHRLQSBATYWRDJDLGNLX5ZOYAXR4JW53S6UGO5TEZHRQIX2CYR5.json	https://horizon.stellar.org/accounts/GBUZ7BHRLQSBATYWRDJDLGNLX5ZOYAXR4JW53S6UGO5TEZHRQIX2CYR5/operations?order=asc&limit=1
GBW6HFWV5A2LA3NCKYTADEELRXTSL67X5IAGRS5WYPXD74XWF63AGTTE	2026-08-31T16:50:56Z	2026-08-31T16:50:57Z	200	bb3807c4340b6f4ef75a403593ce15daa55f53ad98396beacc05281648a9a451	accounts/GBW6HFWV5A2LA3NCKYTADEELRXTSL67X5IAGRS5WYPXD74XWF63AGTTE.json	https://horizon.stellar.org/accounts/GBW6HFWV5A2LA3NCKYTADEELRXTSL67X5IAGRS5WYPXD74XWF63AGTTE/operations?order=asc&limit=1
GBWEHIWGW4SD45THPV7ANGWN5QPSGN3L7B2W6BB7AX5PW4EOECTFFZWQ	2026-08-31T16:50:58Z	2026-08-31T16:50:59Z	200	4459e364878fb78a1c1f479a236e4d3cdbf3a957963fc80de29238ec95679f79	accounts/GBWEHIWGW4SD45THPV7ANGWN5QPSGN3L7B2W6BB7AX5PW4EOECTFFZWQ.json	https://horizon.stellar.org/accounts/GBWEHIWGW4SD45THPV7ANGWN5QPSGN3L7B2W6BB7AX5PW4EOECTFFZWQ/operations?order=asc&limit=1
GBWGVYDWPX3APD77SJ4HFS63VN4IZMHYDRVU6CONEEKJJWPYENU73LIJ	2026-08-31T16:50:59Z	2026-08-31T16:51:00Z	200	2a3c3585ca166be42ddbe96d05a3b2e072ac6b4a10f47b3dfa3e06fe31f6e5f5	accounts/GBWGVYDWPX3APD77SJ4HFS63VN4IZMHYDRVU6CONEEKJJWPYENU73LIJ.json	https://horizon.stellar.org/accounts/GBWGVYDWPX3APD77SJ4HFS63VN4IZMHYDRVU6CONEEKJJWPYENU73LIJ/operations?order=asc&limit=1
GBWIJMGPBMCAUZSAFWYCXFHSKTXTJ2QHDQNCHBQY7L2ZY5YEJGSRWFOZ	2026-08-31T16:51:01Z	2026-08-31T16:51:02Z	200	f11b05aefe5d77ef62b41dbf593a4006eac6889e68bae9688ac543e8d9d56ccc	accounts/GBWIJMGPBMCAUZSAFWYCXFHSKTXTJ2QHDQNCHBQY7L2ZY5YEJGSRWFOZ.json	https://horizon.stellar.org/accounts/GBWIJMGPBMCAUZSAFWYCXFHSKTXTJ2QHDQNCHBQY7L2ZY5YEJGSRWFOZ/operations?order=asc&limit=1
GBWPJ2FNWZOR2FXASPXLQTU5SSR555YFUGZAFGEDZBFC7F3GLRKSPRCV	2026-08-31T16:51:02Z	2026-08-31T16:51:03Z	200	d15c053d615d420d13f9cf341650c81aacac18824bc875570d5737852c414483	accounts/GBWPJ2FNWZOR2FXASPXLQTU5SSR555YFUGZAFGEDZBFC7F3GLRKSPRCV.json	https://horizon.stellar.org/accounts/GBWPJ2FNWZOR2FXASPXLQTU5SSR555YFUGZAFGEDZBFC7F3GLRKSPRCV/operations?order=asc&limit=1
GBWST4RMEXA2HHWBULOP2VIO3IP5OKNNSI6VMPY5IIULZMGB3MWOBRRG	2026-08-31T16:51:03Z	2026-08-31T16:51:04Z	200	96192cb7e36c513148fd379c33099600309f20d430ccc4163608e48e779f7778	accounts/GBWST4RMEXA2HHWBULOP2VIO3IP5OKNNSI6VMPY5IIULZMGB3MWOBRRG.json	https://horizon.stellar.org/accounts/GBWST4RMEXA2HHWBULOP2VIO3IP5OKNNSI6VMPY5IIULZMGB3MWOBRRG/operations?order=asc&limit=1
GBX472CCG7QJINRL6TRNOHK5KR7QR7ORJSYFQAAPWR65UTE54GBRRBTT	2026-08-31T16:51:05Z	2026-08-31T16:51:06Z	200	39b0dbe53af71c6dad935a8050715d2a60f45fbf6d1c1b0ceea77474d64765a0	accounts/GBX472CCG7QJINRL6TRNOHK5KR7QR7ORJSYFQAAPWR65UTE54GBRRBTT.json	https://horizon.stellar.org/accounts/GBX472CCG7QJINRL6TRNOHK5KR7QR7ORJSYFQAAPWR65UTE54GBRRBTT/operations?order=asc&limit=1
GBXADPK56MUQGNIMNQXRJT6JY5GQECHXIWPJFH5R2JTZX4TJCUAD53KF	2026-08-31T16:51:06Z	2026-08-31T16:51:07Z	200	1652f91fca33da1a3243f19b1a35581dac1e9d3c0f0283a226fbc687b8955c13	accounts/GBXADPK56MUQGNIMNQXRJT6JY5GQECHXIWPJFH5R2JTZX4TJCUAD53KF.json	https://horizon.stellar.org/accounts/GBXADPK56MUQGNIMNQXRJT6JY5GQECHXIWPJFH5R2JTZX4TJCUAD53KF/operations?order=asc&limit=1
GBXASTWB24TIOS7U235VE2DTA2PA3NO2ZZYCMKMUCXB3H5RGSNSMEDNY	2026-08-31T16:51:08Z	2026-08-31T16:51:09Z	200	1680441fdcbc39e62ae36ff417bbff2d9fc07554c6841b6c4399dbb9ecb95e7e	accounts/GBXASTWB24TIOS7U235VE2DTA2PA3NO2ZZYCMKMUCXB3H5RGSNSMEDNY.json	https://horizon.stellar.org/accounts/GBXASTWB24TIOS7U235VE2DTA2PA3NO2ZZYCMKMUCXB3H5RGSNSMEDNY/operations?order=asc&limit=1
GBXQUJBEDX5TYLJ6D5BGJZFLYF5GZVGXLWA2ZORS5OIA7H6B5O3MHMTP	2026-08-31T16:51:09Z	2026-08-31T16:51:10Z	200	936eb675a77fc6de069ebe46020c9322bd4278510b1991c67ace9fa50b83ce26	accounts/GBXQUJBEDX5TYLJ6D5BGJZFLYF5GZVGXLWA2ZORS5OIA7H6B5O3MHMTP.json	https://horizon.stellar.org/accounts/GBXQUJBEDX5TYLJ6D5BGJZFLYF5GZVGXLWA2ZORS5OIA7H6B5O3MHMTP/operations?order=asc&limit=1
GBXX2CONCU4KTEXPJNKKTZ3KK6E3XKDLGHFJR56N7ELSB2Q5WK4ZZ3IZ	2026-08-31T16:51:10Z	2026-08-31T16:51:12Z	200	5601a4ed8eb80633abc3b3da21e87943b6dc74fb527e7ef1b39f66f4d86b9923	accounts/GBXX2CONCU4KTEXPJNKKTZ3KK6E3XKDLGHFJR56N7ELSB2Q5WK4ZZ3IZ.json	https://horizon.stellar.org/accounts/GBXX2CONCU4KTEXPJNKKTZ3KK6E3XKDLGHFJR56N7ELSB2Q5WK4ZZ3IZ/operations?order=asc&limit=1
GBXXRZAPKL4HIMFA5M36CXURXKT6CV5W6VTOHL5EYDYMB5V7J52RL4UI	2026-08-31T16:51:12Z	2026-08-31T16:51:13Z	200	3b38c74e4801ad9bf01f352d1e896024fb519534a709f66610f4ad7c6c83f051	accounts/GBXXRZAPKL4HIMFA5M36CXURXKT6CV5W6VTOHL5EYDYMB5V7J52RL4UI.json	https://horizon.stellar.org/accounts/GBXXRZAPKL4HIMFA5M36CXURXKT6CV5W6VTOHL5EYDYMB5V7J52RL4UI/operations?order=asc&limit=1
GBYUUGUONPHLJATWSXDH5JWX77O6OL5YSTUDBZBPQIA6WSOK7VURDB7G	2026-08-31T16:51:13Z	2026-08-31T16:51:14Z	200	a8fea62ee6ce8d0ff5974d5a68c673be03c2e10a7486655557fb1d3caef7a99c	accounts/GBYUUGUONPHLJATWSXDH5JWX77O6OL5YSTUDBZBPQIA6WSOK7VURDB7G.json	https://horizon.stellar.org/accounts/GBYUUGUONPHLJATWSXDH5JWX77O6OL5YSTUDBZBPQIA6WSOK7VURDB7G/operations?order=asc&limit=1
GBZ7JH7Z6HXKG2V2NHIEGTCFHO7TK6P3ORJIWLQT6PHISQABW2ZD4MXD	2026-08-31T16:51:15Z	2026-08-31T16:51:16Z	200	b94cedffc87bec0c276ac825159d15b0ab294c1ac115f9280283819758eea24e	accounts/GBZ7JH7Z6HXKG2V2NHIEGTCFHO7TK6P3ORJIWLQT6PHISQABW2ZD4MXD.json	https://horizon.stellar.org/accounts/GBZ7JH7Z6HXKG2V2NHIEGTCFHO7TK6P3ORJIWLQT6PHISQABW2ZD4MXD/operations?order=asc&limit=1
GBZAORUBWOPLEAFLJFAMPL35AL5N5OOUYRYUBK3RXWB2MSXG4KFR6YB3	2026-08-31T16:51:16Z	2026-08-31T16:51:17Z	200	86f99abea0a5939b6959b6ed65d5dbe62e3273902432ab1f0ab5cbe4c472ed7e	accounts/GBZAORUBWOPLEAFLJFAMPL35AL5N5OOUYRYUBK3RXWB2MSXG4KFR6YB3.json	https://horizon.stellar.org/accounts/GBZAORUBWOPLEAFLJFAMPL35AL5N5OOUYRYUBK3RXWB2MSXG4KFR6YB3/operations?order=asc&limit=1
GBZE2MSSASMY6R3O5OTO4EF32EK5CKP26PKLFSLY2LJ6BPQVE2P44TAD	2026-08-31T16:51:17Z	2026-08-31T16:51:18Z	200	0b51a3be57f0a993fc9601cf8bc4051476a076225803937a853662b2e406daa5	accounts/GBZE2MSSASMY6R3O5OTO4EF32EK5CKP26PKLFSLY2LJ6BPQVE2P44TAD.json	https://horizon.stellar.org/accounts/GBZE2MSSASMY6R3O5OTO4EF32EK5CKP26PKLFSLY2LJ6BPQVE2P44TAD/operations?order=asc&limit=1
GBZEXEP2IQGX5HO4AQZYCGWF7EXEYDDIVR3G6PNZBF4AMM4TPQNWMHI3	2026-08-31T16:51:19Z	2026-08-31T16:51:20Z	200	29124667e5f2e3de4d34f7881ae64ecba1cec8c21b2db12b40f770693b6bb598	accounts/GBZEXEP2IQGX5HO4AQZYCGWF7EXEYDDIVR3G6PNZBF4AMM4TPQNWMHI3.json	https://horizon.stellar.org/accounts/GBZEXEP2IQGX5HO4AQZYCGWF7EXEYDDIVR3G6PNZBF4AMM4TPQNWMHI3/operations?order=asc&limit=1
GBZN4CEZ77XEY2FK5TR53U4HPRE2BNXHYXOAOETTUHKMAR3IOFXQ4DCJ	2026-08-31T16:51:20Z	2026-08-31T16:51:21Z	200	7a5f53adf01102a686b48b4d6bec82a93b1da17bc691ef05e8e31f9038329cc7	accounts/GBZN4CEZ77XEY2FK5TR53U4HPRE2BNXHYXOAOETTUHKMAR3IOFXQ4DCJ.json	https://horizon.stellar.org/accounts/GBZN4CEZ77XEY2FK5TR53U4HPRE2BNXHYXOAOETTUHKMAR3IOFXQ4DCJ/operations?order=asc&limit=1
GBZXTCJWTATGNP6AV7EAV7Q4L5YGBGWNETVMURVLHMJGW22XYCNMJAPD	2026-08-31T16:51:21Z	2026-08-31T16:51:23Z	200	1cf6cca51d8d11f9a238ec3489034a6c20a5a622d0b241d2cce0c39b900eb753	accounts/GBZXTCJWTATGNP6AV7EAV7Q4L5YGBGWNETVMURVLHMJGW22XYCNMJAPD.json	https://horizon.stellar.org/accounts/GBZXTCJWTATGNP6AV7EAV7Q4L5YGBGWNETVMURVLHMJGW22XYCNMJAPD/operations?order=asc&limit=1
GBZZ54B3DHLBMWDRD7BNQLPVV23VVQE2SJADNPMCMF4E4DQB6VJNFB2C	2026-08-31T16:51:23Z	2026-08-31T16:51:24Z	200	8d8084952999dcbd571f755328932f977029bb26e799f98f9938fa117baf50c7	accounts/GBZZ54B3DHLBMWDRD7BNQLPVV23VVQE2SJADNPMCMF4E4DQB6VJNFB2C.json	https://horizon.stellar.org/accounts/GBZZ54B3DHLBMWDRD7BNQLPVV23VVQE2SJADNPMCMF4E4DQB6VJNFB2C/operations?order=asc&limit=1
GC2HIRGVNCKHGOOVF666EBFDEUZTFYUKXT4OQ6FRV3UUPFEDXY63KJB7	2026-08-31T16:51:24Z	2026-08-31T16:51:25Z	200	550ebdd913fc450ffb7cb95902eed87528fbed87bf80ddee80e1e17a08e7d72a	accounts/GC2HIRGVNCKHGOOVF666EBFDEUZTFYUKXT4OQ6FRV3UUPFEDXY63KJB7.json	https://horizon.stellar.org/accounts/GC2HIRGVNCKHGOOVF666EBFDEUZTFYUKXT4OQ6FRV3UUPFEDXY63KJB7/operations?order=asc&limit=1
GC2NSWPYDKVVEKG5GWH7KB53NXI252LDGEPBWUVJVSJZSPUBBDZWS5A5	2026-08-31T16:51:26Z	2026-08-31T16:51:27Z	200	1549164ee0d6d9a3bf55224ad30cf7bcb1afdf27ba5fa1576ab8fea67b06ad8f	accounts/GC2NSWPYDKVVEKG5GWH7KB53NXI252LDGEPBWUVJVSJZSPUBBDZWS5A5.json	https://horizon.stellar.org/accounts/GC2NSWPYDKVVEKG5GWH7KB53NXI252LDGEPBWUVJVSJZSPUBBDZWS5A5/operations?order=asc&limit=1
GC2TNFQKT7ELD6EY5E37UZKFBRF7MULL2SL7NQNAJSKTJFLNANI4CKPD	2026-08-31T16:51:27Z	2026-08-31T16:51:28Z	200	673716d2cea87641bb9bbb269a45be5b7b0ec9fc8cc27f76c4d5485bbf73c12e	accounts/GC2TNFQKT7ELD6EY5E37UZKFBRF7MULL2SL7NQNAJSKTJFLNANI4CKPD.json	https://horizon.stellar.org/accounts/GC2TNFQKT7ELD6EY5E37UZKFBRF7MULL2SL7NQNAJSKTJFLNANI4CKPD/operations?order=asc&limit=1
GC2W45W562OCL6SBF7P5PH4WJM2SD4VMZFDIL7J3VXPMKDKHC7BWY2Z7	2026-08-31T16:51:29Z	2026-08-31T16:51:30Z	200	b9247500d938a802e07715cba1558a415ff751b57a2bc691098ea2912a88e132	accounts/GC2W45W562OCL6SBF7P5PH4WJM2SD4VMZFDIL7J3VXPMKDKHC7BWY2Z7.json	https://horizon.stellar.org/accounts/GC2W45W562OCL6SBF7P5PH4WJM2SD4VMZFDIL7J3VXPMKDKHC7BWY2Z7/operations?order=asc&limit=1
GC34DTUHZRTCPXQNYXQS6CHYWVCO2XAG5JX4R2Y5K6UN5YICIGLFLDZ6	2026-08-31T16:51:30Z	2026-08-31T16:51:31Z	200	911712f1dc3a62d6bc05d8ece07bd1df6d3c820afe29ae049e2a3f60c255dd34	accounts/GC34DTUHZRTCPXQNYXQS6CHYWVCO2XAG5JX4R2Y5K6UN5YICIGLFLDZ6.json	https://horizon.stellar.org/accounts/GC34DTUHZRTCPXQNYXQS6CHYWVCO2XAG5JX4R2Y5K6UN5YICIGLFLDZ6/operations?order=asc&limit=1
GC3OJAH2NSWARS2LS356QSDTTXXRENMBEO56INPZ56BLMJHTOUD3MNIP	2026-08-31T16:51:31Z	2026-08-31T16:51:32Z	200	f2ae4d55ee58a832964207dfba5028f6cfe3c3ba426e6d897c425f7120aa9e3e	accounts/GC3OJAH2NSWARS2LS356QSDTTXXRENMBEO56INPZ56BLMJHTOUD3MNIP.json	https://horizon.stellar.org/accounts/GC3OJAH2NSWARS2LS356QSDTTXXRENMBEO56INPZ56BLMJHTOUD3MNIP/operations?order=asc&limit=1
GC4JIUAMG5ZWNF63PRMJ4TD5XBGKK6YRFLS5MGQXLLCINDVTLXK44N2L	2026-08-31T16:51:32Z	2026-08-31T16:51:34Z	200	c1b9af6465eb67af22b5f91db39a62539fabaca2ce01d1804eae364686549d48	accounts/GC4JIUAMG5ZWNF63PRMJ4TD5XBGKK6YRFLS5MGQXLLCINDVTLXK44N2L.json	https://horizon.stellar.org/accounts/GC4JIUAMG5ZWNF63PRMJ4TD5XBGKK6YRFLS5MGQXLLCINDVTLXK44N2L/operations?order=asc&limit=1
GC5HRRQSOD6SFDMMCZZDVEOIC7AJYWX756MWIKQZU5HJ2S2SKBRGDODM	2026-08-31T16:51:34Z	2026-08-31T16:51:35Z	200	817736eff9919363e6c2d10e100ebd88001b55a5384ba48e1cf5dd46c375d5eb	accounts/GC5HRRQSOD6SFDMMCZZDVEOIC7AJYWX756MWIKQZU5HJ2S2SKBRGDODM.json	https://horizon.stellar.org/accounts/GC5HRRQSOD6SFDMMCZZDVEOIC7AJYWX756MWIKQZU5HJ2S2SKBRGDODM/operations?order=asc&limit=1
GC5KTDTXYKXOMC3D4DAGHUC3KZKA4KBLSOQLY435ZUQ5NMF2WGAJ6GYO	2026-08-31T16:51:35Z	2026-08-31T16:51:36Z	200	a18c2df0fb3b16301f215726ab4047d68f10e8137bc0f7ffed7b10535e263f1a	accounts/GC5KTDTXYKXOMC3D4DAGHUC3KZKA4KBLSOQLY435ZUQ5NMF2WGAJ6GYO.json	https://horizon.stellar.org/accounts/GC5KTDTXYKXOMC3D4DAGHUC3KZKA4KBLSOQLY435ZUQ5NMF2WGAJ6GYO/operations?order=asc&limit=1
GC5PAYYRKLADO4FOV4T3K7HVHZRTRXHNLPZEXVKRVISPA7TXT36XKIRU	2026-08-31T16:51:37Z	2026-08-31T16:51:38Z	200	ecfceb70923512e77508a081763ccc32e7e67a9c23dd1c36d2b021a7c54b37a8	accounts/GC5PAYYRKLADO4FOV4T3K7HVHZRTRXHNLPZEXVKRVISPA7TXT36XKIRU.json	https://horizon.stellar.org/accounts/GC5PAYYRKLADO4FOV4T3K7HVHZRTRXHNLPZEXVKRVISPA7TXT36XKIRU/operations?order=asc&limit=1
GC6ANIKIBYRRDKCUBBIAIN6WL5JWNSJFNDKDWDDK6IVKD2MI65SIOJOP	2026-08-31T16:51:38Z	2026-08-31T16:51:40Z	200	28455b8c8117bf0cc04b7f2256d7e766fdbd03b738b5b9cd75b83d23fd644112	accounts/GC6ANIKIBYRRDKCUBBIAIN6WL5JWNSJFNDKDWDDK6IVKD2MI65SIOJOP.json	https://horizon.stellar.org/accounts/GC6ANIKIBYRRDKCUBBIAIN6WL5JWNSJFNDKDWDDK6IVKD2MI65SIOJOP/operations?order=asc&limit=1
GC6DXBZRACTFLA542BRQAG5ZUMYMX534BSBPY7NGS6UG5B6SJAGXE2BD	2026-08-31T16:51:40Z	2026-08-31T16:51:41Z	200	0ad1a3896d5c366b67f6104eabba8148bc33c69654a9bdce849cf4d0bbfe2a89	accounts/GC6DXBZRACTFLA542BRQAG5ZUMYMX534BSBPY7NGS6UG5B6SJAGXE2BD.json	https://horizon.stellar.org/accounts/GC6DXBZRACTFLA542BRQAG5ZUMYMX534BSBPY7NGS6UG5B6SJAGXE2BD/operations?order=asc&limit=1
GC6GSROYCNP5O5OZJTMRS3SFVTCKFINXF3MPYB3XSWUMPI3MZHGO5SAV	2026-08-31T16:51:41Z	2026-08-31T16:51:43Z	200	1b1414b698884378d260ee9286c7ce7d1b1393832f8e605063f508f95818c70c	accounts/GC6GSROYCNP5O5OZJTMRS3SFVTCKFINXF3MPYB3XSWUMPI3MZHGO5SAV.json	https://horizon.stellar.org/accounts/GC6GSROYCNP5O5OZJTMRS3SFVTCKFINXF3MPYB3XSWUMPI3MZHGO5SAV/operations?order=asc&limit=1
GC6SXHEYSROFQ44IX43S26H62IISBCJT43BVFDA2MHEK6WAUV5N2DQG5	2026-08-31T16:51:43Z	2026-08-31T16:51:44Z	200	341edc0e0a240d594e7ace84ef789811e187953a01f04676c07b4d225058a389	accounts/GC6SXHEYSROFQ44IX43S26H62IISBCJT43BVFDA2MHEK6WAUV5N2DQG5.json	https://horizon.stellar.org/accounts/GC6SXHEYSROFQ44IX43S26H62IISBCJT43BVFDA2MHEK6WAUV5N2DQG5/operations?order=asc&limit=1
GC6ZZIKIVST24LRCHKFGGLK4EVUGPVZWIOWJYDG2MUIBWQIMZICEJW64	2026-08-31T16:51:44Z	2026-08-31T16:51:45Z	200	d0be7f2915b7354fd9ffabd0b4fd2f0d230287bd304fd1bce30dd302ed0e8381	accounts/GC6ZZIKIVST24LRCHKFGGLK4EVUGPVZWIOWJYDG2MUIBWQIMZICEJW64.json	https://horizon.stellar.org/accounts/GC6ZZIKIVST24LRCHKFGGLK4EVUGPVZWIOWJYDG2MUIBWQIMZICEJW64/operations?order=asc&limit=1
GC76CEMSUOGD6QZUDQZI5XPH5B3GKXRCDPDCO2NSEPJU3TVOPAOHLUBN	2026-08-31T16:51:46Z	2026-08-31T16:51:47Z	200	bc9698d5e29f92af34002d4c19943618397a3af86c77d2d986f9b9693cf4cbcd	accounts/GC76CEMSUOGD6QZUDQZI5XPH5B3GKXRCDPDCO2NSEPJU3TVOPAOHLUBN.json	https://horizon.stellar.org/accounts/GC76CEMSUOGD6QZUDQZI5XPH5B3GKXRCDPDCO2NSEPJU3TVOPAOHLUBN/operations?order=asc&limit=1
GC7GF2XD64OLJFTYQAL3C6C24YFA37XC3MZAXKK7OSHTA26NB6QJHTSS	2026-08-31T16:51:47Z	2026-08-31T16:51:48Z	200	476c5c0cd6b7c4ddca3aa4f50f7b92aff5c31ef1d2d7f07b714e1cd94ca81198	accounts/GC7GF2XD64OLJFTYQAL3C6C24YFA37XC3MZAXKK7OSHTA26NB6QJHTSS.json	https://horizon.stellar.org/accounts/GC7GF2XD64OLJFTYQAL3C6C24YFA37XC3MZAXKK7OSHTA26NB6QJHTSS/operations?order=asc&limit=1
GC7HJQVVBGYPTSJ5JGNAR6O4VCNA3AD5BW3FBTHUNB7ATUOKT4ZJ2TNR	2026-08-31T16:51:48Z	2026-08-31T16:51:49Z	200	47ab3da373ef7af9b966ee8dc7bdd6e726b89d119a8fd7d14ff4b99bf351807a	accounts/GC7HJQVVBGYPTSJ5JGNAR6O4VCNA3AD5BW3FBTHUNB7ATUOKT4ZJ2TNR.json	https://horizon.stellar.org/accounts/GC7HJQVVBGYPTSJ5JGNAR6O4VCNA3AD5BW3FBTHUNB7ATUOKT4ZJ2TNR/operations?order=asc&limit=1
GC7JP2QSRAVGVOH33T7VUGAH2NW5KN6YLDDR3NEMLRFUXWA32CIIL4ED	2026-08-31T16:51:50Z	2026-08-31T16:51:51Z	200	a822cc6c5ed8987fda9492d32e9113cd81724eb531da9dd54238a3efaa8b425c	accounts/GC7JP2QSRAVGVOH33T7VUGAH2NW5KN6YLDDR3NEMLRFUXWA32CIIL4ED.json	https://horizon.stellar.org/accounts/GC7JP2QSRAVGVOH33T7VUGAH2NW5KN6YLDDR3NEMLRFUXWA32CIIL4ED/operations?order=asc&limit=1
GC7KIV7YN26V4YV5IPSEIFSCV6TKRQ3C6E2MZHDE7OFZGGPYW4OSRE66	2026-08-31T16:51:51Z	2026-08-31T16:51:52Z	200	e2e07f3c73d550139fd9e7f43a5d63d507a5fa9aa8e49800db0fba5b5e81ae8a	accounts/GC7KIV7YN26V4YV5IPSEIFSCV6TKRQ3C6E2MZHDE7OFZGGPYW4OSRE66.json	https://horizon.stellar.org/accounts/GC7KIV7YN26V4YV5IPSEIFSCV6TKRQ3C6E2MZHDE7OFZGGPYW4OSRE66/operations?order=asc&limit=1
GCAVRF4BQV5KHAJWUXPTSPZWPQCSXWWZBGP6YDCAWV5ZFZQN4OYN6QVC	2026-08-31T16:51:52Z	2026-08-31T16:51:53Z	200	d17de70aedc1652906a60e99be71082b8c49da6544c2c953e8438e7bdff4ce67	accounts/GCAVRF4BQV5KHAJWUXPTSPZWPQCSXWWZBGP6YDCAWV5ZFZQN4OYN6QVC.json	https://horizon.stellar.org/accounts/GCAVRF4BQV5KHAJWUXPTSPZWPQCSXWWZBGP6YDCAWV5ZFZQN4OYN6QVC/operations?order=asc&limit=1
GCB3IRBCQTYAUVZ4WJ5WYRBITVSHHI77KTOHA63KPWRNRMG3PUL6XWWW	2026-08-31T16:51:53Z	2026-08-31T16:51:55Z	200	2625c84dd1d5dba410fbbd686311d46452e18f930ccecc23ece54ea59c14f85e	accounts/GCB3IRBCQTYAUVZ4WJ5WYRBITVSHHI77KTOHA63KPWRNRMG3PUL6XWWW.json	https://horizon.stellar.org/accounts/GCB3IRBCQTYAUVZ4WJ5WYRBITVSHHI77KTOHA63KPWRNRMG3PUL6XWWW/operations?order=asc&limit=1
GCBL7C6J5FXVM4S6VUNMUK3WR4DOZQVHXNC5QTFK6CTDXCZZ3IIYD7LC	2026-08-31T16:51:55Z	2026-08-31T16:51:56Z	200	b59b7580d440e492063ca93d20a1ef051b1132041db7e80d0aa19879bf14b728	accounts/GCBL7C6J5FXVM4S6VUNMUK3WR4DOZQVHXNC5QTFK6CTDXCZZ3IIYD7LC.json	https://horizon.stellar.org/accounts/GCBL7C6J5FXVM4S6VUNMUK3WR4DOZQVHXNC5QTFK6CTDXCZZ3IIYD7LC/operations?order=asc&limit=1
GCCIR6PVN5NKJHVW7X4UFLQ7XRPWPKBJHUI7L3JADR6QCS4EZOKWKHNI	2026-08-31T16:51:56Z	2026-08-31T16:51:57Z	200	5c8e8cdb9a31e7386406f83c883a8ef80b9918dc20c8e2b18feabcbc590b42ef	accounts/GCCIR6PVN5NKJHVW7X4UFLQ7XRPWPKBJHUI7L3JADR6QCS4EZOKWKHNI.json	https://horizon.stellar.org/accounts/GCCIR6PVN5NKJHVW7X4UFLQ7XRPWPKBJHUI7L3JADR6QCS4EZOKWKHNI/operations?order=asc&limit=1
GCD3Y47RXFP3T535AQJXEPEXNCNQVTVGIBBVYWGF2XED42NBED2VW7W7	2026-08-31T16:51:57Z	2026-08-31T16:51:58Z	200	ed7d9147f0b6e7c44b4aa03eb7515ec263505d16c2f9d1a6edc81476cc6b9823	accounts/GCD3Y47RXFP3T535AQJXEPEXNCNQVTVGIBBVYWGF2XED42NBED2VW7W7.json	https://horizon.stellar.org/accounts/GCD3Y47RXFP3T535AQJXEPEXNCNQVTVGIBBVYWGF2XED42NBED2VW7W7/operations?order=asc&limit=1
GCD4ATZUUK4BARGXSZY3AIOV5AB5A3BAOCVDEJGSL7B2XCHAHXSJJA4J	2026-08-31T16:51:59Z	2026-08-31T16:52:00Z	200	cd319a3ef3776a2f38b15730aa44f2f61e7ed6fa75fa63f5521ffef9b2280044	accounts/GCD4ATZUUK4BARGXSZY3AIOV5AB5A3BAOCVDEJGSL7B2XCHAHXSJJA4J.json	https://horizon.stellar.org/accounts/GCD4ATZUUK4BARGXSZY3AIOV5AB5A3BAOCVDEJGSL7B2XCHAHXSJJA4J/operations?order=asc&limit=1
GCDO6BTDTZSTXVKVI47EWDRD2MUP6YWJOCN6EWTUD7CU6QPVKZHBMD62	2026-08-31T16:52:00Z	2026-08-31T16:52:01Z	200	ef629d9185d2375e74eb6cb882905b64806e85198e916222b53870edce7e56de	accounts/GCDO6BTDTZSTXVKVI47EWDRD2MUP6YWJOCN6EWTUD7CU6QPVKZHBMD62.json	https://horizon.stellar.org/accounts/GCDO6BTDTZSTXVKVI47EWDRD2MUP6YWJOCN6EWTUD7CU6QPVKZHBMD62/operations?order=asc&limit=1
GCE5OBG3DUMSL5SJAN2XI7DOIQ6DTJZEG53YGWFE2SHHFYOM262SARYO	2026-08-31T16:52:02Z	2026-08-31T16:52:03Z	200	234c06ff0bf2fc9442e039b4ab9999b9f375e6b173614af797383655a40da8cb	accounts/GCE5OBG3DUMSL5SJAN2XI7DOIQ6DTJZEG53YGWFE2SHHFYOM262SARYO.json	https://horizon.stellar.org/accounts/GCE5OBG3DUMSL5SJAN2XI7DOIQ6DTJZEG53YGWFE2SHHFYOM262SARYO/operations?order=asc&limit=1
GCEETSI6ZGG3CS37YUFAUKCCJSCOILXL43JOJVZ435KBJ5NICDYY4EMP	2026-08-31T16:52:03Z	2026-08-31T16:52:04Z	200	0a5b40abecb50aced9721b88857d8274c06c2f7335923f5ca2dd4f57978c8f8d	accounts/GCEETSI6ZGG3CS37YUFAUKCCJSCOILXL43JOJVZ435KBJ5NICDYY4EMP.json	https://horizon.stellar.org/accounts/GCEETSI6ZGG3CS37YUFAUKCCJSCOILXL43JOJVZ435KBJ5NICDYY4EMP/operations?order=asc&limit=1
GCELM4OEE6GN3Z4YGI6RUG3UT7HMHWPQ4RZHZYLEC6FZM7HU3ONIIYD2	2026-08-31T16:52:04Z	2026-08-31T16:52:05Z	200	f5c423c2e02742d20cd7483d0c67b6638efeb70adb7fbf4f8d98dde7ac0d7d98	accounts/GCELM4OEE6GN3Z4YGI6RUG3UT7HMHWPQ4RZHZYLEC6FZM7HU3ONIIYD2.json	https://horizon.stellar.org/accounts/GCELM4OEE6GN3Z4YGI6RUG3UT7HMHWPQ4RZHZYLEC6FZM7HU3ONIIYD2/operations?order=asc&limit=1
GCFU7JYJXYGYAESELSRTTUZS3L2XZKWY2GBF7DOVI5CYIXNFXRTGZTCT	2026-08-31T16:52:06Z	2026-08-31T16:52:07Z	200	6e4a6712c5dd25e5a21f726b2f99a2247bfaac7890f9d9f9536423570e1ab49a	accounts/GCFU7JYJXYGYAESELSRTTUZS3L2XZKWY2GBF7DOVI5CYIXNFXRTGZTCT.json	https://horizon.stellar.org/accounts/GCFU7JYJXYGYAESELSRTTUZS3L2XZKWY2GBF7DOVI5CYIXNFXRTGZTCT/operations?order=asc&limit=1
GCFWLSASTPE6LX5D3G7EB3A5SUEUYZWT6IPAPKQBGWIFHU74NXTEVKAN	2026-08-31T16:52:07Z	2026-08-31T16:52:08Z	200	f756ea270e61b43f7dc7754575e891f274e3b3e733e2239c95296415cd3d19d0	accounts/GCFWLSASTPE6LX5D3G7EB3A5SUEUYZWT6IPAPKQBGWIFHU74NXTEVKAN.json	https://horizon.stellar.org/accounts/GCFWLSASTPE6LX5D3G7EB3A5SUEUYZWT6IPAPKQBGWIFHU74NXTEVKAN/operations?order=asc&limit=1
GCGF6JOXXSOVSQKLUHSSQ4X6D7Z32SGFSOVMYAANE3EO3MATWSGRA6PP	2026-08-31T16:52:08Z	2026-08-31T16:52:10Z	200	30a471cb51ff435e7e3695606124e62d4f3e42fe90e74847fd8c845d48daf6d8	accounts/GCGF6JOXXSOVSQKLUHSSQ4X6D7Z32SGFSOVMYAANE3EO3MATWSGRA6PP.json	https://horizon.stellar.org/accounts/GCGF6JOXXSOVSQKLUHSSQ4X6D7Z32SGFSOVMYAANE3EO3MATWSGRA6PP/operations?order=asc&limit=1
GCGLGYV3HTWUDR6MSCIFTRORIGJZ2TW2PKRYZIKVMPEQNUQL4IOXBUOT	2026-08-31T16:52:10Z	2026-08-31T16:52:11Z	200	c74409186c921680ff54463ce01f35210807d70ab9a96bd2f426d2fff9ced6b5	accounts/GCGLGYV3HTWUDR6MSCIFTRORIGJZ2TW2PKRYZIKVMPEQNUQL4IOXBUOT.json	https://horizon.stellar.org/accounts/GCGLGYV3HTWUDR6MSCIFTRORIGJZ2TW2PKRYZIKVMPEQNUQL4IOXBUOT/operations?order=asc&limit=1
GCGRCBNEH7W3WJZYHGVRCWJKUXEUOYA5BZMG3LYGW3WE7M3D4EARF7CI	2026-08-31T16:52:11Z	2026-08-31T16:52:12Z	200	0c0ff581e255c106d4d6da567a323ea6555f689d3effc80fcaa426f9597a0afe	accounts/GCGRCBNEH7W3WJZYHGVRCWJKUXEUOYA5BZMG3LYGW3WE7M3D4EARF7CI.json	https://horizon.stellar.org/accounts/GCGRCBNEH7W3WJZYHGVRCWJKUXEUOYA5BZMG3LYGW3WE7M3D4EARF7CI/operations?order=asc&limit=1
GCH4AQIEOHPYDILRYXOHRDCUJ4HPY276SPQPJGNYOKU3C25C3KBBHM2O	2026-08-31T16:52:13Z	2026-08-31T16:52:15Z	200	d2a9e4791676bcf14b2fdc18760f8a8a107cef6d1a430cb768e59c6be39f7093	accounts/GCH4AQIEOHPYDILRYXOHRDCUJ4HPY276SPQPJGNYOKU3C25C3KBBHM2O.json	https://horizon.stellar.org/accounts/GCH4AQIEOHPYDILRYXOHRDCUJ4HPY276SPQPJGNYOKU3C25C3KBBHM2O/operations?order=asc&limit=1
GCH6N3OXZ5RXW5O3XREFW7OW7F7XKLWNGBWSVXZTVQN5NJJIK6CBT6NV	2026-08-31T16:52:15Z	2026-08-31T16:52:16Z	200	a1c1e79f49f64425525207a4734eab78d03ec9611ff8cc6957b73a197a9afb8a	accounts/GCH6N3OXZ5RXW5O3XREFW7OW7F7XKLWNGBWSVXZTVQN5NJJIK6CBT6NV.json	https://horizon.stellar.org/accounts/GCH6N3OXZ5RXW5O3XREFW7OW7F7XKLWNGBWSVXZTVQN5NJJIK6CBT6NV/operations?order=asc&limit=1
GCHDFE4G6PXFSX2JDWHTKZXNYAV5DKMIQZ46WBFNNFT3KMU5BGE632PH	2026-08-31T16:52:17Z	2026-08-31T16:52:18Z	200	b4d10addccb60c08a3a4184f59c7008944e665637937237aabdc24e47679ed4c	accounts/GCHDFE4G6PXFSX2JDWHTKZXNYAV5DKMIQZ46WBFNNFT3KMU5BGE632PH.json	https://horizon.stellar.org/accounts/GCHDFE4G6PXFSX2JDWHTKZXNYAV5DKMIQZ46WBFNNFT3KMU5BGE632PH/operations?order=asc&limit=1
GCHIITVOZET6DLJGCKRN2UOV3SLPMVUO5L33ZLTNNYEC54TKDJCTBCM4	2026-08-31T16:52:18Z	2026-08-31T16:52:19Z	200	55b9d87c6ab617c793d7fac217efeae9f33440e7ef6582e9a582dc9941caa3aa	accounts/GCHIITVOZET6DLJGCKRN2UOV3SLPMVUO5L33ZLTNNYEC54TKDJCTBCM4.json	https://horizon.stellar.org/accounts/GCHIITVOZET6DLJGCKRN2UOV3SLPMVUO5L33ZLTNNYEC54TKDJCTBCM4/operations?order=asc&limit=1
GCHIP6CHE7S2FDGCZETZPCKDIM5ADKWGQZWJ3D3IB6OXPAUTPHABTJOO	2026-08-31T16:52:19Z	2026-08-31T16:52:21Z	200	19ffd1a192dd00e7377cfb3fffb5f775e73c20bb07891d9c69ab8f6219ca6180	accounts/GCHIP6CHE7S2FDGCZETZPCKDIM5ADKWGQZWJ3D3IB6OXPAUTPHABTJOO.json	https://horizon.stellar.org/accounts/GCHIP6CHE7S2FDGCZETZPCKDIM5ADKWGQZWJ3D3IB6OXPAUTPHABTJOO/operations?order=asc&limit=1
GCHX3VF5FSS53K5QU53WQ3JSO7L4CMUCFSNVCWP647JM2A524PM4RP2B	2026-08-31T16:52:21Z	2026-08-31T16:52:22Z	200	f1bc1111ff3405903ccea3bc9c619370adc8750fc8bc42d623f846e3e5546135	accounts/GCHX3VF5FSS53K5QU53WQ3JSO7L4CMUCFSNVCWP647JM2A524PM4RP2B.json	https://horizon.stellar.org/accounts/GCHX3VF5FSS53K5QU53WQ3JSO7L4CMUCFSNVCWP647JM2A524PM4RP2B/operations?order=asc&limit=1
GCI52IP25LJRMAMETQJB2MRVOXJ7RGJR4SBTWDQBAMRA5TEEUGVGOBMS	2026-08-31T16:52:22Z	2026-08-31T16:52:23Z	200	8da35fd323b640dc149a30b8f3287719df43ed7f6e03a04ca6feada64d665db4	accounts/GCI52IP25LJRMAMETQJB2MRVOXJ7RGJR4SBTWDQBAMRA5TEEUGVGOBMS.json	https://horizon.stellar.org/accounts/GCI52IP25LJRMAMETQJB2MRVOXJ7RGJR4SBTWDQBAMRA5TEEUGVGOBMS/operations?order=asc&limit=1
GCI7VPW6YVDDW5XMZLBI52GKVAFEDLI23NCPMGICUIPAPQZ7UVRE7S5M	2026-08-31T16:52:24Z	2026-08-31T16:52:25Z	200	3b5a352e356b281cc47900f380165bc70d1a676ac2990a5c76d5da8bb1f2a592	accounts/GCI7VPW6YVDDW5XMZLBI52GKVAFEDLI23NCPMGICUIPAPQZ7UVRE7S5M.json	https://horizon.stellar.org/accounts/GCI7VPW6YVDDW5XMZLBI52GKVAFEDLI23NCPMGICUIPAPQZ7UVRE7S5M/operations?order=asc&limit=1
GCIBHMCJ56ND3AMDOSL6LUW4ZL3664C4Y5AZKPCOXTVXQ7WJPUGN43H2	2026-08-31T16:52:25Z	2026-08-31T16:52:27Z	200	0e0c6143d6571067088be78e14991b448775fb3d29a49dac0a0f0a0e0a5f7f28	accounts/GCIBHMCJ56ND3AMDOSL6LUW4ZL3664C4Y5AZKPCOXTVXQ7WJPUGN43H2.json	https://horizon.stellar.org/accounts/GCIBHMCJ56ND3AMDOSL6LUW4ZL3664C4Y5AZKPCOXTVXQ7WJPUGN43H2/operations?order=asc&limit=1
GCIMGUEF7AUB3JMN7MFNOHCS52E2GMSIW7DAWDFR4QWKQN662QBQ32P6	2026-08-31T16:52:27Z	2026-08-31T16:52:28Z	200	ed98f511d3990b596a8e9652c6567f9f80f4efc4c7b1ef12776c99a1e340c354	accounts/GCIMGUEF7AUB3JMN7MFNOHCS52E2GMSIW7DAWDFR4QWKQN662QBQ32P6.json	https://horizon.stellar.org/accounts/GCIMGUEF7AUB3JMN7MFNOHCS52E2GMSIW7DAWDFR4QWKQN662QBQ32P6/operations?order=asc&limit=1
GCIPOV467NDSAUI3FEOLXXVTRQRZZE5OMG4WHJP6LO345XKORALYRQSZ	2026-08-31T16:52:28Z	2026-08-31T16:52:30Z	200	a48e904761bbd14c732950363d10d8a615fea32c10c6f14a31f6fb14b745b879	accounts/GCIPOV467NDSAUI3FEOLXXVTRQRZZE5OMG4WHJP6LO345XKORALYRQSZ.json	https://horizon.stellar.org/accounts/GCIPOV467NDSAUI3FEOLXXVTRQRZZE5OMG4WHJP6LO345XKORALYRQSZ/operations?order=asc&limit=1
GCIUEVQFFBMC5EQIFVNWZRLLUEXFGMBD7NDJ7ZMNS6W6TP4DJG54S6ZS	2026-08-31T16:52:30Z	2026-08-31T16:52:31Z	200	29c15680b02b674a2bb1e78386801f78919f7f996ade02a0a5c6629296e36f4c	accounts/GCIUEVQFFBMC5EQIFVNWZRLLUEXFGMBD7NDJ7ZMNS6W6TP4DJG54S6ZS.json	https://horizon.stellar.org/accounts/GCIUEVQFFBMC5EQIFVNWZRLLUEXFGMBD7NDJ7ZMNS6W6TP4DJG54S6ZS/operations?order=asc&limit=1
GCIXT2EIIZKNAHXHZLIJYM7K3PT3N5GPZR2GHMDSMM5BANBPZ4NPKTJQ	2026-08-31T16:52:31Z	2026-08-31T16:52:32Z	200	f707d8719cae98122fd180fb495899b73ef05f6de620b00cac64913478ba735b	accounts/GCIXT2EIIZKNAHXHZLIJYM7K3PT3N5GPZR2GHMDSMM5BANBPZ4NPKTJQ.json	https://horizon.stellar.org/accounts/GCIXT2EIIZKNAHXHZLIJYM7K3PT3N5GPZR2GHMDSMM5BANBPZ4NPKTJQ/operations?order=asc&limit=1
GCJTC2GOYEZ6NYJBHWZ4C2JKQLTFS2AVFMO5AJ6OLWSY6JRL2I2FL3ZX	2026-08-31T16:52:33Z	2026-08-31T16:52:34Z	200	f862a76ae0040ecc2b812af6df1a2cf54137f78ef16aa6bd214ca97102bc11ef	accounts/GCJTC2GOYEZ6NYJBHWZ4C2JKQLTFS2AVFMO5AJ6OLWSY6JRL2I2FL3ZX.json	https://horizon.stellar.org/accounts/GCJTC2GOYEZ6NYJBHWZ4C2JKQLTFS2AVFMO5AJ6OLWSY6JRL2I2FL3ZX/operations?order=asc&limit=1
GCJTMIIFEFPWI6DKRDNW5SDHCEAOZRZ4EM3T7KE6ZY53AEDRVPFZQWPP	2026-08-31T16:52:34Z	2026-08-31T16:52:35Z	200	107d31a65e1b6f5d9093b45096b3cc6eccf3da6778b18315fa5cf38680460539	accounts/GCJTMIIFEFPWI6DKRDNW5SDHCEAOZRZ4EM3T7KE6ZY53AEDRVPFZQWPP.json	https://horizon.stellar.org/accounts/GCJTMIIFEFPWI6DKRDNW5SDHCEAOZRZ4EM3T7KE6ZY53AEDRVPFZQWPP/operations?order=asc&limit=1
GCKDNR2TIAEVJM2CVZISRMI6FT5SHVVHRRDKTNKZHSFGFG542U7GMIET	2026-08-31T16:52:35Z	2026-08-31T16:52:37Z	200	38130faa6db6fc415479dada68a7e4b0a72334507217a5e2ec0b14fc76ae98a1	accounts/GCKDNR2TIAEVJM2CVZISRMI6FT5SHVVHRRDKTNKZHSFGFG542U7GMIET.json	https://horizon.stellar.org/accounts/GCKDNR2TIAEVJM2CVZISRMI6FT5SHVVHRRDKTNKZHSFGFG542U7GMIET/operations?order=asc&limit=1
GCKYL647WGF2UI3T2GKBT75CCUQD4TD2F3DC5C4H5JXXBCOY7AQZ6TGI	2026-08-31T16:52:37Z	2026-08-31T16:52:39Z	200	216d33267e6207832c82f11fa0ab790fd015c20a751fa31fa081ad85ec7be07c	accounts/GCKYL647WGF2UI3T2GKBT75CCUQD4TD2F3DC5C4H5JXXBCOY7AQZ6TGI.json	https://horizon.stellar.org/accounts/GCKYL647WGF2UI3T2GKBT75CCUQD4TD2F3DC5C4H5JXXBCOY7AQZ6TGI/operations?order=asc&limit=1
GCL3DYH4S32NEL4IDZZG5AIQUTKTXJRYUJN3MBPNFZBDD37ESBXAWIYU	2026-08-31T16:52:39Z	2026-08-31T16:52:40Z	200	fb8733436c07b21e8fac30398ad742ec81a6d2169725abdeaf203a254a526d39	accounts/GCL3DYH4S32NEL4IDZZG5AIQUTKTXJRYUJN3MBPNFZBDD37ESBXAWIYU.json	https://horizon.stellar.org/accounts/GCL3DYH4S32NEL4IDZZG5AIQUTKTXJRYUJN3MBPNFZBDD37ESBXAWIYU/operations?order=asc&limit=1
GCL47PX4FLXB3OFQQYAON54L6UVLGQACGIAZP4ZPRQKRFSMTAS4W4TVE	2026-08-31T16:52:40Z	2026-08-31T16:52:41Z	200	7b1e6345ed5b25afd5d756c206856916b6a31578c9c322688e08aa01e77ab469	accounts/GCL47PX4FLXB3OFQQYAON54L6UVLGQACGIAZP4ZPRQKRFSMTAS4W4TVE.json	https://horizon.stellar.org/accounts/GCL47PX4FLXB3OFQQYAON54L6UVLGQACGIAZP4ZPRQKRFSMTAS4W4TVE/operations?order=asc&limit=1
GCL6UVN4ASGGU74HNVDYBS366GJGO3ZETPL4CWRZF5ZP4TV6B4YIVC25	2026-08-31T16:52:42Z	2026-08-31T16:52:43Z	200	1313da79f17f1214038a9c54791f182d48a8d5be92d49cd60d41fab71ce52495	accounts/GCL6UVN4ASGGU74HNVDYBS366GJGO3ZETPL4CWRZF5ZP4TV6B4YIVC25.json	https://horizon.stellar.org/accounts/GCL6UVN4ASGGU74HNVDYBS366GJGO3ZETPL4CWRZF5ZP4TV6B4YIVC25/operations?order=asc&limit=1
GCL7VFTXZDIREDLMQUUNLX7O2J6YTONAHMUHOVHIXSLV6CR2DCNOJL63	2026-08-31T16:52:43Z	2026-08-31T16:52:44Z	200	2ade766b9835ff4084278f66f71a6fdf0185a4bfb112b33d794345bdd88bdc81	accounts/GCL7VFTXZDIREDLMQUUNLX7O2J6YTONAHMUHOVHIXSLV6CR2DCNOJL63.json	https://horizon.stellar.org/accounts/GCL7VFTXZDIREDLMQUUNLX7O2J6YTONAHMUHOVHIXSLV6CR2DCNOJL63/operations?order=asc&limit=1
GCLG7DRPJLZVK43AFXGPYI7FIHHQ357H4K44AY5BQUDG3SJK6WCYSUUA	2026-08-31T16:52:44Z	2026-08-31T16:52:45Z	200	45c7c1b2af4baf4d9f23ec7839e000a1eec52711350a70e77850602d235ce516	accounts/GCLG7DRPJLZVK43AFXGPYI7FIHHQ357H4K44AY5BQUDG3SJK6WCYSUUA.json	https://horizon.stellar.org/accounts/GCLG7DRPJLZVK43AFXGPYI7FIHHQ357H4K44AY5BQUDG3SJK6WCYSUUA/operations?order=asc&limit=1
GCMTBEE6MJA5S6BXG7PUCPM7XF2OSKUDRFCQKK6UR3KEU3TCQOUHS6F2	2026-08-31T16:52:46Z	2026-08-31T16:52:47Z	200	b5096e5dbe177d9147a30dad811e6df2b1ababbdc5c967ae3f16eab7aff1edfd	accounts/GCMTBEE6MJA5S6BXG7PUCPM7XF2OSKUDRFCQKK6UR3KEU3TCQOUHS6F2.json	https://horizon.stellar.org/accounts/GCMTBEE6MJA5S6BXG7PUCPM7XF2OSKUDRFCQKK6UR3KEU3TCQOUHS6F2/operations?order=asc&limit=1
GCMURV6UYMCP44LV7MLMF3WWCPDPYV5WT43RP5OP4NLKRDFLT6KJKTHX	2026-08-31T16:52:47Z	2026-08-31T16:52:48Z	200	7b7eeb567413110dd8e6a870b44420653a57d656c1e106ddfe74a97489183791	accounts/GCMURV6UYMCP44LV7MLMF3WWCPDPYV5WT43RP5OP4NLKRDFLT6KJKTHX.json	https://horizon.stellar.org/accounts/GCMURV6UYMCP44LV7MLMF3WWCPDPYV5WT43RP5OP4NLKRDFLT6KJKTHX/operations?order=asc&limit=1
GCNEN4BOGADD42GLLQGA2UOXW5WVBLVCKTG66MQ6UFSB5XH4STG2FKCN	2026-08-31T16:52:48Z	2026-08-31T16:52:49Z	200	4fbcafa66dc6b81b2aa145b0a2f82cd9950b0953b5e67d04c7d5fbbbaa34fa7d	accounts/GCNEN4BOGADD42GLLQGA2UOXW5WVBLVCKTG66MQ6UFSB5XH4STG2FKCN.json	https://horizon.stellar.org/accounts/GCNEN4BOGADD42GLLQGA2UOXW5WVBLVCKTG66MQ6UFSB5XH4STG2FKCN/operations?order=asc&limit=1
GCNF5GNRIT6VWYZ7LXUZ33Q3SR2NUGO32F5X65VVKAEWWIQCKGYN75HB	2026-08-31T16:52:50Z	2026-08-31T16:52:51Z	200	f2f6ef1c2ec7b46fa789fa59f17fdb76e17465a719fdd8788be81bec44aa331c	accounts/GCNF5GNRIT6VWYZ7LXUZ33Q3SR2NUGO32F5X65VVKAEWWIQCKGYN75HB.json	https://horizon.stellar.org/accounts/GCNF5GNRIT6VWYZ7LXUZ33Q3SR2NUGO32F5X65VVKAEWWIQCKGYN75HB/operations?order=asc&limit=1
GCNOSN42JYIZWXIJR3L3I6LINED2GPODPZ2GO6WMPWR7UQI5XJKQY4SF	2026-08-31T16:52:51Z	2026-08-31T16:52:52Z	200	061ccc7e97875c24890a7365f1c863548e99e98c2a9a222770ceed53d9ac27e0	accounts/GCNOSN42JYIZWXIJR3L3I6LINED2GPODPZ2GO6WMPWR7UQI5XJKQY4SF.json	https://horizon.stellar.org/accounts/GCNOSN42JYIZWXIJR3L3I6LINED2GPODPZ2GO6WMPWR7UQI5XJKQY4SF/operations?order=asc&limit=1
GCNY5R4CLZYKW44E5R7SFWY65WHYBDKACOLAMON3LVEFEXA47AUHYC6D	2026-08-31T16:52:53Z	2026-08-31T16:52:54Z	200	83956fb6573909f3f819ded1ce1ebfec34e2587670228921fcbde140b296db46	accounts/GCNY5R4CLZYKW44E5R7SFWY65WHYBDKACOLAMON3LVEFEXA47AUHYC6D.json	https://horizon.stellar.org/accounts/GCNY5R4CLZYKW44E5R7SFWY65WHYBDKACOLAMON3LVEFEXA47AUHYC6D/operations?order=asc&limit=1
GCO2LXEVTWW6EINKBBYZV46MRKXJDHZIQ2NIP3CNPADKEDH57U4PH242	2026-08-31T16:52:54Z	2026-08-31T16:52:55Z	200	5e83bf2cab8bf07e0b56ae01d7f8574c584bc69d16b9b57586d59c269ecc0028	accounts/GCO2LXEVTWW6EINKBBYZV46MRKXJDHZIQ2NIP3CNPADKEDH57U4PH242.json	https://horizon.stellar.org/accounts/GCO2LXEVTWW6EINKBBYZV46MRKXJDHZIQ2NIP3CNPADKEDH57U4PH242/operations?order=asc&limit=1
GCO45COWIBDZEGJ3DRGDGCCCJXK777F2S6D6HXQKXVB3EKQVCQU7B2WA	2026-08-31T16:52:56Z	2026-08-31T16:52:57Z	200	cf45aab99c72a1ee3bef4a36f10b940debb7c0b710aec7aab85675f0e2d8fd67	accounts/GCO45COWIBDZEGJ3DRGDGCCCJXK777F2S6D6HXQKXVB3EKQVCQU7B2WA.json	https://horizon.stellar.org/accounts/GCO45COWIBDZEGJ3DRGDGCCCJXK777F2S6D6HXQKXVB3EKQVCQU7B2WA/operations?order=asc&limit=1
GCP7AABE54MNRUUE5QXLF4XSV3HLNYGUTC6A4GNAESEISO4KNWLJNB2W	2026-08-31T16:52:57Z	2026-08-31T16:52:58Z	200	f5d6ff44c843b573160a08e19ac216deb04d4482f2af5a297f7192e4dadebfd1	accounts/GCP7AABE54MNRUUE5QXLF4XSV3HLNYGUTC6A4GNAESEISO4KNWLJNB2W.json	https://horizon.stellar.org/accounts/GCP7AABE54MNRUUE5QXLF4XSV3HLNYGUTC6A4GNAESEISO4KNWLJNB2W/operations?order=asc&limit=1
GCQEFBTWQMZMKS2PAFUKQN7QE5YQ4SFSU5PTRAV7WETVT6LNKDE5ARA7	2026-08-31T16:52:58Z	2026-08-31T16:52:59Z	200	f06d8a07de364d836f5e06208cbc141f6e5a01089aaada4649fabe355fbbcd85	accounts/GCQEFBTWQMZMKS2PAFUKQN7QE5YQ4SFSU5PTRAV7WETVT6LNKDE5ARA7.json	https://horizon.stellar.org/accounts/GCQEFBTWQMZMKS2PAFUKQN7QE5YQ4SFSU5PTRAV7WETVT6LNKDE5ARA7/operations?order=asc&limit=1
GCQFKEQVWWZN2FNR3VY4VDWHUYJ326WJGVJNZJCDVBGVSRH423F37FIY	2026-08-31T16:53:00Z	2026-08-31T16:53:01Z	200	9e3a671ba87ee00ed373a966acac57d28054d07eae8604350ffdbc05f3e414c2	accounts/GCQFKEQVWWZN2FNR3VY4VDWHUYJ326WJGVJNZJCDVBGVSRH423F37FIY.json	https://horizon.stellar.org/accounts/GCQFKEQVWWZN2FNR3VY4VDWHUYJ326WJGVJNZJCDVBGVSRH423F37FIY/operations?order=asc&limit=1
GCROB2O5QFBJ7DZZ6FMJNMGVCF7TGGJMUMY56G6LMTNTQ3FLCJ6XBDTR	2026-08-31T16:53:01Z	2026-08-31T16:53:02Z	200	2401c565eb9c08f8b47040653e7266e6d04fa2ccd9b0cfd2d1709a2ac21cdcc1	accounts/GCROB2O5QFBJ7DZZ6FMJNMGVCF7TGGJMUMY56G6LMTNTQ3FLCJ6XBDTR.json	https://horizon.stellar.org/accounts/GCROB2O5QFBJ7DZZ6FMJNMGVCF7TGGJMUMY56G6LMTNTQ3FLCJ6XBDTR/operations?order=asc&limit=1
GCSE65WDSG2NHU25OVRV56ZQSINOPC22MUJRY5KXEHKKGRFEH7XYR7DA	2026-08-31T16:53:02Z	2026-08-31T16:53:04Z	200	68c9f2070b37e544954d3c24143429ce2c3779cf444f2f4fdea2922e0fa97c98	accounts/GCSE65WDSG2NHU25OVRV56ZQSINOPC22MUJRY5KXEHKKGRFEH7XYR7DA.json	https://horizon.stellar.org/accounts/GCSE65WDSG2NHU25OVRV56ZQSINOPC22MUJRY5KXEHKKGRFEH7XYR7DA/operations?order=asc&limit=1
GCSFNL77UJBRZHIPHFZDEOOWDYC6JTZS7LMQ7W64KP3SVWUJSKHKCZYH	2026-08-31T16:53:04Z	2026-08-31T16:53:05Z	200	fca70ef7fb300d62fd38d00809e9d034953e3d4d3260c622d12cae521b077384	accounts/GCSFNL77UJBRZHIPHFZDEOOWDYC6JTZS7LMQ7W64KP3SVWUJSKHKCZYH.json	https://horizon.stellar.org/accounts/GCSFNL77UJBRZHIPHFZDEOOWDYC6JTZS7LMQ7W64KP3SVWUJSKHKCZYH/operations?order=asc&limit=1
GCSM6QASLFOSOPBOQLOQ3YBOJOZQBHVLXCP3PWCUNB2X342IX2HQ622F	2026-08-31T16:53:05Z	2026-08-31T16:53:06Z	200	13128a78f6b3184a8f7e0b37b3759779762c4792bd48fd243bb5c7e7b51f07f7	accounts/GCSM6QASLFOSOPBOQLOQ3YBOJOZQBHVLXCP3PWCUNB2X342IX2HQ622F.json	https://horizon.stellar.org/accounts/GCSM6QASLFOSOPBOQLOQ3YBOJOZQBHVLXCP3PWCUNB2X342IX2HQ622F/operations?order=asc&limit=1
GCSMTICKXA7356W77QED3HUMQPDC34TDU47G3P6NJWJWD24UJHWX6KDK	2026-08-31T16:53:07Z	2026-08-31T16:53:08Z	200	1ddc1cc19b2482844a3d69019a558fb326bf1e5acb5c6401400f83b948fcaa9d	accounts/GCSMTICKXA7356W77QED3HUMQPDC34TDU47G3P6NJWJWD24UJHWX6KDK.json	https://horizon.stellar.org/accounts/GCSMTICKXA7356W77QED3HUMQPDC34TDU47G3P6NJWJWD24UJHWX6KDK/operations?order=asc&limit=1
GCSO6DAFG52JZDJOB2ZXY3FZBCFJIEINR2BXNA2TTTCMFAOL5SQMIPW6	2026-08-31T16:53:08Z	2026-08-31T16:53:09Z	200	15d857fdb3ff775fe0a10b84f5115e524fa4bcf417667ab13cd06864ae5db41a	accounts/GCSO6DAFG52JZDJOB2ZXY3FZBCFJIEINR2BXNA2TTTCMFAOL5SQMIPW6.json	https://horizon.stellar.org/accounts/GCSO6DAFG52JZDJOB2ZXY3FZBCFJIEINR2BXNA2TTTCMFAOL5SQMIPW6/operations?order=asc&limit=1
GCSOQCCAIWVOQFIQW2MGWIG2M3QKSRLP7BPLWQPL3QRI463SR6V73IL3	2026-08-31T16:53:09Z	2026-08-31T16:53:10Z	200	f5bca67c95190e99257eef107ef436d9179998929493db3ecf1f912f8ff32bdb	accounts/GCSOQCCAIWVOQFIQW2MGWIG2M3QKSRLP7BPLWQPL3QRI463SR6V73IL3.json	https://horizon.stellar.org/accounts/GCSOQCCAIWVOQFIQW2MGWIG2M3QKSRLP7BPLWQPL3QRI463SR6V73IL3/operations?order=asc&limit=1
GCSQCCXEUY3BN5EHEKOUGGM3GJQT3SNZ7LZQV2FBG633KRJFSJHZ5LWJ	2026-08-31T16:53:11Z	2026-08-31T16:53:12Z	200	5a0b25216bf14bae2e82fee3070b042dcda77d093ffa9af0b3fee090a9f5efca	accounts/GCSQCCXEUY3BN5EHEKOUGGM3GJQT3SNZ7LZQV2FBG633KRJFSJHZ5LWJ.json	https://horizon.stellar.org/accounts/GCSQCCXEUY3BN5EHEKOUGGM3GJQT3SNZ7LZQV2FBG633KRJFSJHZ5LWJ/operations?order=asc&limit=1
GCTBR665RTZ5LCPBOJXRPEKQFFACNOP5TGUPD5Y3XDX76HQL2527ZVGA	2026-08-31T16:53:12Z	2026-08-31T16:53:13Z	200	23fc484cdbca1c9e08069f3035e2d569192ea1b343ca2348f8c619893f01fe88	accounts/GCTBR665RTZ5LCPBOJXRPEKQFFACNOP5TGUPD5Y3XDX76HQL2527ZVGA.json	https://horizon.stellar.org/accounts/GCTBR665RTZ5LCPBOJXRPEKQFFACNOP5TGUPD5Y3XDX76HQL2527ZVGA/operations?order=asc&limit=1
GCTDUG2CEQFTD5PMAF7LTN3IIIJYGB64JQHKKYINNJ3SXGWUB6ZSEGKH	2026-08-31T16:53:14Z	2026-08-31T16:53:15Z	200	d05694ee780ccc1139e9aaf2f891a0ea2e09f0b55bccac13aca9360982e1fe48	accounts/GCTDUG2CEQFTD5PMAF7LTN3IIIJYGB64JQHKKYINNJ3SXGWUB6ZSEGKH.json	https://horizon.stellar.org/accounts/GCTDUG2CEQFTD5PMAF7LTN3IIIJYGB64JQHKKYINNJ3SXGWUB6ZSEGKH/operations?order=asc&limit=1
GCU5FO2DZV7MEYNEF55L7XK4E5RTH3CNRVXOVNTPAVX7A2TCXBRJAXQI	2026-08-31T16:53:15Z	2026-08-31T16:53:16Z	200	a77394576f2419439f8865cfcdde25da172e8bd8dbabefa1275b3190e4faecd1	accounts/GCU5FO2DZV7MEYNEF55L7XK4E5RTH3CNRVXOVNTPAVX7A2TCXBRJAXQI.json	https://horizon.stellar.org/accounts/GCU5FO2DZV7MEYNEF55L7XK4E5RTH3CNRVXOVNTPAVX7A2TCXBRJAXQI/operations?order=asc&limit=1
GCU77LBFREH3TW7V4UBPIMR35X5SKY45A57SGCJNEVERCHV5PHFOJLQD	2026-08-31T16:53:16Z	2026-08-31T16:53:17Z	200	46bcecc4c9f432282cc9a73cb92871ac94d5cef479fa236719893c4449491e27	accounts/GCU77LBFREH3TW7V4UBPIMR35X5SKY45A57SGCJNEVERCHV5PHFOJLQD.json	https://horizon.stellar.org/accounts/GCU77LBFREH3TW7V4UBPIMR35X5SKY45A57SGCJNEVERCHV5PHFOJLQD/operations?order=asc&limit=1
GCUG6ZQIVQ3SJNCLI4P7FALJODPBIBWGCDFOQ2YYQR7AS7ZROXRGPCTE	2026-08-31T16:53:18Z	2026-08-31T16:53:19Z	200	2d0e7f341e7019479ff2d19a134b5803af45cd1d3b98a11abb7115b75bf343ca	accounts/GCUG6ZQIVQ3SJNCLI4P7FALJODPBIBWGCDFOQ2YYQR7AS7ZROXRGPCTE.json	https://horizon.stellar.org/accounts/GCUG6ZQIVQ3SJNCLI4P7FALJODPBIBWGCDFOQ2YYQR7AS7ZROXRGPCTE/operations?order=asc&limit=1
GCUGGUUROQ7QBP2AYYR5KL42ZF3UHCL66JET7I7LRKSE3QVQWWYIK6NM	2026-08-31T16:53:19Z	2026-08-31T16:53:20Z	200	75e76b07293b6d1156257c58024b614e1ca606e541690a34b9e2817edf1660ae	accounts/GCUGGUUROQ7QBP2AYYR5KL42ZF3UHCL66JET7I7LRKSE3QVQWWYIK6NM.json	https://horizon.stellar.org/accounts/GCUGGUUROQ7QBP2AYYR5KL42ZF3UHCL66JET7I7LRKSE3QVQWWYIK6NM/operations?order=asc&limit=1
GCUVDXZCDNQJJAVJ74LJA7SK66VL465K6MNBXJ3C4YTEFOTVXDNFMR3X	2026-08-31T16:53:21Z	2026-08-31T16:53:22Z	200	4a39d5ac58c4b854b4ed5d7b6bd867d6fd41047ff5ae06fe3445d619649b1d78	accounts/GCUVDXZCDNQJJAVJ74LJA7SK66VL465K6MNBXJ3C4YTEFOTVXDNFMR3X.json	https://horizon.stellar.org/accounts/GCUVDXZCDNQJJAVJ74LJA7SK66VL465K6MNBXJ3C4YTEFOTVXDNFMR3X/operations?order=asc&limit=1
GCUZKSE26DZT3ZUVQOF3CW5HTVOK2GXCSJLRNLJZLRPKLX4WVTPS6UKA	2026-08-31T16:53:22Z	2026-08-31T16:53:23Z	200	e336bf1950eaa13cea0c7f53451b809b90f5856b539b084c068f80cf7b51fd85	accounts/GCUZKSE26DZT3ZUVQOF3CW5HTVOK2GXCSJLRNLJZLRPKLX4WVTPS6UKA.json	https://horizon.stellar.org/accounts/GCUZKSE26DZT3ZUVQOF3CW5HTVOK2GXCSJLRNLJZLRPKLX4WVTPS6UKA/operations?order=asc&limit=1
GCVGDJERNRFP5OE22QBCRKT4WXAXA2A7O5NUSQPQG5C3ZIXV6AGUC6UE	2026-08-31T16:53:24Z	2026-08-31T16:53:25Z	200	6b7865c4b3167c960dc61f27cc4ef2996f5df256da1d052ff5d6e3ab11759031	accounts/GCVGDJERNRFP5OE22QBCRKT4WXAXA2A7O5NUSQPQG5C3ZIXV6AGUC6UE.json	https://horizon.stellar.org/accounts/GCVGDJERNRFP5OE22QBCRKT4WXAXA2A7O5NUSQPQG5C3ZIXV6AGUC6UE/operations?order=asc&limit=1
GCVOKGO6CFRNEIQ4Q5BUIVPXY3TLPEK3AYGCRWGXDY7O34MUQU73ZXLM	2026-08-31T16:53:25Z	2026-08-31T16:53:26Z	200	4ef2e186a73ca5c7644941f408c95a438f7d5dbacda6f1950af0f79a016cfe5c	accounts/GCVOKGO6CFRNEIQ4Q5BUIVPXY3TLPEK3AYGCRWGXDY7O34MUQU73ZXLM.json	https://horizon.stellar.org/accounts/GCVOKGO6CFRNEIQ4Q5BUIVPXY3TLPEK3AYGCRWGXDY7O34MUQU73ZXLM/operations?order=asc&limit=1
GCWML6QHUH7XANAJENKHHMTEUXMGEP7CHQXHBQXMN26AFNAJGMHGJ2RI	2026-08-31T16:53:26Z	2026-08-31T16:53:28Z	200	786c654a1cfceded085c4ad2cbafa11136903d27ef89fcf2e14514d286f2d9c3	accounts/GCWML6QHUH7XANAJENKHHMTEUXMGEP7CHQXHBQXMN26AFNAJGMHGJ2RI.json	https://horizon.stellar.org/accounts/GCWML6QHUH7XANAJENKHHMTEUXMGEP7CHQXHBQXMN26AFNAJGMHGJ2RI/operations?order=asc&limit=1
GCXA3SIA4TCV3KZGEYLGHMKZUR27M5JRTQ3VG2HPBIPIOCALGPHQOAFL	2026-08-31T16:53:28Z	2026-08-31T16:53:29Z	200	acdc98d3bdb5d31f2fcd9c4d468f7ec71b5c6040ac71c0cd185ab7812598d123	accounts/GCXA3SIA4TCV3KZGEYLGHMKZUR27M5JRTQ3VG2HPBIPIOCALGPHQOAFL.json	https://horizon.stellar.org/accounts/GCXA3SIA4TCV3KZGEYLGHMKZUR27M5JRTQ3VG2HPBIPIOCALGPHQOAFL/operations?order=asc&limit=1
GCXBUC4HLNIC4XANT4QBUH363VMJJUMEM72KYLBV7OCHBFBL63QTX5NZ	2026-08-31T16:53:29Z	2026-08-31T16:53:30Z	200	0cd5534101e55d9d284647a593e857719cc3461d1de0714ecf79b60381243b94	accounts/GCXBUC4HLNIC4XANT4QBUH363VMJJUMEM72KYLBV7OCHBFBL63QTX5NZ.json	https://horizon.stellar.org/accounts/GCXBUC4HLNIC4XANT4QBUH363VMJJUMEM72KYLBV7OCHBFBL63QTX5NZ/operations?order=asc&limit=1
GCXM45I5WJU3T76VXPQWJR4JEWIEFOMX4YBPFJOCTEQGW6LQ6HEVPOGW	2026-08-31T16:53:31Z	2026-08-31T16:53:32Z	200	05d22519f3c510eea220873b1f15ffadb8e9dd536a26e5d3d6bac5bb9411ef7c	accounts/GCXM45I5WJU3T76VXPQWJR4JEWIEFOMX4YBPFJOCTEQGW6LQ6HEVPOGW.json	https://horizon.stellar.org/accounts/GCXM45I5WJU3T76VXPQWJR4JEWIEFOMX4YBPFJOCTEQGW6LQ6HEVPOGW/operations?order=asc&limit=1
GCXPKPVYD7IOOEA6C4ADEIM4I4JCGHYZC4QWN4P2I7YEQZ637VJVHEPF	2026-08-31T16:53:32Z	2026-08-31T16:53:33Z	200	f1080693e8f9a1aae99f860f6694a03c18d11c7176ef2e1e0fe8e39070e39465	accounts/GCXPKPVYD7IOOEA6C4ADEIM4I4JCGHYZC4QWN4P2I7YEQZ637VJVHEPF.json	https://horizon.stellar.org/accounts/GCXPKPVYD7IOOEA6C4ADEIM4I4JCGHYZC4QWN4P2I7YEQZ637VJVHEPF/operations?order=asc&limit=1
GCXPS7AVWSHBCUOIEGIOOJBKZWRKOUTT26MGUNBFN3XB3X3JV3XVBH3Y	2026-08-31T16:53:33Z	2026-08-31T16:53:35Z	200	d7de2f747bbcf52f465100007b750ccce4fa07b91d1a5f9e540f8f6d80935f96	accounts/GCXPS7AVWSHBCUOIEGIOOJBKZWRKOUTT26MGUNBFN3XB3X3JV3XVBH3Y.json	https://horizon.stellar.org/accounts/GCXPS7AVWSHBCUOIEGIOOJBKZWRKOUTT26MGUNBFN3XB3X3JV3XVBH3Y/operations?order=asc&limit=1
GCXV6EEBS7ICNTDTPWN2NMCTAG3LTXEHN4PLHUS6MFUKCB4BKAIOZLNX	2026-08-31T16:53:35Z	2026-08-31T16:53:36Z	200	2110562285eb59227cecfb0287c5f3e8e88e6e2a99617a17aa96f010ccac620a	accounts/GCXV6EEBS7ICNTDTPWN2NMCTAG3LTXEHN4PLHUS6MFUKCB4BKAIOZLNX.json	https://horizon.stellar.org/accounts/GCXV6EEBS7ICNTDTPWN2NMCTAG3LTXEHN4PLHUS6MFUKCB4BKAIOZLNX/operations?order=asc&limit=1
GCY34T2BOD7KOJXXMBHXSGS7XEX6T3TOBYI4YFFCXO3RX5WO7AWX3MS3	2026-08-31T16:53:36Z	2026-08-31T16:53:38Z	200	bf6f72077b7533535ef2e58cdb3fbfd1b5e2cf5206bf33c2cccca4704e38a2af	accounts/GCY34T2BOD7KOJXXMBHXSGS7XEX6T3TOBYI4YFFCXO3RX5WO7AWX3MS3.json	https://horizon.stellar.org/accounts/GCY34T2BOD7KOJXXMBHXSGS7XEX6T3TOBYI4YFFCXO3RX5WO7AWX3MS3/operations?order=asc&limit=1
GCY77BKLKL5FIYQA2A4SWYMV5UJ4INIXLT7MA27QD45ZMRDCL64NNHCN	2026-08-31T16:53:38Z	2026-08-31T16:53:39Z	200	5454214e82fad1e34b64a002f4242ec78f8f54e32dd22ac33278234aaeffb27f	accounts/GCY77BKLKL5FIYQA2A4SWYMV5UJ4INIXLT7MA27QD45ZMRDCL64NNHCN.json	https://horizon.stellar.org/accounts/GCY77BKLKL5FIYQA2A4SWYMV5UJ4INIXLT7MA27QD45ZMRDCL64NNHCN/operations?order=asc&limit=1
GCY7AY7OOO2XKZUCKLOZL3MJ62DW5UNL3ISFWDEDEEJM7JFGYZEUS55Z	2026-08-31T16:53:39Z	2026-08-31T16:53:40Z	200	dab5aceb2160c6586f0483296b29d85b55188bb0c371b7e092c3c35c31dae59d	accounts/GCY7AY7OOO2XKZUCKLOZL3MJ62DW5UNL3ISFWDEDEEJM7JFGYZEUS55Z.json	https://horizon.stellar.org/accounts/GCY7AY7OOO2XKZUCKLOZL3MJ62DW5UNL3ISFWDEDEEJM7JFGYZEUS55Z/operations?order=asc&limit=1
GCYESJ4TVBLMDC7HWGEOK36SXYWGINES7DFAKKEA3DKP23DV6MY7GE32	2026-08-31T16:53:41Z	2026-08-31T16:53:42Z	200	d4201bb58f8488811dca3c89d5ee7ff197c87a03d949a7947d045810b9b17d7c	accounts/GCYESJ4TVBLMDC7HWGEOK36SXYWGINES7DFAKKEA3DKP23DV6MY7GE32.json	https://horizon.stellar.org/accounts/GCYESJ4TVBLMDC7HWGEOK36SXYWGINES7DFAKKEA3DKP23DV6MY7GE32/operations?order=asc&limit=1
GCZZNDQZU5EPURTF4RNKMJQ7UHONFQYWHSA4QUEOQ7436NYRDSLOL24B	2026-08-31T16:53:42Z	2026-08-31T16:53:43Z	200	45b668b16b68806cd019e39b19557790c5b83d2e17c7b30ef967dad8b7d37092	accounts/GCZZNDQZU5EPURTF4RNKMJQ7UHONFQYWHSA4QUEOQ7436NYRDSLOL24B.json	https://horizon.stellar.org/accounts/GCZZNDQZU5EPURTF4RNKMJQ7UHONFQYWHSA4QUEOQ7436NYRDSLOL24B/operations?order=asc&limit=1
GD327MCKE45GYHWG22L7EJFULEUDMNOWGWW5WFBE5QD3CYLCI44XITXN	2026-08-31T16:53:43Z	2026-08-31T16:53:44Z	200	3b72de53d34f3c3f7957d60d1453bcb687b23cc0d373d1f5c250913e3f80bf64	accounts/GD327MCKE45GYHWG22L7EJFULEUDMNOWGWW5WFBE5QD3CYLCI44XITXN.json	https://horizon.stellar.org/accounts/GD327MCKE45GYHWG22L7EJFULEUDMNOWGWW5WFBE5QD3CYLCI44XITXN/operations?order=asc&limit=1
GD3BLBNPKS24RH3DF7THSO3R2QXJYRIEIIFPE6A2NFS7TZFFDW2RNPZB	2026-08-31T16:53:45Z	2026-08-31T16:53:46Z	200	07baa9506b40ba563bd4f28b07d2972730bac3d743eaee46246e9dee720f17c9	accounts/GD3BLBNPKS24RH3DF7THSO3R2QXJYRIEIIFPE6A2NFS7TZFFDW2RNPZB.json	https://horizon.stellar.org/accounts/GD3BLBNPKS24RH3DF7THSO3R2QXJYRIEIIFPE6A2NFS7TZFFDW2RNPZB/operations?order=asc&limit=1
GD3EXP7GTMP7UFHPOR4O24EUH7S6VDKT7UAC4GDGPNFOBU3SAOFCPVTH	2026-08-31T16:53:46Z	2026-08-31T16:53:47Z	200	7d7045550e461ecbdd3bbc49bb609992d7fe17f45c385bc23ac9f07f72cd41b3	accounts/GD3EXP7GTMP7UFHPOR4O24EUH7S6VDKT7UAC4GDGPNFOBU3SAOFCPVTH.json	https://horizon.stellar.org/accounts/GD3EXP7GTMP7UFHPOR4O24EUH7S6VDKT7UAC4GDGPNFOBU3SAOFCPVTH/operations?order=asc&limit=1
GD3SOHI26CNBYXC6EEO4AH2MA4WB7V75WREGRSMDN63Q4X6HX3F4YA7M	2026-08-31T16:53:47Z	2026-08-31T16:53:49Z	200	67ff2577c70793d9ae33fd9c85bb46422d03c2c7e43218eadb211b4faaa26bed	accounts/GD3SOHI26CNBYXC6EEO4AH2MA4WB7V75WREGRSMDN63Q4X6HX3F4YA7M.json	https://horizon.stellar.org/accounts/GD3SOHI26CNBYXC6EEO4AH2MA4WB7V75WREGRSMDN63Q4X6HX3F4YA7M/operations?order=asc&limit=1
GD3Y5MLKUS67ELFGXIR2QDHB7IWMRMYL7AUJ5TDMZ5HHESRQYFZWF4YT	2026-08-31T16:53:49Z	2026-08-31T16:53:50Z	200	26d7744186d978c0d2963db025b10ea33cba8ee7161729f2c4bd3611587de3b5	accounts/GD3Y5MLKUS67ELFGXIR2QDHB7IWMRMYL7AUJ5TDMZ5HHESRQYFZWF4YT.json	https://horizon.stellar.org/accounts/GD3Y5MLKUS67ELFGXIR2QDHB7IWMRMYL7AUJ5TDMZ5HHESRQYFZWF4YT/operations?order=asc&limit=1
GD453YGMB3QHK37GT3QEXXARBDBSEETPTDTTQ35MUX2U2KBPATTVELQF	2026-08-31T16:53:50Z	2026-08-31T16:53:51Z	200	cb4f8e20bc71784196bd5a19c3a0226f80ec0c02a222bc2edecb02e3bc5a15b7	accounts/GD453YGMB3QHK37GT3QEXXARBDBSEETPTDTTQ35MUX2U2KBPATTVELQF.json	https://horizon.stellar.org/accounts/GD453YGMB3QHK37GT3QEXXARBDBSEETPTDTTQ35MUX2U2KBPATTVELQF/operations?order=asc&limit=1
GD4DLTV2XHI7CN5CHAHEYWAOEUQOFCAYNR6GU2IV27BYIILEAN4YDLZQ	2026-08-31T16:53:52Z	2026-08-31T16:53:53Z	200	612480d5f4b0658b2c1a1fb42a60153223891031aa6011cc965be7cb886f2166	accounts/GD4DLTV2XHI7CN5CHAHEYWAOEUQOFCAYNR6GU2IV27BYIILEAN4YDLZQ.json	https://horizon.stellar.org/accounts/GD4DLTV2XHI7CN5CHAHEYWAOEUQOFCAYNR6GU2IV27BYIILEAN4YDLZQ/operations?order=asc&limit=1
GD4ME43FCOZC4XJ5DZ4V4TH7O37QS4U6RR52AMK7AHADCE466C36B7DX	2026-08-31T16:53:53Z	2026-08-31T16:53:54Z	200	f2b566102331635a11dbb16a90965bd878a5fc94f06437dd783748a439ebde4e	accounts/GD4ME43FCOZC4XJ5DZ4V4TH7O37QS4U6RR52AMK7AHADCE466C36B7DX.json	https://horizon.stellar.org/accounts/GD4ME43FCOZC4XJ5DZ4V4TH7O37QS4U6RR52AMK7AHADCE466C36B7DX/operations?order=asc&limit=1
GD4QG26JDC3KIQDRCT5X37TTGBDH35WKE2QF6L2JACCP4YOKOG3VRRDZ	2026-08-31T16:53:55Z	2026-08-31T16:53:56Z	200	dac9ebf6afa8090ecf677c6b895c2fdd49720d7f11798428bb316567e481a90c	accounts/GD4QG26JDC3KIQDRCT5X37TTGBDH35WKE2QF6L2JACCP4YOKOG3VRRDZ.json	https://horizon.stellar.org/accounts/GD4QG26JDC3KIQDRCT5X37TTGBDH35WKE2QF6L2JACCP4YOKOG3VRRDZ/operations?order=asc&limit=1
GD4VPFTY7OLUQEQEBUV7UUXWBBAWGTEGGAZMAFRFFVJF7TVZWUUVSKJQ	2026-08-31T16:53:56Z	2026-08-31T16:53:57Z	200	756d137f1c8b99628e4756cda83bb8b5104e489708984140c5b353ce1280ce88	accounts/GD4VPFTY7OLUQEQEBUV7UUXWBBAWGTEGGAZMAFRFFVJF7TVZWUUVSKJQ.json	https://horizon.stellar.org/accounts/GD4VPFTY7OLUQEQEBUV7UUXWBBAWGTEGGAZMAFRFFVJF7TVZWUUVSKJQ/operations?order=asc&limit=1
GD5OOT3AGLT3C367PYVF3MF7LFW52W3CEKHH7TTVSCNWGPAT3C2CXBSV	2026-08-31T16:53:57Z	2026-08-31T16:53:59Z	200	c9bbd400dd40c0e9bc4267e6dde01692e818421747ff18edbc01a0ab30f801c5	accounts/GD5OOT3AGLT3C367PYVF3MF7LFW52W3CEKHH7TTVSCNWGPAT3C2CXBSV.json	https://horizon.stellar.org/accounts/GD5OOT3AGLT3C367PYVF3MF7LFW52W3CEKHH7TTVSCNWGPAT3C2CXBSV/operations?order=asc&limit=1
GD65DN6DGIGCJNINS73HUMLTFM47ES7F3UYSS7IVQKFVNWPLEDS33M4Y	2026-08-31T16:53:59Z	2026-08-31T16:54:00Z	200	a6dc0d7281960e18946adb865e2944e18c6b2017dc155869797c142cc43394b7	accounts/GD65DN6DGIGCJNINS73HUMLTFM47ES7F3UYSS7IVQKFVNWPLEDS33M4Y.json	https://horizon.stellar.org/accounts/GD65DN6DGIGCJNINS73HUMLTFM47ES7F3UYSS7IVQKFVNWPLEDS33M4Y/operations?order=asc&limit=1
GD66S6GSKYTXZ5BT4RIYTBEBOE7WBPNIJB62SLYCAJNKDUS6F67SCEUI	2026-08-31T16:54:00Z	2026-08-31T16:54:01Z	200	54f629cb89a4b4655eb3a8462af0f4e9ceccd27eac97886b4356e8eb25ee7f1b	accounts/GD66S6GSKYTXZ5BT4RIYTBEBOE7WBPNIJB62SLYCAJNKDUS6F67SCEUI.json	https://horizon.stellar.org/accounts/GD66S6GSKYTXZ5BT4RIYTBEBOE7WBPNIJB62SLYCAJNKDUS6F67SCEUI/operations?order=asc&limit=1
GD6LGTOHDGJSFNQTAQSU3V4FJKEF52FQGXEYUQCRKG2IJPGDRAKGTCIL	2026-08-31T16:54:02Z	2026-08-31T16:54:03Z	200	0b0f4095759aab89e7cfdefb07cadd65c6c36877d243d81dd411cc6b256fd44b	accounts/GD6LGTOHDGJSFNQTAQSU3V4FJKEF52FQGXEYUQCRKG2IJPGDRAKGTCIL.json	https://horizon.stellar.org/accounts/GD6LGTOHDGJSFNQTAQSU3V4FJKEF52FQGXEYUQCRKG2IJPGDRAKGTCIL/operations?order=asc&limit=1
GD6NWAMPS7QZ7BCDRWGTIWFAAYFO4L5JVDANEGB4ETE7FUFGRAQRZ5M5	2026-08-31T16:54:03Z	2026-08-31T16:54:04Z	200	f3e4701594c21fabac59196b23d9da8628178381b9656c8a958c26840a132544	accounts/GD6NWAMPS7QZ7BCDRWGTIWFAAYFO4L5JVDANEGB4ETE7FUFGRAQRZ5M5.json	https://horizon.stellar.org/accounts/GD6NWAMPS7QZ7BCDRWGTIWFAAYFO4L5JVDANEGB4ETE7FUFGRAQRZ5M5/operations?order=asc&limit=1
GD6UWIH542ZLOTFATNBMB7YA4AVFBJUBCUCYZRL6IVO42UWC3UL7QIJ7	2026-08-31T16:54:05Z	2026-08-31T16:54:06Z	200	6b2c6e8e42679f9aeb0050ff7956a7396a27dd6036b7b548db260f6f9517437c	accounts/GD6UWIH542ZLOTFATNBMB7YA4AVFBJUBCUCYZRL6IVO42UWC3UL7QIJ7.json	https://horizon.stellar.org/accounts/GD6UWIH542ZLOTFATNBMB7YA4AVFBJUBCUCYZRL6IVO42UWC3UL7QIJ7/operations?order=asc&limit=1
GD6WHSKBYL24MNG5QMXQFPTDIDVQSTT5XCFOQXA5NEIXZKSTJJNKAB4F	2026-08-31T16:54:06Z	2026-08-31T16:54:07Z	200	cfa61164f205aab6630fc9a95255151ea46b1e15dfffc4af1c2e3b1c0dcf9db0	accounts/GD6WHSKBYL24MNG5QMXQFPTDIDVQSTT5XCFOQXA5NEIXZKSTJJNKAB4F.json	https://horizon.stellar.org/accounts/GD6WHSKBYL24MNG5QMXQFPTDIDVQSTT5XCFOQXA5NEIXZKSTJJNKAB4F/operations?order=asc&limit=1
GD6XSMQJ47EHHJOWXQOND5YDVZC37JWZJHYHBKE6QJFSLLJ5KQXM5QS5	2026-08-31T16:54:07Z	2026-08-31T16:54:08Z	200	4c2a8660836a4e9d58b9200848dc5faa78307bac63b9095d65ac2274308b6bea	accounts/GD6XSMQJ47EHHJOWXQOND5YDVZC37JWZJHYHBKE6QJFSLLJ5KQXM5QS5.json	https://horizon.stellar.org/accounts/GD6XSMQJ47EHHJOWXQOND5YDVZC37JWZJHYHBKE6QJFSLLJ5KQXM5QS5/operations?order=asc&limit=1
GD77RS525TLPXBSFTZSHDEVDSCDO3NQBTATLRJQVHBOTKUC2PMGPTQEF	2026-08-31T16:54:09Z	2026-08-31T16:54:10Z	200	4a9e03cbba35df2817e54ba5aac5b69f88514e4015cece4844c4ae94024acf94	accounts/GD77RS525TLPXBSFTZSHDEVDSCDO3NQBTATLRJQVHBOTKUC2PMGPTQEF.json	https://horizon.stellar.org/accounts/GD77RS525TLPXBSFTZSHDEVDSCDO3NQBTATLRJQVHBOTKUC2PMGPTQEF/operations?order=asc&limit=1
GD7HA5AFK5CHJJZWY4LICNXCYBEEWXW6CMHKEUY26M2FMEV7CNP2OPGI	2026-08-31T16:54:10Z	2026-08-31T16:54:11Z	200	64e73d8418617db28d078d043e688c4031afaf70d51d223f6e6e5a9bd3d7372d	accounts/GD7HA5AFK5CHJJZWY4LICNXCYBEEWXW6CMHKEUY26M2FMEV7CNP2OPGI.json	https://horizon.stellar.org/accounts/GD7HA5AFK5CHJJZWY4LICNXCYBEEWXW6CMHKEUY26M2FMEV7CNP2OPGI/operations?order=asc&limit=1
GD7RLTEGEEFDEW6NQZUXJ72VFVF6LRSPBZ6TCAO66HJPIMZJU3F2LFOO	2026-08-31T16:54:12Z	2026-08-31T16:54:13Z	200	513c7ad8562ed83e8e037cbed373e6a6306ba773ca8ffa4bea1e6855e0085bcf	accounts/GD7RLTEGEEFDEW6NQZUXJ72VFVF6LRSPBZ6TCAO66HJPIMZJU3F2LFOO.json	https://horizon.stellar.org/accounts/GD7RLTEGEEFDEW6NQZUXJ72VFVF6LRSPBZ6TCAO66HJPIMZJU3F2LFOO/operations?order=asc&limit=1
GDAHKXY2ZJXMLHIC7JZ5GL2AXH26EGFSA6W4VEEEFQXFCSQNBNQOWCJU	2026-08-31T16:54:13Z	2026-08-31T16:54:14Z	200	1351ac194fb76006c38ae14ff4af0d088e684002efff12f0f79688ed766b2aea	accounts/GDAHKXY2ZJXMLHIC7JZ5GL2AXH26EGFSA6W4VEEEFQXFCSQNBNQOWCJU.json	https://horizon.stellar.org/accounts/GDAHKXY2ZJXMLHIC7JZ5GL2AXH26EGFSA6W4VEEEFQXFCSQNBNQOWCJU/operations?order=asc&limit=1
GDB3RGT23S4CZLOWXDG63WLVW3MQJJ2ADPC2JPWW46EZDNKNU3XVBARS	2026-08-31T16:54:14Z	2026-08-31T16:54:16Z	200	b5167cec97b71b3dbf4ea085dc0547619485b32187820f577a127289206197c7	accounts/GDB3RGT23S4CZLOWXDG63WLVW3MQJJ2ADPC2JPWW46EZDNKNU3XVBARS.json	https://horizon.stellar.org/accounts/GDB3RGT23S4CZLOWXDG63WLVW3MQJJ2ADPC2JPWW46EZDNKNU3XVBARS/operations?order=asc&limit=1
GDB5VERWF7J2RHXERAK5KDIGNYZRJJVR362B6EAYDXKL7QXGQIUDKJCE	2026-08-31T16:54:16Z	2026-08-31T16:54:17Z	200	7eb36fb298bf807da6ad8c186d0b640034dfd2f108efb5976de3391ceaadadb6	accounts/GDB5VERWF7J2RHXERAK5KDIGNYZRJJVR362B6EAYDXKL7QXGQIUDKJCE.json	https://horizon.stellar.org/accounts/GDB5VERWF7J2RHXERAK5KDIGNYZRJJVR362B6EAYDXKL7QXGQIUDKJCE/operations?order=asc&limit=1
GDBV4M4BPRQGZAAUED2UR3DVBW3R73P3XNNLDLRTH2RWBABUK2MIZ2VU	2026-08-31T16:54:17Z	2026-08-31T16:54:18Z	200	a19a065b196cdffa39d7ff985b58f23e8c8594b738c4f7b4fb16a44f377d3080	accounts/GDBV4M4BPRQGZAAUED2UR3DVBW3R73P3XNNLDLRTH2RWBABUK2MIZ2VU.json	https://horizon.stellar.org/accounts/GDBV4M4BPRQGZAAUED2UR3DVBW3R73P3XNNLDLRTH2RWBABUK2MIZ2VU/operations?order=asc&limit=1
GDCMOOVB6MLB3ZQ3QJRLQMP43XIZN7PJ74UKATJCC5E5G46XFF3UVZZ2	2026-08-31T16:54:19Z	2026-08-31T16:54:20Z	200	55b46c8b88008d687a9eeb896b588bb9e76a7833fde7476a3886ff632dc803c4	accounts/GDCMOOVB6MLB3ZQ3QJRLQMP43XIZN7PJ74UKATJCC5E5G46XFF3UVZZ2.json	https://horizon.stellar.org/accounts/GDCMOOVB6MLB3ZQ3QJRLQMP43XIZN7PJ74UKATJCC5E5G46XFF3UVZZ2/operations?order=asc&limit=1
GDD22K6MNW3FAHGYF7ITJDDVSJD4HMTQD2QBRKPLVVMPECHXJELTBUTL	2026-08-31T16:54:20Z	2026-08-31T16:54:21Z	200	b388f269f1e71f574399d554d74627182b127fa4f5fdd6e134755e5a28fa9e5a	accounts/GDD22K6MNW3FAHGYF7ITJDDVSJD4HMTQD2QBRKPLVVMPECHXJELTBUTL.json	https://horizon.stellar.org/accounts/GDD22K6MNW3FAHGYF7ITJDDVSJD4HMTQD2QBRKPLVVMPECHXJELTBUTL/operations?order=asc&limit=1
GDDAEATAA6K4P4BUP3SHIAZDCJGOQPPQTMVTSNQSSXUBRI2BNSAXTK4F	2026-08-31T16:54:21Z	2026-08-31T16:54:22Z	200	57fd4c971cf271d5cb98ec6fa6d9eb33b9992d5e611c489b05146f39237ed02a	accounts/GDDAEATAA6K4P4BUP3SHIAZDCJGOQPPQTMVTSNQSSXUBRI2BNSAXTK4F.json	https://horizon.stellar.org/accounts/GDDAEATAA6K4P4BUP3SHIAZDCJGOQPPQTMVTSNQSSXUBRI2BNSAXTK4F/operations?order=asc&limit=1
GDDCH3CP5ES5OP7HKHIS2C4KUP4XRFMDXME24RR5GULYXUQH5N2I6I7K	2026-08-31T16:54:23Z	2026-08-31T16:54:24Z	200	8fea864c48e63c0a8fc4015cf35463f718bf3011028a0844cc9dcce2df3ad9ed	accounts/GDDCH3CP5ES5OP7HKHIS2C4KUP4XRFMDXME24RR5GULYXUQH5N2I6I7K.json	https://horizon.stellar.org/accounts/GDDCH3CP5ES5OP7HKHIS2C4KUP4XRFMDXME24RR5GULYXUQH5N2I6I7K/operations?order=asc&limit=1
GDDR2MDEIZKYNFUC3TK2K5YRCVZEXNLJVCZ45FXL4DQQRVG7NZ7LBMWU	2026-08-31T16:54:24Z	2026-08-31T16:54:25Z	200	b7b446c4aff5be2c9f1d77a3002ef1d4e8a7bae24f63321d734f9985f08d0d0a	accounts/GDDR2MDEIZKYNFUC3TK2K5YRCVZEXNLJVCZ45FXL4DQQRVG7NZ7LBMWU.json	https://horizon.stellar.org/accounts/GDDR2MDEIZKYNFUC3TK2K5YRCVZEXNLJVCZ45FXL4DQQRVG7NZ7LBMWU/operations?order=asc&limit=1
GDDYAJ32VUEGXSP6JUXKOGTBFPHPU5X7GCHEQOTFEJH4CS2KEUAIKPPV	2026-08-31T16:54:26Z	2026-08-31T16:54:27Z	200	534f4db23c3f30306be41787fe18e27c6edfcce713f97b888abe68218e3e4005	accounts/GDDYAJ32VUEGXSP6JUXKOGTBFPHPU5X7GCHEQOTFEJH4CS2KEUAIKPPV.json	https://horizon.stellar.org/accounts/GDDYAJ32VUEGXSP6JUXKOGTBFPHPU5X7GCHEQOTFEJH4CS2KEUAIKPPV/operations?order=asc&limit=1
GDEDWJFWOM226RNH765BDLK4BTKYYJZQHI7EAXK4DMPYCC3RWBKTHJ2J	2026-08-31T16:54:27Z	2026-08-31T16:54:28Z	200	28ca447ac3d8c5c2ba941816ba87a33aa53e5c80959b33827a7cf422f5cc9e92	accounts/GDEDWJFWOM226RNH765BDLK4BTKYYJZQHI7EAXK4DMPYCC3RWBKTHJ2J.json	https://horizon.stellar.org/accounts/GDEDWJFWOM226RNH765BDLK4BTKYYJZQHI7EAXK4DMPYCC3RWBKTHJ2J/operations?order=asc&limit=1
GDELYFECO2FZ7YU2MFFJSFYDENMZFPV2RW6QGHKWEKWNORCK6BTQQYBX	2026-08-31T16:54:28Z	2026-08-31T16:54:29Z	200	62342f38dede0997f27f19a20fb5d23901fffc9a6fb2c50afe4b3163aa978780	accounts/GDELYFECO2FZ7YU2MFFJSFYDENMZFPV2RW6QGHKWEKWNORCK6BTQQYBX.json	https://horizon.stellar.org/accounts/GDELYFECO2FZ7YU2MFFJSFYDENMZFPV2RW6QGHKWEKWNORCK6BTQQYBX/operations?order=asc&limit=1
GDEX73I3RADOVVUTHOTCY3F3Y2YGOZSBZ3VTSZHI22CK4LA3C7P6DSFP	2026-08-31T16:54:30Z	2026-08-31T16:54:31Z	200	c9fdff61c6bd31e951705934b5b2bdb3ee92ab7356292afd5286e0273b638ff5	accounts/GDEX73I3RADOVVUTHOTCY3F3Y2YGOZSBZ3VTSZHI22CK4LA3C7P6DSFP.json	https://horizon.stellar.org/accounts/GDEX73I3RADOVVUTHOTCY3F3Y2YGOZSBZ3VTSZHI22CK4LA3C7P6DSFP/operations?order=asc&limit=1
GDF6CZ4B263JPXWS4MJCV2ERM5XLANDYVZS3P2JJ3STVY66RLULS7U7R	2026-08-31T16:54:31Z	2026-08-31T16:54:32Z	200	77471ebe59c3c4691f3bc4328ac934c997e452ae4a2c1d9809eb601acab7bf33	accounts/GDF6CZ4B263JPXWS4MJCV2ERM5XLANDYVZS3P2JJ3STVY66RLULS7U7R.json	https://horizon.stellar.org/accounts/GDF6CZ4B263JPXWS4MJCV2ERM5XLANDYVZS3P2JJ3STVY66RLULS7U7R/operations?order=asc&limit=1
GDFESHTWVXTH5WHC6R7VM6KPJCEYYO36BV7NDV7V6FSDUBVDC7YF4T2N	2026-08-31T16:54:32Z	2026-08-31T16:54:33Z	200	2294e48abd7cb3031386d530dd950f56c79c4ae648b4fa9d74ab62087aa8e634	accounts/GDFESHTWVXTH5WHC6R7VM6KPJCEYYO36BV7NDV7V6FSDUBVDC7YF4T2N.json	https://horizon.stellar.org/accounts/GDFESHTWVXTH5WHC6R7VM6KPJCEYYO36BV7NDV7V6FSDUBVDC7YF4T2N/operations?order=asc&limit=1
GDFNLKYEY47ENEC7C4MKY4SS5BTF4GP7C2KLZV7BS4J3KQ7YGGP7YXB2	2026-08-31T16:54:34Z	2026-08-31T16:54:35Z	200	657bcbf8e221a495b362652bbe7e52598c63bdfcf0c29176e919d6a748a7fa9d	accounts/GDFNLKYEY47ENEC7C4MKY4SS5BTF4GP7C2KLZV7BS4J3KQ7YGGP7YXB2.json	https://horizon.stellar.org/accounts/GDFNLKYEY47ENEC7C4MKY4SS5BTF4GP7C2KLZV7BS4J3KQ7YGGP7YXB2/operations?order=asc&limit=1
GDFPIIQJMXMWXGULQSLVEVY5HZUDHROXLATFG4XBS7PJCJT6JXAIDFCN	2026-08-31T16:54:35Z	2026-08-31T16:54:36Z	200	a4b66b6af8741fc4c79a2fb8db8ce40e64f23c820f68bc72dcad559ea087a872	accounts/GDFPIIQJMXMWXGULQSLVEVY5HZUDHROXLATFG4XBS7PJCJT6JXAIDFCN.json	https://horizon.stellar.org/accounts/GDFPIIQJMXMWXGULQSLVEVY5HZUDHROXLATFG4XBS7PJCJT6JXAIDFCN/operations?order=asc&limit=1
GDFRWYVLAPGETMONBZFO2QLVKJ243PPWSTU5H6W5FZALZYMVFUH6SLTB	2026-08-31T16:54:37Z	2026-08-31T16:54:38Z	200	91b1681de06438dc92b10f82468583d625f5427006d794cce915a44a75a6f127	accounts/GDFRWYVLAPGETMONBZFO2QLVKJ243PPWSTU5H6W5FZALZYMVFUH6SLTB.json	https://horizon.stellar.org/accounts/GDFRWYVLAPGETMONBZFO2QLVKJ243PPWSTU5H6W5FZALZYMVFUH6SLTB/operations?order=asc&limit=1
GDG2H2JI47ZP5IYJSSHYDYQVASVKY4F2RGYYDC7KG5YGP53S4DGSQSZW	2026-08-31T16:54:38Z	2026-08-31T16:54:39Z	200	b79b8a169abfdcea2eb3b29d97bc995f060d8ad52b722bdaa9b33d53ec8cbe23	accounts/GDG2H2JI47ZP5IYJSSHYDYQVASVKY4F2RGYYDC7KG5YGP53S4DGSQSZW.json	https://horizon.stellar.org/accounts/GDG2H2JI47ZP5IYJSSHYDYQVASVKY4F2RGYYDC7KG5YGP53S4DGSQSZW/operations?order=asc&limit=1
GDGBVCMWGWP3RPX4DJWTMQSAANGFWCAYOYHKBN5JOUN7WDDTPIGRLOW7	2026-08-31T16:54:39Z	2026-08-31T16:54:40Z	200	634b5ed9c2f62ecbbbcf0bdf748d87be6b0c28ca5616a22f5f314e1ed6d1aa54	accounts/GDGBVCMWGWP3RPX4DJWTMQSAANGFWCAYOYHKBN5JOUN7WDDTPIGRLOW7.json	https://horizon.stellar.org/accounts/GDGBVCMWGWP3RPX4DJWTMQSAANGFWCAYOYHKBN5JOUN7WDDTPIGRLOW7/operations?order=asc&limit=1
GDGCKKPOSDVSC2Z7VUNUBC72A7LDEI2W26RZHUCXSGU4YY4UNOWYHOKG	2026-08-31T16:54:41Z	2026-08-31T16:54:42Z	200	f8b99c9aeb8faf632f6e37471930853a9aa9339f35ed6fa0ec41b93e8acb6f1e	accounts/GDGCKKPOSDVSC2Z7VUNUBC72A7LDEI2W26RZHUCXSGU4YY4UNOWYHOKG.json	https://horizon.stellar.org/accounts/GDGCKKPOSDVSC2Z7VUNUBC72A7LDEI2W26RZHUCXSGU4YY4UNOWYHOKG/operations?order=asc&limit=1
GDGEKTSK55RLTI3T7S5IFL37G2EBDTJ3NFDNDGQLNNSAIK4FJRTVCWEZ	2026-08-31T16:54:42Z	2026-08-31T16:54:43Z	200	21db06b889e618fdb268a584395a6fe31c9774e8506a92df7d42d68da6e4c2de	accounts/GDGEKTSK55RLTI3T7S5IFL37G2EBDTJ3NFDNDGQLNNSAIK4FJRTVCWEZ.json	https://horizon.stellar.org/accounts/GDGEKTSK55RLTI3T7S5IFL37G2EBDTJ3NFDNDGQLNNSAIK4FJRTVCWEZ/operations?order=asc&limit=1
GDGGRNZWCALK3US2SNQQET2ID3DO6LW2J2GANJ5VB4KWHHRZVA5YBUB4	2026-08-31T16:54:44Z	2026-08-31T16:54:45Z	200	e280b1416ca33119b6c8ce0ec160c0d544e176ebd258d2f220cf80090dd21be1	accounts/GDGGRNZWCALK3US2SNQQET2ID3DO6LW2J2GANJ5VB4KWHHRZVA5YBUB4.json	https://horizon.stellar.org/accounts/GDGGRNZWCALK3US2SNQQET2ID3DO6LW2J2GANJ5VB4KWHHRZVA5YBUB4/operations?order=asc&limit=1
GDGSUS32YRTG3G4JNWD6LNDHWA2PIKWFIM6KRONC7KGWBVLS7MRXMRO2	2026-08-31T16:54:45Z	2026-08-31T16:54:46Z	200	556b8c94089d417145b21b2be083f2426ccbe026455daf7cc123f40feb3e8b24	accounts/GDGSUS32YRTG3G4JNWD6LNDHWA2PIKWFIM6KRONC7KGWBVLS7MRXMRO2.json	https://horizon.stellar.org/accounts/GDGSUS32YRTG3G4JNWD6LNDHWA2PIKWFIM6KRONC7KGWBVLS7MRXMRO2/operations?order=asc&limit=1
GDH5LSCPFOCK3DVBONZTA4S5Z76CDAODGLYE3RM4NDHRRWW4AHH7SLAK	2026-08-31T16:54:46Z	2026-08-31T16:54:48Z	200	6f800bab83d227746ad8128bcecb9c46ed759529170e847c13b725a10c884e42	accounts/GDH5LSCPFOCK3DVBONZTA4S5Z76CDAODGLYE3RM4NDHRRWW4AHH7SLAK.json	https://horizon.stellar.org/accounts/GDH5LSCPFOCK3DVBONZTA4S5Z76CDAODGLYE3RM4NDHRRWW4AHH7SLAK/operations?order=asc&limit=1
GDHRCQNC64UVL27EXSC6OG6I2FCT4NWM72KNHLHKEB3LK4MEEYYWETN3	2026-08-31T16:54:48Z	2026-08-31T16:54:49Z	200	77004a69dbfb68f8d843926de98d44c1ae77de3ad694852eba3884cb323b08c9	accounts/GDHRCQNC64UVL27EXSC6OG6I2FCT4NWM72KNHLHKEB3LK4MEEYYWETN3.json	https://horizon.stellar.org/accounts/GDHRCQNC64UVL27EXSC6OG6I2FCT4NWM72KNHLHKEB3LK4MEEYYWETN3/operations?order=asc&limit=1
GDHWLJMTITTTEDD56N3NDM5INS6RRN4QMEV2SWKEOFKJC3DUKTQZAKSU	2026-08-31T16:54:49Z	2026-08-31T16:54:50Z	200	be3c5371e57ca61d1b0fd4c3c2459599e368fd66a0779640fe46d6779cdaf9cf	accounts/GDHWLJMTITTTEDD56N3NDM5INS6RRN4QMEV2SWKEOFKJC3DUKTQZAKSU.json	https://horizon.stellar.org/accounts/GDHWLJMTITTTEDD56N3NDM5INS6RRN4QMEV2SWKEOFKJC3DUKTQZAKSU/operations?order=asc&limit=1
GDI2H72ANMCQMQU2QSZPR5IRED2JZVZFIZO4ODNANIXHDQ7EYTCDGWOY	2026-08-31T16:54:51Z	2026-08-31T16:54:52Z	200	5fdc2f24505e395ed892fdd819339eb76b07c006bf1373da7a4d23206f08611d	accounts/GDI2H72ANMCQMQU2QSZPR5IRED2JZVZFIZO4ODNANIXHDQ7EYTCDGWOY.json	https://horizon.stellar.org/accounts/GDI2H72ANMCQMQU2QSZPR5IRED2JZVZFIZO4ODNANIXHDQ7EYTCDGWOY/operations?order=asc&limit=1
GDIADPPBZARYSHWXL3CVKYRIUXZSQW2HNRD5OGVROZQYMNCWX6WQ5HMM	2026-08-31T16:54:52Z	2026-08-31T16:54:53Z	200	bdc7b672248f0a0ebd4c51d35b3e5eba68dba0d85058b9d8be6c777ac13b2b50	accounts/GDIADPPBZARYSHWXL3CVKYRIUXZSQW2HNRD5OGVROZQYMNCWX6WQ5HMM.json	https://horizon.stellar.org/accounts/GDIADPPBZARYSHWXL3CVKYRIUXZSQW2HNRD5OGVROZQYMNCWX6WQ5HMM/operations?order=asc&limit=1
GDIZBVYOSQDIC3ALLHTLEGXZO4FK5D37JFNI3SEXOM674ORQBJENNJIT	2026-08-31T16:54:53Z	2026-08-31T16:54:55Z	200	dd4db49a41b28d55794175ce90cfa773929da02085c81b01f77676531be3e379	accounts/GDIZBVYOSQDIC3ALLHTLEGXZO4FK5D37JFNI3SEXOM674ORQBJENNJIT.json	https://horizon.stellar.org/accounts/GDIZBVYOSQDIC3ALLHTLEGXZO4FK5D37JFNI3SEXOM674ORQBJENNJIT/operations?order=asc&limit=1
GDJ22UQUG5D4FG4FXNCB7TOTF3T5KOFWR7AVNXQTA3JGJAUTXEJD26OA	2026-08-31T16:54:55Z	2026-08-31T16:54:56Z	200	8f95ee2defbf4d5cac32bdf675e2df8c288d6aa8a7c78dd38b83b62d0654b8fb	accounts/GDJ22UQUG5D4FG4FXNCB7TOTF3T5KOFWR7AVNXQTA3JGJAUTXEJD26OA.json	https://horizon.stellar.org/accounts/GDJ22UQUG5D4FG4FXNCB7TOTF3T5KOFWR7AVNXQTA3JGJAUTXEJD26OA/operations?order=asc&limit=1
GDJNDIB5I2M4RVLFVSNOOAX2AXWTKAU7JXVBVWE744G4AHQLZVX6FTQD	2026-08-31T16:54:56Z	2026-08-31T16:54:57Z	200	5b81c2ebde4336b9417ece7570352acadfaf4333634a8b092ec1faeee356949d	accounts/GDJNDIB5I2M4RVLFVSNOOAX2AXWTKAU7JXVBVWE744G4AHQLZVX6FTQD.json	https://horizon.stellar.org/accounts/GDJNDIB5I2M4RVLFVSNOOAX2AXWTKAU7JXVBVWE744G4AHQLZVX6FTQD/operations?order=asc&limit=1
GDJSH2NU2WF6J4P5DL4522DUCABWSTZOKFQ7BHBCFYQ3QKC6FRYWP6OL	2026-08-31T16:54:58Z	2026-08-31T16:54:59Z	200	489d67629b889bdd6f5c7832541bfe07a0f69fb62569b1abcaed5c9d90bdfc0b	accounts/GDJSH2NU2WF6J4P5DL4522DUCABWSTZOKFQ7BHBCFYQ3QKC6FRYWP6OL.json	https://horizon.stellar.org/accounts/GDJSH2NU2WF6J4P5DL4522DUCABWSTZOKFQ7BHBCFYQ3QKC6FRYWP6OL/operations?order=asc&limit=1
GDJSHJALTU3W5C6DZTHO5XH3LCPNPCKQSBA5K7AKTUQWGEQJ5XL3JKXT	2026-08-31T16:54:59Z	2026-08-31T16:55:00Z	200	9683e0e1f8a1ebf2d42633ad6cc4bc3477906603336ed051334eebc8c8608f5e	accounts/GDJSHJALTU3W5C6DZTHO5XH3LCPNPCKQSBA5K7AKTUQWGEQJ5XL3JKXT.json	https://horizon.stellar.org/accounts/GDJSHJALTU3W5C6DZTHO5XH3LCPNPCKQSBA5K7AKTUQWGEQJ5XL3JKXT/operations?order=asc&limit=1
GDJXD42BGRRN336UDRG6MHI5LK4RO2LUJROE3GDQMJ7RPPBS2JNJOO7C	2026-08-31T16:55:00Z	2026-08-31T16:55:01Z	200	b948c1f1d8cd4d82feaae5cbea5c5b65a752a16518d920b9bed8087f3ac3fb1c	accounts/GDJXD42BGRRN336UDRG6MHI5LK4RO2LUJROE3GDQMJ7RPPBS2JNJOO7C.json	https://horizon.stellar.org/accounts/GDJXD42BGRRN336UDRG6MHI5LK4RO2LUJROE3GDQMJ7RPPBS2JNJOO7C/operations?order=asc&limit=1
GDKE26ECWHBKAEUZ2HHZ7WLS4OEWSIKKXKEIGPFOZBJLJG7QOUYP6726	2026-08-31T16:55:02Z	2026-08-31T16:55:03Z	200	2e5f58e3c4168514bdf9a0b1b8c79e140397f93bfa3b2edd782a77494507d6a8	accounts/GDKE26ECWHBKAEUZ2HHZ7WLS4OEWSIKKXKEIGPFOZBJLJG7QOUYP6726.json	https://horizon.stellar.org/accounts/GDKE26ECWHBKAEUZ2HHZ7WLS4OEWSIKKXKEIGPFOZBJLJG7QOUYP6726/operations?order=asc&limit=1
GDKEPDOQHJGMUW53OA2GIITADF4OS3WOWN42YQD4UGBSBILAZ6HBXEXG	2026-08-31T16:55:03Z	2026-08-31T16:55:04Z	200	e4a0588830288912ac7bae4060c7660c3bde22d95dc3a3880c56c3d62dbcb9b4	accounts/GDKEPDOQHJGMUW53OA2GIITADF4OS3WOWN42YQD4UGBSBILAZ6HBXEXG.json	https://horizon.stellar.org/accounts/GDKEPDOQHJGMUW53OA2GIITADF4OS3WOWN42YQD4UGBSBILAZ6HBXEXG/operations?order=asc&limit=1
GDKET3IZMV2ZAM4CIWSWWFOTLWDSHIR7NJBHZOWXGZA7C35D4W7BLK7W	2026-08-31T16:55:05Z	2026-08-31T16:55:06Z	200	38e81aeb07b5ccc4454f84e306d25f58ae7cfb828f10046c327132f88345fc38	accounts/GDKET3IZMV2ZAM4CIWSWWFOTLWDSHIR7NJBHZOWXGZA7C35D4W7BLK7W.json	https://horizon.stellar.org/accounts/GDKET3IZMV2ZAM4CIWSWWFOTLWDSHIR7NJBHZOWXGZA7C35D4W7BLK7W/operations?order=asc&limit=1
GDKXS7XDDZJ23R7WBMQUKZBK3OXVDTTZKNJQ6MWECWFU5FSKPU53WQTH	2026-08-31T16:55:06Z	2026-08-31T16:55:07Z	200	9de354518344acf4ed27c4ff6b0b34a3101de80c11f74e163d711e026bb8dc94	accounts/GDKXS7XDDZJ23R7WBMQUKZBK3OXVDTTZKNJQ6MWECWFU5FSKPU53WQTH.json	https://horizon.stellar.org/accounts/GDKXS7XDDZJ23R7WBMQUKZBK3OXVDTTZKNJQ6MWECWFU5FSKPU53WQTH/operations?order=asc&limit=1
GDL75PXBUUMD43KPEMAIVHJVP2KG3EQCPJ3NYKK444M55FXAD6RKOZCJ	2026-08-31T16:55:07Z	2026-08-31T16:55:09Z	200	4ee9ef8f62f875f4e103b21078fb5f9b96ff0190348ae889279d8bbfe60c2d80	accounts/GDL75PXBUUMD43KPEMAIVHJVP2KG3EQCPJ3NYKK444M55FXAD6RKOZCJ.json	https://horizon.stellar.org/accounts/GDL75PXBUUMD43KPEMAIVHJVP2KG3EQCPJ3NYKK444M55FXAD6RKOZCJ/operations?order=asc&limit=1
GDLB5FHTCH2BF3GKNJUNAXDBU753EHHMIDBGWMKZJ3OKAHALWLCM7JZN	2026-08-31T16:55:09Z	2026-08-31T16:55:10Z	200	fac312a5ccfbeaf2c91cc5ae11e2c04c7863fb50c229165f756d77765f80cc27	accounts/GDLB5FHTCH2BF3GKNJUNAXDBU753EHHMIDBGWMKZJ3OKAHALWLCM7JZN.json	https://horizon.stellar.org/accounts/GDLB5FHTCH2BF3GKNJUNAXDBU753EHHMIDBGWMKZJ3OKAHALWLCM7JZN/operations?order=asc&limit=1
GDLPR3HFGF5HZ2Z6QOY3NOIBWZXPAW36FU2KE6ZSYKORGTGLNF7XJV7I	2026-08-31T16:55:10Z	2026-08-31T16:55:11Z	200	da9900da93a62727793ffd94dd383fc9c473df5dce96503948173bdc8d3958f6	accounts/GDLPR3HFGF5HZ2Z6QOY3NOIBWZXPAW36FU2KE6ZSYKORGTGLNF7XJV7I.json	https://horizon.stellar.org/accounts/GDLPR3HFGF5HZ2Z6QOY3NOIBWZXPAW36FU2KE6ZSYKORGTGLNF7XJV7I/operations?order=asc&limit=1
GDM22NKY7E67YQ25HDWZFQCNN3XUITQDXAWC5RAIUTCEJUQMJRNW5DHK	2026-08-31T16:55:12Z	2026-08-31T16:55:13Z	200	bac477dda59de3bdfead084c440b468ae7aa438a69267fcbe0844bf0bbdc6a5e	accounts/GDM22NKY7E67YQ25HDWZFQCNN3XUITQDXAWC5RAIUTCEJUQMJRNW5DHK.json	https://horizon.stellar.org/accounts/GDM22NKY7E67YQ25HDWZFQCNN3XUITQDXAWC5RAIUTCEJUQMJRNW5DHK/operations?order=asc&limit=1
GDMB47ZXUVS6KGX2AORUSQ7JSISRNJ77TYI7GOG5P366VI2GX6OCW6FN	2026-08-31T16:55:13Z	2026-08-31T16:55:14Z	200	ade95d14154cd4654777ede3556f20d686a1532093ab60c03243c110e680c4c4	accounts/GDMB47ZXUVS6KGX2AORUSQ7JSISRNJ77TYI7GOG5P366VI2GX6OCW6FN.json	https://horizon.stellar.org/accounts/GDMB47ZXUVS6KGX2AORUSQ7JSISRNJ77TYI7GOG5P366VI2GX6OCW6FN/operations?order=asc&limit=1
GDNSNV5Q6IESDEFXERF3X6PUMGTC3ISAYXN2RIK6IKKE54FQGNHCXYBS	2026-08-31T16:55:14Z	2026-08-31T16:55:15Z	200	30dc0b32a03f8289fc9bdfa25bb4f5e36c845deacc97d787d922653ed1e57c69	accounts/GDNSNV5Q6IESDEFXERF3X6PUMGTC3ISAYXN2RIK6IKKE54FQGNHCXYBS.json	https://horizon.stellar.org/accounts/GDNSNV5Q6IESDEFXERF3X6PUMGTC3ISAYXN2RIK6IKKE54FQGNHCXYBS/operations?order=asc&limit=1
GDNSP5GYE27CESNP57HETU4DK7XOPCF6TDLPCAPAM6KDDE47LBSGNWJ7	2026-08-31T16:55:16Z	2026-08-31T16:55:17Z	200	a2221960ad0dd6e722fb5fd76be109d9bda95afc6520b0c1ce023de20f57bf19	accounts/GDNSP5GYE27CESNP57HETU4DK7XOPCF6TDLPCAPAM6KDDE47LBSGNWJ7.json	https://horizon.stellar.org/accounts/GDNSP5GYE27CESNP57HETU4DK7XOPCF6TDLPCAPAM6KDDE47LBSGNWJ7/operations?order=asc&limit=1
GDNWVMBLSDQXMRWSPFDDO2QPO7Q4Q4S7FOFYZXJDDYJR2YF5HTB6AOAD	2026-08-31T16:55:17Z	2026-08-31T16:55:18Z	200	830cf6ad6ed99611b9d96b88fad59c5c0873c88e220fe4a12790eca84c9baa40	accounts/GDNWVMBLSDQXMRWSPFDDO2QPO7Q4Q4S7FOFYZXJDDYJR2YF5HTB6AOAD.json	https://horizon.stellar.org/accounts/GDNWVMBLSDQXMRWSPFDDO2QPO7Q4Q4S7FOFYZXJDDYJR2YF5HTB6AOAD/operations?order=asc&limit=1
GDNYRSBVUEGBUFPORYLWM2YE4IVLYTQPZKVSZ6GXZWQWSE373S3272DM	2026-08-31T16:55:18Z	2026-08-31T16:55:19Z	200	16672eff26c3cad511091110da60988866cbe85536065dcb042ffc9a36db1ba7	accounts/GDNYRSBVUEGBUFPORYLWM2YE4IVLYTQPZKVSZ6GXZWQWSE373S3272DM.json	https://horizon.stellar.org/accounts/GDNYRSBVUEGBUFPORYLWM2YE4IVLYTQPZKVSZ6GXZWQWSE373S3272DM/operations?order=asc&limit=1
GDO3VQPTZETBGYGRHJHAS3NJ7VDSOMZSXLZSRX5GLHOYZ7L4TXK26443	2026-08-31T16:55:20Z	2026-08-31T16:55:21Z	200	69e8d2f92ee8049f14418ed618b66b842fabdfb6df7684958b0638869a285225	accounts/GDO3VQPTZETBGYGRHJHAS3NJ7VDSOMZSXLZSRX5GLHOYZ7L4TXK26443.json	https://horizon.stellar.org/accounts/GDO3VQPTZETBGYGRHJHAS3NJ7VDSOMZSXLZSRX5GLHOYZ7L4TXK26443/operations?order=asc&limit=1
GDOMSKKO7BDNCALX5AIBMJDU5QA6D6I734MCTMT37M25W2I7R6ZR2T6B	2026-08-31T16:55:21Z	2026-08-31T16:55:22Z	200	b064cdc4dabccc4b5e80e63c175197b9b725c403c8ab29ed5365628ddfd53af9	accounts/GDOMSKKO7BDNCALX5AIBMJDU5QA6D6I734MCTMT37M25W2I7R6ZR2T6B.json	https://horizon.stellar.org/accounts/GDOMSKKO7BDNCALX5AIBMJDU5QA6D6I734MCTMT37M25W2I7R6ZR2T6B/operations?order=asc&limit=1
GDOR3HJV7N4GXETITJISPP2GYZU3BZLSJNMM23JF2ZYI544SWYLEYVXE	2026-08-31T16:55:22Z	2026-08-31T16:55:23Z	200	3a42b3d8af201b818a413498a9923fa0117775f0c93c2dd603f88ca920a9f7e7	accounts/GDOR3HJV7N4GXETITJISPP2GYZU3BZLSJNMM23JF2ZYI544SWYLEYVXE.json	https://horizon.stellar.org/accounts/GDOR3HJV7N4GXETITJISPP2GYZU3BZLSJNMM23JF2ZYI544SWYLEYVXE/operations?order=asc&limit=1
GDP4BEOE7ET5SD7TM34PGOMUKYP46IEREFTGWXZWSVHSU4I4ZDYTTBXW	2026-08-31T16:55:24Z	2026-08-31T16:55:25Z	200	742fcab759a7f16321cb00c79b294214e00e62243d10336e589bded5f80de63d	accounts/GDP4BEOE7ET5SD7TM34PGOMUKYP46IEREFTGWXZWSVHSU4I4ZDYTTBXW.json	https://horizon.stellar.org/accounts/GDP4BEOE7ET5SD7TM34PGOMUKYP46IEREFTGWXZWSVHSU4I4ZDYTTBXW/operations?order=asc&limit=1
GDPUXTAOM6WKXWYQAJIIZL6OMTEOICZHK2XAJV5WS26S3LLVYHY4PRPA	2026-08-31T16:55:26Z	2026-08-31T16:55:27Z	200	602a34519c978e8d69c1fa54ed4b1b7e7c214a3c582f0444c35214d63bad10dd	accounts/GDPUXTAOM6WKXWYQAJIIZL6OMTEOICZHK2XAJV5WS26S3LLVYHY4PRPA.json	https://horizon.stellar.org/accounts/GDPUXTAOM6WKXWYQAJIIZL6OMTEOICZHK2XAJV5WS26S3LLVYHY4PRPA/operations?order=asc&limit=1
GDPXUSYCGIFQOJH3Y33LKEUXJLUR3NRYCIGLAOC2EJ45OKWSUTKXO27W	2026-08-31T16:55:27Z	2026-08-31T16:55:28Z	200	21a3bd6304dd76b3a710d6560d349d759890e1579b397aad75624c5b6b436842	accounts/GDPXUSYCGIFQOJH3Y33LKEUXJLUR3NRYCIGLAOC2EJ45OKWSUTKXO27W.json	https://horizon.stellar.org/accounts/GDPXUSYCGIFQOJH3Y33LKEUXJLUR3NRYCIGLAOC2EJ45OKWSUTKXO27W/operations?order=asc&limit=1
GDQ5GQXIVGMGR7UUOVM4AIQEYJVNY2VXKJYAJMMFGL4FEEYUOJMURJSD	2026-08-31T16:55:28Z	2026-08-31T16:55:29Z	200	3ecd397f6896f030b0bd94e97a41c7eacc2ed731e72865ebf80c0fc03e14cbf5	accounts/GDQ5GQXIVGMGR7UUOVM4AIQEYJVNY2VXKJYAJMMFGL4FEEYUOJMURJSD.json	https://horizon.stellar.org/accounts/GDQ5GQXIVGMGR7UUOVM4AIQEYJVNY2VXKJYAJMMFGL4FEEYUOJMURJSD/operations?order=asc&limit=1
GDQ5NI3ZHOO432WDSYDYMCBF5HBIMVVOCANWDAYBC7YM7VF2SRJV2VAD	2026-08-31T16:55:30Z	2026-08-31T16:55:31Z	200	c071ef1839ffb2fdb5dac025171a7a4e900e1ecb76c054b776670be7403c0707	accounts/GDQ5NI3ZHOO432WDSYDYMCBF5HBIMVVOCANWDAYBC7YM7VF2SRJV2VAD.json	https://horizon.stellar.org/accounts/GDQ5NI3ZHOO432WDSYDYMCBF5HBIMVVOCANWDAYBC7YM7VF2SRJV2VAD/operations?order=asc&limit=1
GDQIV7JNLJTDFJGVDQS2UK77VUM7LR6VYNQZQQCCZUTYC76TAZMBX64V	2026-08-31T16:55:31Z	2026-08-31T16:55:32Z	200	ddca8fdd3efa4bfef6a2ccf6582b0cacfd091547254cf4cab73c959f2d2a669f	accounts/GDQIV7JNLJTDFJGVDQS2UK77VUM7LR6VYNQZQQCCZUTYC76TAZMBX64V.json	https://horizon.stellar.org/accounts/GDQIV7JNLJTDFJGVDQS2UK77VUM7LR6VYNQZQQCCZUTYC76TAZMBX64V/operations?order=asc&limit=1
GDQOIHLHKQ7T47TSTGOICGFSAVVQOHP5YU4LIHVIMVI56NO2TV3GKVBU	2026-08-31T16:55:33Z	2026-08-31T16:55:34Z	200	f364edffda3418dba2dd2f37cd9b3bfed38f515635a127a5c32ba675d6632d20	accounts/GDQOIHLHKQ7T47TSTGOICGFSAVVQOHP5YU4LIHVIMVI56NO2TV3GKVBU.json	https://horizon.stellar.org/accounts/GDQOIHLHKQ7T47TSTGOICGFSAVVQOHP5YU4LIHVIMVI56NO2TV3GKVBU/operations?order=asc&limit=1
GDQY3T2ZJXVGV23R32AIHKPC2RLMMYSEK3EGRZ4MA2CYEGXHE63BLEND	2026-08-31T16:55:34Z	2026-08-31T16:55:35Z	200	8fd592614da86cf380b886f0f0743a75102324fddb7e5303d3cc302e6e724d23	accounts/GDQY3T2ZJXVGV23R32AIHKPC2RLMMYSEK3EGRZ4MA2CYEGXHE63BLEND.json	https://horizon.stellar.org/accounts/GDQY3T2ZJXVGV23R32AIHKPC2RLMMYSEK3EGRZ4MA2CYEGXHE63BLEND/operations?order=asc&limit=1
GDR423VLLSYER6G4PHXCB2WCJCTKIHBRCT65XXDHF3PN3UVFGFGJUD4D	2026-08-31T16:55:36Z	2026-08-31T16:55:37Z	200	6843ce847488dd037545083fbccc95881f7fee9eb7f366ba962c314c46529541	accounts/GDR423VLLSYER6G4PHXCB2WCJCTKIHBRCT65XXDHF3PN3UVFGFGJUD4D.json	https://horizon.stellar.org/accounts/GDR423VLLSYER6G4PHXCB2WCJCTKIHBRCT65XXDHF3PN3UVFGFGJUD4D/operations?order=asc&limit=1
GDRBXAIQW7XHQNX7KOG7KP6GVWCZC42LJAALJ3GF3PENW2I6T65HA34K	2026-08-31T16:55:37Z	2026-08-31T16:55:38Z	200	669311a526cb3f1459028cd3383fba535e751437ab9c5ef5231126ae0c587fcf	accounts/GDRBXAIQW7XHQNX7KOG7KP6GVWCZC42LJAALJ3GF3PENW2I6T65HA34K.json	https://horizon.stellar.org/accounts/GDRBXAIQW7XHQNX7KOG7KP6GVWCZC42LJAALJ3GF3PENW2I6T65HA34K/operations?order=asc&limit=1
GDRHJ5WDL46YYTVWALMCA3O3S6SIJEROWKNFE4YOGP7VDSTDXOOXZ5N7	2026-08-31T16:55:38Z	2026-08-31T16:55:40Z	200	33edd3f4f69065c51735da35984d42c761aae9e814350193449b6631439c3e83	accounts/GDRHJ5WDL46YYTVWALMCA3O3S6SIJEROWKNFE4YOGP7VDSTDXOOXZ5N7.json	https://horizon.stellar.org/accounts/GDRHJ5WDL46YYTVWALMCA3O3S6SIJEROWKNFE4YOGP7VDSTDXOOXZ5N7/operations?order=asc&limit=1
GDRJFZX4E4ES5KQ2XZRYR4MDDQCF7VV6VCG3XLAKO3ANHLO4A75S3CWR	2026-08-31T16:55:40Z	2026-08-31T16:55:41Z	200	a9e4f5f4c425d9d2736c60f1833f569a5fa2dc6f8937ebc2cc0153d4144d33eb	accounts/GDRJFZX4E4ES5KQ2XZRYR4MDDQCF7VV6VCG3XLAKO3ANHLO4A75S3CWR.json	https://horizon.stellar.org/accounts/GDRJFZX4E4ES5KQ2XZRYR4MDDQCF7VV6VCG3XLAKO3ANHLO4A75S3CWR/operations?order=asc&limit=1
GDRMSSXY362ILYXIEJBUM4EUTSUP7CNJIELLGVN7NXQBBLPE3DAAAY6E	2026-08-31T16:55:41Z	2026-08-31T16:55:42Z	200	3f362914cd433a6b48f9996c2caf356ba1ee6506c9f6d147efac848c97ac1e11	accounts/GDRMSSXY362ILYXIEJBUM4EUTSUP7CNJIELLGVN7NXQBBLPE3DAAAY6E.json	https://horizon.stellar.org/accounts/GDRMSSXY362ILYXIEJBUM4EUTSUP7CNJIELLGVN7NXQBBLPE3DAAAY6E/operations?order=asc&limit=1
GDRUZEOFPM35F3HIZKW67HEJUGGOTDFWLQ6U6RI55SPSH55CME7UH7RD	2026-08-31T16:55:43Z	2026-08-31T16:55:44Z	200	986bd4a3edec77f7503116732e2789b13dcdbd38b0bff9abde03884a0828a712	accounts/GDRUZEOFPM35F3HIZKW67HEJUGGOTDFWLQ6U6RI55SPSH55CME7UH7RD.json	https://horizon.stellar.org/accounts/GDRUZEOFPM35F3HIZKW67HEJUGGOTDFWLQ6U6RI55SPSH55CME7UH7RD/operations?order=asc&limit=1
GDS42IGGC7XCPOO24OSGM5WW6NXHWQAZ5NYPDHMMKLTEA7GOMDA5TP4Q	2026-08-31T16:55:44Z	2026-08-31T16:55:45Z	200	66f2f0389dd2291b3c9eaeea3dcaa87c8559b3a65fcefd62bbd00fde15a28174	accounts/GDS42IGGC7XCPOO24OSGM5WW6NXHWQAZ5NYPDHMMKLTEA7GOMDA5TP4Q.json	https://horizon.stellar.org/accounts/GDS42IGGC7XCPOO24OSGM5WW6NXHWQAZ5NYPDHMMKLTEA7GOMDA5TP4Q/operations?order=asc&limit=1
GDSANA2XZQJLPEWXKAF5XYOFYNJXCDQNFUJMW3EVGASIAXALG65YIHXC	2026-08-31T16:55:45Z	2026-08-31T16:55:47Z	200	3b538657087a1ef5417dbd46a01a157241f9d5affd50e375b3fb8637c0dbc1b3	accounts/GDSANA2XZQJLPEWXKAF5XYOFYNJXCDQNFUJMW3EVGASIAXALG65YIHXC.json	https://horizon.stellar.org/accounts/GDSANA2XZQJLPEWXKAF5XYOFYNJXCDQNFUJMW3EVGASIAXALG65YIHXC/operations?order=asc&limit=1
GDSQXAXL73522TU4AUQJ2JLW4BJKLAKLPTIKXWSSFDGTHUK5Y5WCMIDV	2026-08-31T16:55:47Z	2026-08-31T16:55:48Z	200	aaea272e92411da2ddfa732734bc67353ea792e260e98d5e3fabfce17467d160	accounts/GDSQXAXL73522TU4AUQJ2JLW4BJKLAKLPTIKXWSSFDGTHUK5Y5WCMIDV.json	https://horizon.stellar.org/accounts/GDSQXAXL73522TU4AUQJ2JLW4BJKLAKLPTIKXWSSFDGTHUK5Y5WCMIDV/operations?order=asc&limit=1
GDTLBATGFFP7BGOPHO7QPPQY5KHUWXLBLVRFR6LJPANKG2QQIY4V5X2O	2026-08-31T16:55:48Z	2026-08-31T16:55:49Z	200	0ec0ca55f65142fa644ecf110ea7b3d125c3cb3d5c3b3377b24f65eeb8033c09	accounts/GDTLBATGFFP7BGOPHO7QPPQY5KHUWXLBLVRFR6LJPANKG2QQIY4V5X2O.json	https://horizon.stellar.org/accounts/GDTLBATGFFP7BGOPHO7QPPQY5KHUWXLBLVRFR6LJPANKG2QQIY4V5X2O/operations?order=asc&limit=1
GDTLPW3OT45NMOLJKWS3LF6GUAP77Y27XJ4ZMDR7XLCUYSWD4M4Y6TLC	2026-08-31T16:55:49Z	2026-08-31T16:55:51Z	200	fa404fc28459c290a8f08a300d82eaac4ab2c9d4625c89d5854e72ed759f7878	accounts/GDTLPW3OT45NMOLJKWS3LF6GUAP77Y27XJ4ZMDR7XLCUYSWD4M4Y6TLC.json	https://horizon.stellar.org/accounts/GDTLPW3OT45NMOLJKWS3LF6GUAP77Y27XJ4ZMDR7XLCUYSWD4M4Y6TLC/operations?order=asc&limit=1
GDUAPYVJCK7IPTGFHQA7SG4FLILDLORB7ENGIKHPUKHFEWTKSSDKO4LE	2026-08-31T16:55:51Z	2026-08-31T16:55:52Z	200	b29a589a9dbd134add0f0fa5e2d54e754cb53eca105c51c004a23cc96dc0be48	accounts/GDUAPYVJCK7IPTGFHQA7SG4FLILDLORB7ENGIKHPUKHFEWTKSSDKO4LE.json	https://horizon.stellar.org/accounts/GDUAPYVJCK7IPTGFHQA7SG4FLILDLORB7ENGIKHPUKHFEWTKSSDKO4LE/operations?order=asc&limit=1
GDUCKO6IRUGX7HMECPX2TET6NX3HFG5G62IAEA66EFE26INWZH5SET7E	2026-08-31T16:55:52Z	2026-08-31T16:55:53Z	200	9789571c5c12054c1929d73b0823fe1dc504d81b7522a7ecebf8fb167c60215f	accounts/GDUCKO6IRUGX7HMECPX2TET6NX3HFG5G62IAEA66EFE26INWZH5SET7E.json	https://horizon.stellar.org/accounts/GDUCKO6IRUGX7HMECPX2TET6NX3HFG5G62IAEA66EFE26INWZH5SET7E/operations?order=asc&limit=1
GDVDZ2FKTOLZK4FZMEO2ZSMP5L3MYFJHF3KNJ6FK7GL3KQLSCX2CDUAN	2026-08-31T16:55:54Z	2026-08-31T16:55:55Z	200	b585b0520ffbbd1e1db432d5698a162fac6e3de7cc4297955ff99f253c97d837	accounts/GDVDZ2FKTOLZK4FZMEO2ZSMP5L3MYFJHF3KNJ6FK7GL3KQLSCX2CDUAN.json	https://horizon.stellar.org/accounts/GDVDZ2FKTOLZK4FZMEO2ZSMP5L3MYFJHF3KNJ6FK7GL3KQLSCX2CDUAN/operations?order=asc&limit=1
GDWC3UG65L4NKJDCQZXJF5JTBNQSM7ZBMMW4PIMGHARKGIKOFJJNMHXT	2026-08-31T16:55:55Z	2026-08-31T16:55:56Z	200	ffa10bd8b04918090abdbe723532c60dbb3133833b11cf677aace9cbb5a66fa1	accounts/GDWC3UG65L4NKJDCQZXJF5JTBNQSM7ZBMMW4PIMGHARKGIKOFJJNMHXT.json	https://horizon.stellar.org/accounts/GDWC3UG65L4NKJDCQZXJF5JTBNQSM7ZBMMW4PIMGHARKGIKOFJJNMHXT/operations?order=asc&limit=1
GDWLAIT6G3YHK7K6VZLLV6NRC2HRLQTUTUJPYCA46ZONRXO6YP5XNCP4	2026-08-31T16:55:56Z	2026-08-31T16:55:57Z	200	766e5e06f53ccf52007b703a4d777ad6ffa2606aba36c866dc42bab4f133366c	accounts/GDWLAIT6G3YHK7K6VZLLV6NRC2HRLQTUTUJPYCA46ZONRXO6YP5XNCP4.json	https://horizon.stellar.org/accounts/GDWLAIT6G3YHK7K6VZLLV6NRC2HRLQTUTUJPYCA46ZONRXO6YP5XNCP4/operations?order=asc&limit=1
GDWM7UKY3F6NCPIPKLNIM2MWBY5UNLBWYQLU4WSX2NVILOGHREKALJA5	2026-08-31T16:55:58Z	2026-08-31T16:55:59Z	200	0c889c8861384356053dfa1a8e44b43f4b63405a4737f2c351ee2e0298033304	accounts/GDWM7UKY3F6NCPIPKLNIM2MWBY5UNLBWYQLU4WSX2NVILOGHREKALJA5.json	https://horizon.stellar.org/accounts/GDWM7UKY3F6NCPIPKLNIM2MWBY5UNLBWYQLU4WSX2NVILOGHREKALJA5/operations?order=asc&limit=1
GDX26VLXLJ4VAPS3YBW6B2QMMTY62BAWPUSSZ3WZ4YAHYPX4ZSGXM3BH	2026-08-31T16:55:59Z	2026-08-31T16:56:00Z	200	423dcee5502310e32e56957d76b98612f7e98236ae67860da2fcb1de798e9032	accounts/GDX26VLXLJ4VAPS3YBW6B2QMMTY62BAWPUSSZ3WZ4YAHYPX4ZSGXM3BH.json	https://horizon.stellar.org/accounts/GDX26VLXLJ4VAPS3YBW6B2QMMTY62BAWPUSSZ3WZ4YAHYPX4ZSGXM3BH/operations?order=asc&limit=1
GDY4KZIR6ITUO47KKJJUMSETC5KM2PWS2JWCBKTT7Z5IOBP5P2A4O2OE	2026-08-31T16:56:00Z	2026-08-31T16:56:02Z	200	1d0d65c0f08c625658a938c16ac64542f34527a4bd59b4a83422e14f5286a421	accounts/GDY4KZIR6ITUO47KKJJUMSETC5KM2PWS2JWCBKTT7Z5IOBP5P2A4O2OE.json	https://horizon.stellar.org/accounts/GDY4KZIR6ITUO47KKJJUMSETC5KM2PWS2JWCBKTT7Z5IOBP5P2A4O2OE/operations?order=asc&limit=1
GDYRASRUQQRJZRITI7UFDQTSLWCISBBZWP4MLVCQ34G7GVM3K6KUSQKJ	2026-08-31T16:56:02Z	2026-08-31T16:56:03Z	200	2f831338af48ca1d5a7c0e08f7c79c9f56ad4fce4ad831de57745ce4fd2fbaf5	accounts/GDYRASRUQQRJZRITI7UFDQTSLWCISBBZWP4MLVCQ34G7GVM3K6KUSQKJ.json	https://horizon.stellar.org/accounts/GDYRASRUQQRJZRITI7UFDQTSLWCISBBZWP4MLVCQ34G7GVM3K6KUSQKJ/operations?order=asc&limit=1
GDYW7VLWZRN4FHVZTHWIP6FQT4Q4PF7TRCLUFLYN52S4423PHIJJ35GX	2026-08-31T16:56:03Z	2026-08-31T16:56:04Z	200	0bc0e162de5b1faf1f4e95c4ecec9ad57703474c7f2ebe9384bb58be7f048591	accounts/GDYW7VLWZRN4FHVZTHWIP6FQT4Q4PF7TRCLUFLYN52S4423PHIJJ35GX.json	https://horizon.stellar.org/accounts/GDYW7VLWZRN4FHVZTHWIP6FQT4Q4PF7TRCLUFLYN52S4423PHIJJ35GX/operations?order=asc&limit=1
GDZIQ3DABQBDTQDQB57XEHIZJVRQUHO25VYFTCH466BXTHPQV5JKL63L	2026-08-31T16:56:04Z	2026-08-31T16:56:06Z	200	85db937af282c359301b51461c3e073ec71fedb66a53f097979e5770342a7359	accounts/GDZIQ3DABQBDTQDQB57XEHIZJVRQUHO25VYFTCH466BXTHPQV5JKL63L.json	https://horizon.stellar.org/accounts/GDZIQ3DABQBDTQDQB57XEHIZJVRQUHO25VYFTCH466BXTHPQV5JKL63L/operations?order=asc&limit=1
GDZK4JBS567MWKLC7O3BIHDP4B2V2RPRBWDU2KML4CPVNIO3W3YXNOOT	2026-08-31T16:56:06Z	2026-08-31T16:56:07Z	200	22e2dfe76c62832e01b69b3b27ba8b3b40ed711ae6a0c14e111e9647b315572b	accounts/GDZK4JBS567MWKLC7O3BIHDP4B2V2RPRBWDU2KML4CPVNIO3W3YXNOOT.json	https://horizon.stellar.org/accounts/GDZK4JBS567MWKLC7O3BIHDP4B2V2RPRBWDU2KML4CPVNIO3W3YXNOOT/operations?order=asc&limit=1
GDZLW4Q7TJNBRK5PXKQUD5RGIWTYL3DAGS7CFAIXBYHIYSM6GLIAUGMY	2026-08-31T16:56:07Z	2026-08-31T16:56:08Z	200	e2ace48db05bab17cfff58c120080b83d7a12b73eb0218ab1c63675f3445e005	accounts/GDZLW4Q7TJNBRK5PXKQUD5RGIWTYL3DAGS7CFAIXBYHIYSM6GLIAUGMY.json	https://horizon.stellar.org/accounts/GDZLW4Q7TJNBRK5PXKQUD5RGIWTYL3DAGS7CFAIXBYHIYSM6GLIAUGMY/operations?order=asc&limit=1
GDZUN76I5RYAJNF4VYNKVYT3TLJDNVHZ4V7U4K7LEROUHSEXNPGYZJMD	2026-08-31T16:56:09Z	2026-08-31T16:56:10Z	200	e82182da225f0f71501c4df9d3243912cfd74913ce13450c124c7b3f806823f9	accounts/GDZUN76I5RYAJNF4VYNKVYT3TLJDNVHZ4V7U4K7LEROUHSEXNPGYZJMD.json	https://horizon.stellar.org/accounts/GDZUN76I5RYAJNF4VYNKVYT3TLJDNVHZ4V7U4K7LEROUHSEXNPGYZJMD/operations?order=asc&limit=1
