verdict,pair,ledger,recorded_bids,recorded_asks,rebuilt_bids,rebuilt_asks,levels_match,prices_match,amounts_match,risk_match,offers_carried,offers_changed_after_target,offers_gone_unresolved,requests,explanation,error,recording,methodology_version,recorded_at,rebuilt_at,elapsed_seconds
PARTIAL,XLM/USDC:GA5ZSEJYB37JRC5AVCIA5MOP4RHTM335X2KGX3IHOJAPP5RE34K4KZVN,64302069,200,200,723,1123,yes,no,yes,yes,4329,75,14,30,"bid 0 price differs: recorded 91987/499995, rebuilt 1830893/10000000",,recordings/ledgercount-2026-09-06/XLM.native-USDC.GA5ZSEJY/2026-09-06/64302069.json.gz,1.0.8-draft,2026-09-06T14:37:28Z,2026-09-06T14:42:28Z,300.005
PARTIAL,EURC:GDHU6WRG4IEQXM5NZ4BMPKOXHW76MZM4Y2IEMFDVXBSDP6SJY4ITNPP2/USDC:GA5ZSEJYB37JRC5AVCIA5MOP4RHTM335X2KGX3IHOJAPP5RE34K4KZVN,64302069,66,89,50,73,no,no,yes,no,132,34,2,6,"level counts differ: recorded 66 bid / 89 ask, rebuilt 50 bid / 73 ask",,recordings/ledgercount-2026-09-06/EURC.GDHU6WRG-USDC.GA5ZSEJY/2026-09-06/64302069.json.gz,1.0.8-draft,2026-09-06T14:37:28Z,2026-09-06T14:42:36Z,308.965
PARTIAL,PYUSD:GDQE7IXJ4HUHV6RQHIUPRJSEZE4DRS5WY577O2FY6YQ5LVWZ7JZTU2V5/USDC:GA5ZSEJYB37JRC5AVCIA5MOP4RHTM335X2KGX3IHOJAPP5RE34K4KZVN,64302069,23,17,21,11,no,no,yes,no,36,6,1,6,"level counts differ: recorded 23 bid / 17 ask, rebuilt 21 bid / 11 ask",,recordings/ledgercount-2026-09-06/PYUSD.GDQE7IXJ-USDC.GA5ZSEJY/2026-09-06/64302069.json.gz,1.0.8-draft,2026-09-06T14:37:29Z,2026-09-06T14:42:38Z,309.675
PARTIAL,AUDD:GDC7X2MXTYSAKUUGAIQ7J7RPEIM7GXSAIWFYWWH4GLNFECQVJJLB2EEU/USDC:GA5ZSEJYB37JRC5AVCIA5MOP4RHTM335X2KGX3IHOJAPP5RE34K4KZVN,64302069,11,5,8,5,no,no,yes,no,18,5,0,6,"level counts differ: recorded 11 bid / 5 ask, rebuilt 8 bid / 5 ask",,recordings/ledgercount-2026-09-06/AUDD.GDC7X2MX-USDC.GA5ZSEJY/2026-09-06/64302069.json.gz,1.0.8-draft,2026-09-06T14:37:30Z,2026-09-06T14:42:40Z,310.296
MATCH,ARST:GCSAZVWXZKWS4XS223M5F54H2B6XPIIXZZGP7KEAIU6YSL5HDRGCI3DG/USDC:GA5ZSEJYB37JRC5AVCIA5MOP4RHTM335X2KGX3IHOJAPP5RE34K4KZVN,64302069,6,23,6,23,yes,yes,yes,yes,30,0,0,5,,,recordings/ledgercount-2026-09-06/ARST.GCSAZVWX-USDC.GA5ZSEJY/2026-09-06/64302069.json.gz,1.0.8-draft,2026-09-06T14:37:30Z,2026-09-06T14:42:41Z,311.94
MATCH,BRL:GDVKY2GU2DRXWTBEYJJWSFXIGBZV6AZNBVVSUHEPZI54LIS6BA7DVVSP/USDC:GA5ZSEJYB37JRC5AVCIA5MOP4RHTM335X2KGX3IHOJAPP5RE34K4KZVN,64302069,35,5,35,5,yes,yes,yes,yes,41,0,0,6,,,recordings/ledgercount-2026-09-06/BRL.GDVKY2GU-USDC.GA5ZSEJY/2026-09-06/64302069.json.gz,1.0.8-draft,2026-09-06T14:37:31Z,2026-09-06T14:42:43Z,312.488
PARTIAL,AQUA:GBNZILSTVQZ4R7IKQDGHYGY2QXL5QOFJYQMXPKWRRM5PAV7Y4M67AQUA/USDC:GA5ZSEJYB37JRC5AVCIA5MOP4RHTM335X2KGX3IHOJAPP5RE34K4KZVN,64302069,55,200,55,307,yes,no,yes,yes,490,7,0,8,"ask 2 price differs: recorded 224679/644703013, rebuilt 697/2000000",,recordings/ledgercount-2026-09-06/AQUA.GBNZILST-USDC.GA5ZSEJY/2026-09-06/64302069.json.gz,1.0.8-draft,2026-09-06T14:37:31Z,2026-09-06T14:42:45Z,314.063
PARTIAL,USTRY:GCRYUGD5NVARGXT56XEZI5CIFCQETYHAPQQTHO2O3IQZTHDH4LATMYWC/USDC:GA5ZSEJYB37JRC5AVCIA5MOP4RHTM335X2KGX3IHOJAPP5RE34K4KZVN,64302069,15,11,14,10,no,no,yes,no,28,2,0,6,"level counts differ: recorded 15 bid / 11 ask, rebuilt 14 bid / 10 ask",,recordings/ledgercount-2026-09-06/USTRY.GCRYUGD5-USDC.GA5ZSEJY/2026-09-06/64302069.json.gz,1.0.8-draft,2026-09-06T14:37:32Z,2026-09-06T14:42:47Z,315.406
PARTIAL,XLM/USDC:GA5ZSEJYB37JRC5AVCIA5MOP4RHTM335X2KGX3IHOJAPP5RE34K4KZVN,64302090,200,200,736,1123,yes,no,yes,yes,4342,64,10,30,"bid 0 price differs: recorded 18388161/100000000, rebuilt 1830893/10000000",,recordings/ledgercount-2026-09-06/XLM.native-USDC.GA5ZSEJY/2026-09-06/64302090.json.gz,1.0.8-draft,2026-09-06T14:39:28Z,2026-09-06T14:44:28Z,300.003
PARTIAL,EURC:GDHU6WRG4IEQXM5NZ4BMPKOXHW76MZM4Y2IEMFDVXBSDP6SJY4ITNPP2/USDC:GA5ZSEJYB37JRC5AVCIA5MOP4RHTM335X2KGX3IHOJAPP5RE34K4KZVN,64302090,64,89,57,66,no,no,yes,no,132,34,2,6,"level counts differ: recorded 64 bid / 89 ask, rebuilt 57 bid / 66 ask",,recordings/ledgercount-2026-09-06/EURC.GDHU6WRG-USDC.GA5ZSEJY/2026-09-06/64302090.json.gz,1.0.8-draft,2026-09-06T14:39:29Z,2026-09-06T14:44:36Z,307.982
PARTIAL,PYUSD:GDQE7IXJ4HUHV6RQHIUPRJSEZE4DRS5WY577O2FY6YQ5LVWZ7JZTU2V5/USDC:GA5ZSEJYB37JRC5AVCIA5MOP4RHTM335X2KGX3IHOJAPP5RE34K4KZVN,64302090,23,16,21,11,no,no,yes,no,36,6,1,6,"level counts differ: recorded 23 bid / 16 ask, rebuilt 21 bid / 11 ask",,recordings/ledgercount-2026-09-06/PYUSD.GDQE7IXJ-USDC.GA5ZSEJY/2026-09-06/64302090.json.gz,1.0.8-draft,2026-09-06T14:39:30Z,2026-09-06T14:44:38Z,308.539
PARTIAL,AUDD:GDC7X2MXTYSAKUUGAIQ7J7RPEIM7GXSAIWFYWWH4GLNFECQVJJLB2EEU/USDC:GA5ZSEJYB37JRC5AVCIA5MOP4RHTM335X2KGX3IHOJAPP5RE34K4KZVN,64302091,11,5,8,5,no,no,yes,no,18,5,0,6,"level counts differ: recorded 11 bid / 5 ask, rebuilt 8 bid / 5 ask",,recordings/ledgercount-2026-09-06/AUDD.GDC7X2MX-USDC.GA5ZSEJY/2026-09-06/64302091.json.gz,1.0.8-draft,2026-09-06T14:39:30Z,2026-09-06T14:44:40Z,310.171
MATCH,ARST:GCSAZVWXZKWS4XS223M5F54H2B6XPIIXZZGP7KEAIU6YSL5HDRGCI3DG/USDC:GA5ZSEJYB37JRC5AVCIA5MOP4RHTM335X2KGX3IHOJAPP5RE34K4KZVN,64302091,6,23,6,23,yes,yes,yes,yes,30,0,0,5,,,recordings/ledgercount-2026-09-06/ARST.GCSAZVWX-USDC.GA5ZSEJY/2026-09-06/64302091.json.gz,1.0.8-draft,2026-09-06T14:39:31Z,2026-09-06T14:44:41Z,310.909
MATCH,BRL:GDVKY2GU2DRXWTBEYJJWSFXIGBZV6AZNBVVSUHEPZI54LIS6BA7DVVSP/USDC:GA5ZSEJYB37JRC5AVCIA5MOP4RHTM335X2KGX3IHOJAPP5RE34K4KZVN,64302091,35,5,35,5,yes,yes,yes,yes,41,0,0,6,,,recordings/ledgercount-2026-09-06/BRL.GDVKY2GU-USDC.GA5ZSEJY/2026-09-06/64302091.json.gz,1.0.8-draft,2026-09-06T14:39:32Z,2026-09-06T14:44:43Z,311.303
PARTIAL,AQUA:GBNZILSTVQZ4R7IKQDGHYGY2QXL5QOFJYQMXPKWRRM5PAV7Y4M67AQUA/USDC:GA5ZSEJYB37JRC5AVCIA5MOP4RHTM335X2KGX3IHOJAPP5RE34K4KZVN,64302091,55,200,53,291,no,no,yes,yes,472,26,0,8,"level counts differ: recorded 55 bid / 200 ask, rebuilt 53 bid / 291 ask (a recorded side is at the endpoint limit and is a prefix)",,recordings/ledgercount-2026-09-06/AQUA.GBNZILST-USDC.GA5ZSEJY/2026-09-06/64302091.json.gz,1.0.8-draft,2026-09-06T14:39:33Z,2026-09-06T14:44:44Z,311.875
PARTIAL,USTRY:GCRYUGD5NVARGXT56XEZI5CIFCQETYHAPQQTHO2O3IQZTHDH4LATMYWC/USDC:GA5ZSEJYB37JRC5AVCIA5MOP4RHTM335X2KGX3IHOJAPP5RE34K4KZVN,64302091,15,11,14,10,no,no,yes,no,28,2,0,6,"level counts differ: recorded 15 bid / 11 ask, rebuilt 14 bid / 10 ask",,recordings/ledgercount-2026-09-06/USTRY.GCRYUGD5-USDC.GA5ZSEJY/2026-09-06/64302091.json.gz,1.0.8-draft,2026-09-06T14:39:33Z,2026-09-06T14:44:47Z,314.074
PARTIAL,XLM/USDC:GA5ZSEJYB37JRC5AVCIA5MOP4RHTM335X2KGX3IHOJAPP5RE34K4KZVN,64302112,200,200,737,1134,yes,no,yes,yes,4353,54,21,31,"bid 0 price differs: recorded 184111/1000000, rebuilt 1830893/10000000",,recordings/ledgercount-2026-09-06/XLM.native-USDC.GA5ZSEJY/2026-09-06/64302112.json.gz,1.0.8-draft,2026-09-06T14:41:28Z,2026-09-06T14:46:28Z,300.004
PARTIAL,EURC:GDHU6WRG4IEQXM5NZ4BMPKOXHW76MZM4Y2IEMFDVXBSDP6SJY4ITNPP2/USDC:GA5ZSEJYB37JRC5AVCIA5MOP4RHTM335X2KGX3IHOJAPP5RE34K4KZVN,64302112,64,91,59,63,no,no,yes,no,131,32,4,6,"level counts differ: recorded 64 bid / 91 ask, rebuilt 59 bid / 63 ask",,recordings/ledgercount-2026-09-06/EURC.GDHU6WRG-USDC.GA5ZSEJY/2026-09-06/64302112.json.gz,1.0.8-draft,2026-09-06T14:41:29Z,2026-09-06T14:46:37Z,308.017
PARTIAL,PYUSD:GDQE7IXJ4HUHV6RQHIUPRJSEZE4DRS5WY577O2FY6YQ5LVWZ7JZTU2V5/USDC:GA5ZSEJYB37JRC5AVCIA5MOP4RHTM335X2KGX3IHOJAPP5RE34K4KZVN,64302112,22,17,20,11,no,no,yes,no,34,8,2,6,"level counts differ: recorded 22 bid / 17 ask, rebuilt 20 bid / 11 ask",,recordings/ledgercount-2026-09-06/PYUSD.GDQE7IXJ-USDC.GA5ZSEJY/2026-09-06/64302112.json.gz,1.0.8-draft,2026-09-06T14:41:30Z,2026-09-06T14:46:38Z,308.565
MATCH,AUDD:GDC7X2MXTYSAKUUGAIQ7J7RPEIM7GXSAIWFYWWH4GLNFECQVJJLB2EEU/USDC:GA5ZSEJYB37JRC5AVCIA5MOP4RHTM335X2KGX3IHOJAPP5RE34K4KZVN,64302112,11,5,11,5,yes,yes,yes,yes,23,0,0,6,,,recordings/ledgercount-2026-09-06/AUDD.GDC7X2MX-USDC.GA5ZSEJY/2026-09-06/64302112.json.gz,1.0.8-draft,2026-09-06T14:41:30Z,2026-09-06T14:46:40Z,310.443
MATCH,ARST:GCSAZVWXZKWS4XS223M5F54H2B6XPIIXZZGP7KEAIU6YSL5HDRGCI3DG/USDC:GA5ZSEJYB37JRC5AVCIA5MOP4RHTM335X2KGX3IHOJAPP5RE34K4KZVN,64302112,6,23,6,23,yes,yes,yes,yes,30,0,0,5,,,recordings/ledgercount-2026-09-06/ARST.GCSAZVWX-USDC.GA5ZSEJY/2026-09-06/64302112.json.gz,1.0.8-draft,2026-09-06T14:41:31Z,2026-09-06T14:46:42Z,311.155
MATCH,BRL:GDVKY2GU2DRXWTBEYJJWSFXIGBZV6AZNBVVSUHEPZI54LIS6BA7DVVSP/USDC:GA5ZSEJYB37JRC5AVCIA5MOP4RHTM335X2KGX3IHOJAPP5RE34K4KZVN,64302112,35,5,35,5,yes,yes,yes,yes,41,0,0,5,,,recordings/ledgercount-2026-09-06/BRL.GDVKY2GU-USDC.GA5ZSEJY/2026-09-06/64302112.json.gz,1.0.8-draft,2026-09-06T14:41:31Z,2026-09-06T14:46:43Z,312.579
PARTIAL,AQUA:GBNZILSTVQZ4R7IKQDGHYGY2QXL5QOFJYQMXPKWRRM5PAV7Y4M67AQUA/USDC:GA5ZSEJYB37JRC5AVCIA5MOP4RHTM335X2KGX3IHOJAPP5RE34K4KZVN,64302112,55,200,45,291,no,no,yes,yes,464,30,0,8,"level counts differ: recorded 55 bid / 200 ask, rebuilt 45 bid / 291 ask (a recorded side is at the endpoint limit and is a prefix)",,recordings/ledgercount-2026-09-06/AQUA.GBNZILST-USDC.GA5ZSEJY/2026-09-06/64302112.json.gz,1.0.8-draft,2026-09-06T14:41:32Z,2026-09-06T14:46:44Z,312.942
PARTIAL,USTRY:GCRYUGD5NVARGXT56XEZI5CIFCQETYHAPQQTHO2O3IQZTHDH4LATMYWC/USDC:GA5ZSEJYB37JRC5AVCIA5MOP4RHTM335X2KGX3IHOJAPP5RE34K4KZVN,64302112,15,11,14,10,no,no,yes,no,28,2,0,6,"level counts differ: recorded 15 bid / 11 ask, rebuilt 14 bid / 10 ask",,recordings/ledgercount-2026-09-06/USTRY.GCRYUGD5-USDC.GA5ZSEJY/2026-09-06/64302112.json.gz,1.0.8-draft,2026-09-06T14:41:33Z,2026-09-06T14:46:47Z,314.261
PARTIAL,XLM/USDC:GA5ZSEJYB37JRC5AVCIA5MOP4RHTM335X2KGX3IHOJAPP5RE34K4KZVN,64302133,200,200,735,1135,yes,no,yes,yes,4351,54,33,34,"bid 0 price differs: recorded 368173/2000000, rebuilt 1830893/10000000",,recordings/ledgercount-2026-09-06/XLM.native-USDC.GA5ZSEJY/2026-09-06/64302133.json.gz,1.0.8-draft,2026-09-06T14:43:28Z,2026-09-06T14:48:28Z,300.003
PARTIAL,EURC:GDHU6WRG4IEQXM5NZ4BMPKOXHW76MZM4Y2IEMFDVXBSDP6SJY4ITNPP2/USDC:GA5ZSEJYB37JRC5AVCIA5MOP4RHTM335X2KGX3IHOJAPP5RE34K4KZVN,64302133,65,91,54,55,no,no,yes,no,119,40,2,6,"level counts differ: recorded 65 bid / 91 ask, rebuilt 54 bid / 55 ask",,recordings/ledgercount-2026-09-06/EURC.GDHU6WRG-USDC.GA5ZSEJY/2026-09-06/64302133.json.gz,1.0.8-draft,2026-09-06T14:43:28Z,2026-09-06T14:48:38Z,310.159
PARTIAL,PYUSD:GDQE7IXJ4HUHV6RQHIUPRJSEZE4DRS5WY577O2FY6YQ5LVWZ7JZTU2V5/USDC:GA5ZSEJYB37JRC5AVCIA5MOP4RHTM335X2KGX3IHOJAPP5RE34K4KZVN,64302133,22,16,20,11,no,no,yes,no,34,7,3,6,"level counts differ: recorded 22 bid / 16 ask, rebuilt 20 bid / 11 ask",,recordings/ledgercount-2026-09-06/PYUSD.GDQE7IXJ-USDC.GA5ZSEJY/2026-09-06/64302133.json.gz,1.0.8-draft,2026-09-06T14:43:29Z,2026-09-06T14:48:40Z,311.052
PARTIAL,AUDD:GDC7X2MXTYSAKUUGAIQ7J7RPEIM7GXSAIWFYWWH4GLNFECQVJJLB2EEU/USDC:GA5ZSEJYB37JRC5AVCIA5MOP4RHTM335X2KGX3IHOJAPP5RE34K4KZVN,64302133,11,5,8,5,no,no,yes,no,18,5,0,6,"level counts differ: recorded 11 bid / 5 ask, rebuilt 8 bid / 5 ask",,recordings/ledgercount-2026-09-06/AUDD.GDC7X2MX-USDC.GA5ZSEJY/2026-09-06/64302133.json.gz,1.0.8-draft,2026-09-06T14:43:29Z,2026-09-06T14:48:41Z,312.973
MATCH,ARST:GCSAZVWXZKWS4XS223M5F54H2B6XPIIXZZGP7KEAIU6YSL5HDRGCI3DG/USDC:GA5ZSEJYB37JRC5AVCIA5MOP4RHTM335X2KGX3IHOJAPP5RE34K4KZVN,64302134,6,23,6,23,yes,yes,yes,yes,30,0,0,5,,,recordings/ledgercount-2026-09-06/ARST.GCSAZVWX-USDC.GA5ZSEJY/2026-09-06/64302134.json.gz,1.0.8-draft,2026-09-06T14:43:30Z,2026-09-06T14:48:43Z,313.612
MATCH,BRL:GDVKY2GU2DRXWTBEYJJWSFXIGBZV6AZNBVVSUHEPZI54LIS6BA7DVVSP/USDC:GA5ZSEJYB37JRC5AVCIA5MOP4RHTM335X2KGX3IHOJAPP5RE34K4KZVN,64302134,35,5,35,5,yes,yes,yes,yes,41,0,0,5,,,recordings/ledgercount-2026-09-06/BRL.GDVKY2GU-USDC.GA5ZSEJY/2026-09-06/64302134.json.gz,1.0.8-draft,2026-09-06T14:43:30Z,2026-09-06T14:48:44Z,314.93
PARTIAL,AQUA:GBNZILSTVQZ4R7IKQDGHYGY2QXL5QOFJYQMXPKWRRM5PAV7Y4M67AQUA/USDC:GA5ZSEJYB37JRC5AVCIA5MOP4RHTM335X2KGX3IHOJAPP5RE34K4KZVN,64302134,55,200,40,301,no,no,yes,yes,469,28,0,8,"level counts differ: recorded 55 bid / 200 ask, rebuilt 40 bid / 301 ask (a recorded side is at the endpoint limit and is a prefix)",,recordings/ledgercount-2026-09-06/AQUA.GBNZILST-USDC.GA5ZSEJY/2026-09-06/64302134.json.gz,1.0.8-draft,2026-09-06T14:43:31Z,2026-09-06T14:48:46Z,315.263
MATCH,USTRY:GCRYUGD5NVARGXT56XEZI5CIFCQETYHAPQQTHO2O3IQZTHDH4LATMYWC/USDC:GA5ZSEJYB37JRC5AVCIA5MOP4RHTM335X2KGX3IHOJAPP5RE34K4KZVN,64302134,15,11,15,11,yes,yes,yes,yes,30,0,0,5,,,recordings/ledgercount-2026-09-06/USTRY.GCRYUGD5-USDC.GA5ZSEJY/2026-09-06/64302134.json.gz,1.0.8-draft,2026-09-06T14:43:32Z,2026-09-06T14:48:48Z,316.545
PARTIAL,XLM/USDC:GA5ZSEJYB37JRC5AVCIA5MOP4RHTM335X2KGX3IHOJAPP5RE34K4KZVN,64302154,200,200,734,1135,yes,no,yes,yes,4349,53,48,33,"bid 0 price differs: recorded 2454313/13332900, rebuilt 1830893/10000000",,recordings/ledgercount-2026-09-06/XLM.native-USDC.GA5ZSEJY/2026-09-06/64302154.json.gz,1.0.8-draft,2026-09-06T14:45:28Z,2026-09-06T14:50:28Z,300.001
PARTIAL,EURC:GDHU6WRG4IEQXM5NZ4BMPKOXHW76MZM4Y2IEMFDVXBSDP6SJY4ITNPP2/USDC:GA5ZSEJYB37JRC5AVCIA5MOP4RHTM335X2KGX3IHOJAPP5RE34K4KZVN,64302155,65,90,54,65,no,no,yes,no,129,30,2,6,"level counts differ: recorded 65 bid / 90 ask, rebuilt 54 bid / 65 ask",,recordings/ledgercount-2026-09-06/EURC.GDHU6WRG-USDC.GA5ZSEJY/2026-09-06/64302155.json.gz,1.0.8-draft,2026-09-06T14:45:28Z,2026-09-06T14:50:38Z,310.242
PARTIAL,PYUSD:GDQE7IXJ4HUHV6RQHIUPRJSEZE4DRS5WY577O2FY6YQ5LVWZ7JZTU2V5/USDC:GA5ZSEJYB37JRC5AVCIA5MOP4RHTM335X2KGX3IHOJAPP5RE34K4KZVN,64302155,22,17,20,13,no,no,yes,no,36,5,3,6,"level counts differ: recorded 22 bid / 17 ask, rebuilt 20 bid / 13 ask",,recordings/ledgercount-2026-09-06/PYUSD.GDQE7IXJ-USDC.GA5ZSEJY/2026-09-06/64302155.json.gz,1.0.8-draft,2026-09-06T14:45:29Z,2026-09-06T14:50:40Z,311.019
PARTIAL,AUDD:GDC7X2MXTYSAKUUGAIQ7J7RPEIM7GXSAIWFYWWH4GLNFECQVJJLB2EEU/USDC:GA5ZSEJYB37JRC5AVCIA5MOP4RHTM335X2KGX3IHOJAPP5RE34K4KZVN,64302155,11,5,8,5,no,no,yes,no,18,5,0,6,"level counts differ: recorded 11 bid / 5 ask, rebuilt 8 bid / 5 ask",,recordings/ledgercount-2026-09-06/AUDD.GDC7X2MX-USDC.GA5ZSEJY/2026-09-06/64302155.json.gz,1.0.8-draft,2026-09-06T14:45:29Z,2026-09-06T14:50:41Z,312.873
MATCH,ARST:GCSAZVWXZKWS4XS223M5F54H2B6XPIIXZZGP7KEAIU6YSL5HDRGCI3DG/USDC:GA5ZSEJYB37JRC5AVCIA5MOP4RHTM335X2KGX3IHOJAPP5RE34K4KZVN,64302155,6,23,6,23,yes,yes,yes,yes,30,0,0,5,,,recordings/ledgercount-2026-09-06/ARST.GCSAZVWX-USDC.GA5ZSEJY/2026-09-06/64302155.json.gz,1.0.8-draft,2026-09-06T14:45:30Z,2026-09-06T14:50:43Z,313.637
MATCH,BRL:GDVKY2GU2DRXWTBEYJJWSFXIGBZV6AZNBVVSUHEPZI54LIS6BA7DVVSP/USDC:GA5ZSEJYB37JRC5AVCIA5MOP4RHTM335X2KGX3IHOJAPP5RE34K4KZVN,64302155,35,5,35,5,yes,yes,yes,yes,41,0,0,5,,,recordings/ledgercount-2026-09-06/BRL.GDVKY2GU-USDC.GA5ZSEJY/2026-09-06/64302155.json.gz,1.0.8-draft,2026-09-06T14:45:30Z,2026-09-06T14:50:45Z,315.072
PARTIAL,AQUA:GBNZILSTVQZ4R7IKQDGHYGY2QXL5QOFJYQMXPKWRRM5PAV7Y4M67AQUA/USDC:GA5ZSEJYB37JRC5AVCIA5MOP4RHTM335X2KGX3IHOJAPP5RE34K4KZVN,64302155,53,200,40,312,no,no,yes,yes,479,19,0,8,"level counts differ: recorded 53 bid / 200 ask, rebuilt 40 bid / 312 ask (a recorded side is at the endpoint limit and is a prefix)",,recordings/ledgercount-2026-09-06/AQUA.GBNZILST-USDC.GA5ZSEJY/2026-09-06/64302155.json.gz,1.0.8-draft,2026-09-06T14:45:31Z,2026-09-06T14:50:46Z,315.519
PARTIAL,USTRY:GCRYUGD5NVARGXT56XEZI5CIFCQETYHAPQQTHO2O3IQZTHDH4LATMYWC/USDC:GA5ZSEJYB37JRC5AVCIA5MOP4RHTM335X2KGX3IHOJAPP5RE34K4KZVN,64302155,15,11,14,11,no,no,yes,no,29,1,0,6,"level counts differ: recorded 15 bid / 11 ask, rebuilt 14 bid / 11 ask",,recordings/ledgercount-2026-09-06/USTRY.GCRYUGD5-USDC.GA5ZSEJY/2026-09-06/64302155.json.gz,1.0.8-draft,2026-09-06T14:45:32Z,2026-09-06T14:50:48Z,316.928
PARTIAL,XLM/USDC:GA5ZSEJYB37JRC5AVCIA5MOP4RHTM335X2KGX3IHOJAPP5RE34K4KZVN,64302176,200,200,734,1135,yes,no,yes,yes,4350,53,50,32,"bid 0 price differs: recorded 131749927/717751813, rebuilt 1830893/10000000",,recordings/ledgercount-2026-09-06/XLM.native-USDC.GA5ZSEJY/2026-09-06/64302176.json.gz,1.0.8-draft,2026-09-06T14:47:28Z,2026-09-06T14:52:28Z,300.005
PARTIAL,EURC:GDHU6WRG4IEQXM5NZ4BMPKOXHW76MZM4Y2IEMFDVXBSDP6SJY4ITNPP2/USDC:GA5ZSEJYB37JRC5AVCIA5MOP4RHTM335X2KGX3IHOJAPP5RE34K4KZVN,64302176,65,82,58,75,no,no,yes,no,144,15,0,5,"level counts differ: recorded 65 bid / 82 ask, rebuilt 58 bid / 75 ask",,recordings/ledgercount-2026-09-06/EURC.GDHU6WRG-USDC.GA5ZSEJY/2026-09-06/64302176.json.gz,1.0.8-draft,2026-09-06T14:47:28Z,2026-09-06T14:52:38Z,310.196
PARTIAL,PYUSD:GDQE7IXJ4HUHV6RQHIUPRJSEZE4DRS5WY577O2FY6YQ5LVWZ7JZTU2V5/USDC:GA5ZSEJYB37JRC5AVCIA5MOP4RHTM335X2KGX3IHOJAPP5RE34K4KZVN,64302176,22,16,20,12,no,no,yes,no,34,9,1,6,"level counts differ: recorded 22 bid / 16 ask, rebuilt 20 bid / 12 ask",,recordings/ledgercount-2026-09-06/PYUSD.GDQE7IXJ-USDC.GA5ZSEJY/2026-09-06/64302176.json.gz,1.0.8-draft,2026-09-06T14:47:29Z,2026-09-06T14:52:39Z,310.647
PARTIAL,AUDD:GDC7X2MXTYSAKUUGAIQ7J7RPEIM7GXSAIWFYWWH4GLNFECQVJJLB2EEU/USDC:GA5ZSEJYB37JRC5AVCIA5MOP4RHTM335X2KGX3IHOJAPP5RE34K4KZVN,64302176,11,5,8,5,no,no,yes,no,18,5,0,6,"level counts differ: recorded 11 bid / 5 ask, rebuilt 8 bid / 5 ask",,recordings/ledgercount-2026-09-06/AUDD.GDC7X2MX-USDC.GA5ZSEJY/2026-09-06/64302176.json.gz,1.0.8-draft,2026-09-06T14:47:30Z,2026-09-06T14:52:42Z,312.23
MATCH,ARST:GCSAZVWXZKWS4XS223M5F54H2B6XPIIXZZGP7KEAIU6YSL5HDRGCI3DG/USDC:GA5ZSEJYB37JRC5AVCIA5MOP4RHTM335X2KGX3IHOJAPP5RE34K4KZVN,64302177,6,23,6,23,yes,yes,yes,yes,30,0,0,6,,,recordings/ledgercount-2026-09-06/ARST.GCSAZVWX-USDC.GA5ZSEJY/2026-09-06/64302177.json.gz,1.0.8-draft,2026-09-06T14:47:31Z,2026-09-06T14:52:43Z,312.814
MATCH,BRL:GDVKY2GU2DRXWTBEYJJWSFXIGBZV6AZNBVVSUHEPZI54LIS6BA7DVVSP/USDC:GA5ZSEJYB37JRC5AVCIA5MOP4RHTM335X2KGX3IHOJAPP5RE34K4KZVN,64302177,35,5,35,5,yes,yes,yes,yes,41,0,0,6,,,recordings/ledgercount-2026-09-06/BRL.GDVKY2GU-USDC.GA5ZSEJY/2026-09-06/64302177.json.gz,1.0.8-draft,2026-09-06T14:47:31Z,2026-09-06T14:52:45Z,314.549
PARTIAL,AQUA:GBNZILSTVQZ4R7IKQDGHYGY2QXL5QOFJYQMXPKWRRM5PAV7Y4M67AQUA/USDC:GA5ZSEJYB37JRC5AVCIA5MOP4RHTM335X2KGX3IHOJAPP5RE34K4KZVN,64302177,53,200,47,312,no,no,yes,yes,486,12,0,8,"level counts differ: recorded 53 bid / 200 ask, rebuilt 47 bid / 312 ask (a recorded side is at the endpoint limit and is a prefix)",,recordings/ledgercount-2026-09-06/AQUA.GBNZILST-USDC.GA5ZSEJY/2026-09-06/64302177.json.gz,1.0.8-draft,2026-09-06T14:47:32Z,2026-09-06T14:52:47Z,315.435
PARTIAL,USTRY:GCRYUGD5NVARGXT56XEZI5CIFCQETYHAPQQTHO2O3IQZTHDH4LATMYWC/USDC:GA5ZSEJYB37JRC5AVCIA5MOP4RHTM335X2KGX3IHOJAPP5RE34K4KZVN,64302177,15,11,14,11,no,no,yes,no,29,1,0,6,"level counts differ: recorded 15 bid / 11 ask, rebuilt 14 bid / 11 ask",,recordings/ledgercount-2026-09-06/USTRY.GCRYUGD5-USDC.GA5ZSEJY/2026-09-06/64302177.json.gz,1.0.8-draft,2026-09-06T14:47:32Z,2026-09-06T14:52:49Z,317.764
PARTIAL,XLM/USDC:GA5ZSEJYB37JRC5AVCIA5MOP4RHTM335X2KGX3IHOJAPP5RE34K4KZVN,64302198,200,200,719,1135,yes,no,yes,yes,4336,66,40,30,"bid 0 price differs: recorded 218908917/1191737786, rebuilt 1830893/10000000",,recordings/ledgercount-2026-09-06/XLM.native-USDC.GA5ZSEJY/2026-09-06/64302198.json.gz,1.0.8-draft,2026-09-06T14:49:28Z,2026-09-06T14:54:28Z,300.005
PARTIAL,EURC:GDHU6WRG4IEQXM5NZ4BMPKOXHW76MZM4Y2IEMFDVXBSDP6SJY4ITNPP2/USDC:GA5ZSEJYB37JRC5AVCIA5MOP4RHTM335X2KGX3IHOJAPP5RE34K4KZVN,64302198,65,83,56,65,no,no,yes,no,132,24,1,6,"level counts differ: recorded 65 bid / 83 ask, rebuilt 56 bid / 65 ask",,recordings/ledgercount-2026-09-06/EURC.GDHU6WRG-USDC.GA5ZSEJY/2026-09-06/64302198.json.gz,1.0.8-draft,2026-09-06T14:49:28Z,2026-09-06T14:54:37Z,309.038
PARTIAL,PYUSD:GDQE7IXJ4HUHV6RQHIUPRJSEZE4DRS5WY577O2FY6YQ5LVWZ7JZTU2V5/USDC:GA5ZSEJYB37JRC5AVCIA5MOP4RHTM335X2KGX3IHOJAPP5RE34K4KZVN,64302198,21,16,21,12,no,no,no,no,35,8,0,6,"level counts differ: recorded 21 bid / 16 ask, rebuilt 21 bid / 12 ask",,recordings/ledgercount-2026-09-06/PYUSD.GDQE7IXJ-USDC.GA5ZSEJY/2026-09-06/64302198.json.gz,1.0.8-draft,2026-09-06T14:49:29Z,2026-09-06T14:54:38Z,309.775
MATCH,AUDD:GDC7X2MXTYSAKUUGAIQ7J7RPEIM7GXSAIWFYWWH4GLNFECQVJJLB2EEU/USDC:GA5ZSEJYB37JRC5AVCIA5MOP4RHTM335X2KGX3IHOJAPP5RE34K4KZVN,64302198,11,5,11,5,yes,yes,yes,yes,23,0,0,6,,,recordings/ledgercount-2026-09-06/AUDD.GDC7X2MX-USDC.GA5ZSEJY/2026-09-06/64302198.json.gz,1.0.8-draft,2026-09-06T14:49:29Z,2026-09-06T14:54:40Z,311.431
MATCH,ARST:GCSAZVWXZKWS4XS223M5F54H2B6XPIIXZZGP7KEAIU6YSL5HDRGCI3DG/USDC:GA5ZSEJYB37JRC5AVCIA5MOP4RHTM335X2KGX3IHOJAPP5RE34K4KZVN,64302198,6,23,6,23,yes,yes,yes,yes,30,0,0,6,,,recordings/ledgercount-2026-09-06/ARST.GCSAZVWX-USDC.GA5ZSEJY/2026-09-06/64302198.json.gz,1.0.8-draft,2026-09-06T14:49:30Z,2026-09-06T14:54:42Z,312.018
MATCH,BRL:GDVKY2GU2DRXWTBEYJJWSFXIGBZV6AZNBVVSUHEPZI54LIS6BA7DVVSP/USDC:GA5ZSEJYB37JRC5AVCIA5MOP4RHTM335X2KGX3IHOJAPP5RE34K4KZVN,64302198,35,5,35,5,yes,yes,yes,yes,41,0,0,6,,,recordings/ledgercount-2026-09-06/BRL.GDVKY2GU-USDC.GA5ZSEJY/2026-09-06/64302198.json.gz,1.0.8-draft,2026-09-06T14:49:31Z,2026-09-06T14:54:43Z,312.745
PARTIAL,AQUA:GBNZILSTVQZ4R7IKQDGHYGY2QXL5QOFJYQMXPKWRRM5PAV7Y4M67AQUA/USDC:GA5ZSEJYB37JRC5AVCIA5MOP4RHTM335X2KGX3IHOJAPP5RE34K4KZVN,64302198,54,200,53,312,no,no,yes,yes,492,6,0,8,"level counts differ: recorded 54 bid / 200 ask, rebuilt 53 bid / 312 ask (a recorded side is at the endpoint limit and is a prefix)",,recordings/ledgercount-2026-09-06/AQUA.GBNZILST-USDC.GA5ZSEJY/2026-09-06/64302198.json.gz,1.0.8-draft,2026-09-06T14:49:31Z,2026-09-06T14:54:45Z,314.367
PARTIAL,USTRY:GCRYUGD5NVARGXT56XEZI5CIFCQETYHAPQQTHO2O3IQZTHDH4LATMYWC/USDC:GA5ZSEJYB37JRC5AVCIA5MOP4RHTM335X2KGX3IHOJAPP5RE34K4KZVN,64302198,15,11,14,11,no,no,yes,no,29,1,0,6,"level counts differ: recorded 15 bid / 11 ask, rebuilt 14 bid / 11 ask",,recordings/ledgercount-2026-09-06/USTRY.GCRYUGD5-USDC.GA5ZSEJY/2026-09-06/64302198.json.gz,1.0.8-draft,2026-09-06T14:49:32Z,2026-09-06T14:54:47Z,315.86
PARTIAL,XLM/USDC:GA5ZSEJYB37JRC5AVCIA5MOP4RHTM335X2KGX3IHOJAPP5RE34K4KZVN,64302219,200,200,720,1133,yes,no,yes,yes,4336,70,38,32,"bid 0 price differs: recorded 5000000/27173913, rebuilt 1830893/10000000",,recordings/ledgercount-2026-09-06/XLM.native-USDC.GA5ZSEJY/2026-09-06/64302219.json.gz,1.0.8-draft,2026-09-06T14:51:28Z,2026-09-06T14:56:28Z,300.003
PARTIAL,EURC:GDHU6WRG4IEQXM5NZ4BMPKOXHW76MZM4Y2IEMFDVXBSDP6SJY4ITNPP2/USDC:GA5ZSEJYB37JRC5AVCIA5MOP4RHTM335X2KGX3IHOJAPP5RE34K4KZVN,64302219,65,83,56,68,no,no,yes,no,134,21,2,6,"level counts differ: recorded 65 bid / 83 ask, rebuilt 56 bid / 68 ask",,recordings/ledgercount-2026-09-06/EURC.GDHU6WRG-USDC.GA5ZSEJY/2026-09-06/64302219.json.gz,1.0.8-draft,2026-09-06T14:51:28Z,2026-09-06T14:56:39Z,311.181
PARTIAL,PYUSD:GDQE7IXJ4HUHV6RQHIUPRJSEZE4DRS5WY577O2FY6YQ5LVWZ7JZTU2V5/USDC:GA5ZSEJYB37JRC5AVCIA5MOP4RHTM335X2KGX3IHOJAPP5RE34K4KZVN,64302219,22,17,19,13,no,no,yes,no,36,6,2,6,"level counts differ: recorded 22 bid / 17 ask, rebuilt 19 bid / 13 ask",,recordings/ledgercount-2026-09-06/PYUSD.GDQE7IXJ-USDC.GA5ZSEJY/2026-09-06/64302219.json.gz,1.0.8-draft,2026-09-06T14:51:29Z,2026-09-06T14:56:41Z,312.065
PARTIAL,AUDD:GDC7X2MXTYSAKUUGAIQ7J7RPEIM7GXSAIWFYWWH4GLNFECQVJJLB2EEU/USDC:GA5ZSEJYB37JRC5AVCIA5MOP4RHTM335X2KGX3IHOJAPP5RE34K4KZVN,64302219,11,5,8,5,no,no,yes,no,18,5,0,7,"level counts differ: recorded 11 bid / 5 ask, rebuilt 8 bid / 5 ask",,recordings/ledgercount-2026-09-06/AUDD.GDC7X2MX-USDC.GA5ZSEJY/2026-09-06/64302219.json.gz,1.0.8-draft,2026-09-06T14:51:29Z,2026-09-06T14:56:42Z,313.762
MATCH,ARST:GCSAZVWXZKWS4XS223M5F54H2B6XPIIXZZGP7KEAIU6YSL5HDRGCI3DG/USDC:GA5ZSEJYB37JRC5AVCIA5MOP4RHTM335X2KGX3IHOJAPP5RE34K4KZVN,64302219,6,23,6,23,yes,yes,yes,yes,30,0,0,5,,,recordings/ledgercount-2026-09-06/ARST.GCSAZVWX-USDC.GA5ZSEJY/2026-09-06/64302219.json.gz,1.0.8-draft,2026-09-06T14:51:30Z,2026-09-06T14:56:44Z,314.622
MATCH,BRL:GDVKY2GU2DRXWTBEYJJWSFXIGBZV6AZNBVVSUHEPZI54LIS6BA7DVVSP/USDC:GA5ZSEJYB37JRC5AVCIA5MOP4RHTM335X2KGX3IHOJAPP5RE34K4KZVN,64302219,35,5,35,5,yes,yes,yes,yes,41,0,0,5,,,recordings/ledgercount-2026-09-06/BRL.GDVKY2GU-USDC.GA5ZSEJY/2026-09-06/64302219.json.gz,1.0.8-draft,2026-09-06T14:51:30Z,2026-09-06T14:56:46Z,316.104
PARTIAL,AQUA:GBNZILSTVQZ4R7IKQDGHYGY2QXL5QOFJYQMXPKWRRM5PAV7Y4M67AQUA/USDC:GA5ZSEJYB37JRC5AVCIA5MOP4RHTM335X2KGX3IHOJAPP5RE34K4KZVN,64302220,54,200,54,313,yes,no,yes,yes,495,3,0,7,"ask 2 price differs: recorded 470243/1363919334, rebuilt 1/2880",,recordings/ledgercount-2026-09-06/AQUA.GBNZILST-USDC.GA5ZSEJY/2026-09-06/64302220.json.gz,1.0.8-draft,2026-09-06T14:51:31Z,2026-09-06T14:56:47Z,316.878
PARTIAL,USTRY:GCRYUGD5NVARGXT56XEZI5CIFCQETYHAPQQTHO2O3IQZTHDH4LATMYWC/USDC:GA5ZSEJYB37JRC5AVCIA5MOP4RHTM335X2KGX3IHOJAPP5RE34K4KZVN,64302220,15,11,14,11,no,no,yes,no,29,1,0,6,"level counts differ: recorded 15 bid / 11 ask, rebuilt 14 bid / 11 ask",,recordings/ledgercount-2026-09-06/USTRY.GCRYUGD5-USDC.GA5ZSEJY/2026-09-06/64302220.json.gz,1.0.8-draft,2026-09-06T14:51:31Z,2026-09-06T14:56:50Z,319.89
PARTIAL,XLM/USDC:GA5ZSEJYB37JRC5AVCIA5MOP4RHTM335X2KGX3IHOJAPP5RE34K4KZVN,64302240,200,200,721,1132,yes,no,yes,yes,4338,69,21,34,"bid 0 price differs: recorded 50000000/271614123, rebuilt 1830893/10000000",,recordings/ledgercount-2026-09-06/XLM.native-USDC.GA5ZSEJY/2026-09-06/64302240.json.gz,1.0.8-draft,2026-09-06T14:53:28Z,2026-09-06T14:58:28Z,300.004
PARTIAL,EURC:GDHU6WRG4IEQXM5NZ4BMPKOXHW76MZM4Y2IEMFDVXBSDP6SJY4ITNPP2/USDC:GA5ZSEJYB37JRC5AVCIA5MOP4RHTM335X2KGX3IHOJAPP5RE34K4KZVN,64302241,65,82,60,65,no,no,yes,no,135,18,2,6,"level counts differ: recorded 65 bid / 82 ask, rebuilt 60 bid / 65 ask",,recordings/ledgercount-2026-09-06/EURC.GDHU6WRG-USDC.GA5ZSEJY/2026-09-06/64302241.json.gz,1.0.8-draft,2026-09-06T14:53:28Z,2026-09-06T14:58:38Z,310.231
PARTIAL,PYUSD:GDQE7IXJ4HUHV6RQHIUPRJSEZE4DRS5WY577O2FY6YQ5LVWZ7JZTU2V5/USDC:GA5ZSEJYB37JRC5AVCIA5MOP4RHTM335X2KGX3IHOJAPP5RE34K4KZVN,64302241,22,17,19,13,no,no,yes,no,36,6,2,6,"level counts differ: recorded 22 bid / 17 ask, rebuilt 19 bid / 13 ask",,recordings/ledgercount-2026-09-06/PYUSD.GDQE7IXJ-USDC.GA5ZSEJY/2026-09-06/64302241.json.gz,1.0.8-draft,2026-09-06T14:53:29Z,2026-09-06T14:58:39Z,310.951
PARTIAL,AUDD:GDC7X2MXTYSAKUUGAIQ7J7RPEIM7GXSAIWFYWWH4GLNFECQVJJLB2EEU/USDC:GA5ZSEJYB37JRC5AVCIA5MOP4RHTM335X2KGX3IHOJAPP5RE34K4KZVN,64302241,11,5,8,5,no,no,yes,no,18,5,0,9,"level counts differ: recorded 11 bid / 5 ask, rebuilt 8 bid / 5 ask",,recordings/ledgercount-2026-09-06/AUDD.GDC7X2MX-USDC.GA5ZSEJY/2026-09-06/64302241.json.gz,1.0.8-draft,2026-09-06T14:53:30Z,2026-09-06T14:58:41Z,311.513
MATCH,ARST:GCSAZVWXZKWS4XS223M5F54H2B6XPIIXZZGP7KEAIU6YSL5HDRGCI3DG/USDC:GA5ZSEJYB37JRC5AVCIA5MOP4RHTM335X2KGX3IHOJAPP5RE34K4KZVN,64302241,6,23,6,23,yes,yes,yes,yes,30,0,0,5,,,recordings/ledgercount-2026-09-06/ARST.GCSAZVWX-USDC.GA5ZSEJY/2026-09-06/64302241.json.gz,1.0.8-draft,2026-09-06T14:53:30Z,2026-09-06T14:58:44Z,314.298
MATCH,BRL:GDVKY2GU2DRXWTBEYJJWSFXIGBZV6AZNBVVSUHEPZI54LIS6BA7DVVSP/USDC:GA5ZSEJYB37JRC5AVCIA5MOP4RHTM335X2KGX3IHOJAPP5RE34K4KZVN,64302241,35,5,35,5,yes,yes,yes,yes,41,0,0,5,,,recordings/ledgercount-2026-09-06/BRL.GDVKY2GU-USDC.GA5ZSEJY/2026-09-06/64302241.json.gz,1.0.8-draft,2026-09-06T14:53:31Z,2026-09-06T14:58:45Z,314.627
PARTIAL,AQUA:GBNZILSTVQZ4R7IKQDGHYGY2QXL5QOFJYQMXPKWRRM5PAV7Y4M67AQUA/USDC:GA5ZSEJYB37JRC5AVCIA5MOP4RHTM335X2KGX3IHOJAPP5RE34K4KZVN,64302241,54,200,54,313,yes,no,yes,yes,495,3,0,7,"ask 2 price differs: recorded 613429/1777991853, rebuilt 1/2880",,recordings/ledgercount-2026-09-06/AQUA.GBNZILST-USDC.GA5ZSEJY/2026-09-06/64302241.json.gz,1.0.8-draft,2026-09-06T14:53:32Z,2026-09-06T14:58:47Z,315.312
PARTIAL,USTRY:GCRYUGD5NVARGXT56XEZI5CIFCQETYHAPQQTHO2O3IQZTHDH4LATMYWC/USDC:GA5ZSEJYB37JRC5AVCIA5MOP4RHTM335X2KGX3IHOJAPP5RE34K4KZVN,64302241,15,11,14,11,no,no,yes,no,29,1,0,6,"level counts differ: recorded 15 bid / 11 ask, rebuilt 14 bid / 11 ask",,recordings/ledgercount-2026-09-06/USTRY.GCRYUGD5-USDC.GA5ZSEJY/2026-09-06/64302241.json.gz,1.0.8-draft,2026-09-06T14:53:32Z,2026-09-06T14:58:49Z,317.422
PARTIAL,XLM/USDC:GA5ZSEJYB37JRC5AVCIA5MOP4RHTM335X2KGX3IHOJAPP5RE34K4KZVN,64302262,200,200,737,1123,yes,no,yes,yes,4345,52,18,35,"bid 0 price differs: recorded 303042784/1647230131, rebuilt 1830893/10000000",,recordings/ledgercount-2026-09-06/XLM.native-USDC.GA5ZSEJY/2026-09-06/64302262.json.gz,1.0.8-draft,2026-09-06T14:55:28Z,2026-09-06T15:00:28Z,300.002
PARTIAL,EURC:GDHU6WRG4IEQXM5NZ4BMPKOXHW76MZM4Y2IEMFDVXBSDP6SJY4ITNPP2/USDC:GA5ZSEJYB37JRC5AVCIA5MOP4RHTM335X2KGX3IHOJAPP5RE34K4KZVN,64302262,64,80,52,57,no,no,yes,no,120,44,1,6,"level counts differ: recorded 64 bid / 80 ask, rebuilt 52 bid / 57 ask",,recordings/ledgercount-2026-09-06/EURC.GDHU6WRG-USDC.GA5ZSEJY/2026-09-06/64302262.json.gz,1.0.8-draft,2026-09-06T14:55:28Z,2026-09-06T15:00:44Z,316.334
PARTIAL,PYUSD:GDQE7IXJ4HUHV6RQHIUPRJSEZE4DRS5WY577O2FY6YQ5LVWZ7JZTU2V5/USDC:GA5ZSEJYB37JRC5AVCIA5MOP4RHTM335X2KGX3IHOJAPP5RE34K4KZVN,64302262,21,17,19,13,no,no,yes,no,35,8,2,6,"level counts differ: recorded 21 bid / 17 ask, rebuilt 19 bid / 13 ask",,recordings/ledgercount-2026-09-06/PYUSD.GDQE7IXJ-USDC.GA5ZSEJY/2026-09-06/64302262.json.gz,1.0.8-draft,2026-09-06T14:55:29Z,2026-09-06T15:00:48Z,319.202
PARTIAL,AUDD:GDC7X2MXTYSAKUUGAIQ7J7RPEIM7GXSAIWFYWWH4GLNFECQVJJLB2EEU/USDC:GA5ZSEJYB37JRC5AVCIA5MOP4RHTM335X2KGX3IHOJAPP5RE34K4KZVN,64302262,11,5,8,5,no,no,yes,no,18,5,0,10,"level counts differ: recorded 11 bid / 5 ask, rebuilt 8 bid / 5 ask",,recordings/ledgercount-2026-09-06/AUDD.GDC7X2MX-USDC.GA5ZSEJY/2026-09-06/64302262.json.gz,1.0.8-draft,2026-09-06T14:55:29Z,2026-09-06T15:00:50Z,321.546
MATCH,ARST:GCSAZVWXZKWS4XS223M5F54H2B6XPIIXZZGP7KEAIU6YSL5HDRGCI3DG/USDC:GA5ZSEJYB37JRC5AVCIA5MOP4RHTM335X2KGX3IHOJAPP5RE34K4KZVN,64302262,6,23,6,23,yes,yes,yes,yes,30,0,0,5,,,recordings/ledgercount-2026-09-06/ARST.GCSAZVWX-USDC.GA5ZSEJY/2026-09-06/64302262.json.gz,1.0.8-draft,2026-09-06T14:55:30Z,2026-09-06T15:00:55Z,325.98
MATCH,BRL:GDVKY2GU2DRXWTBEYJJWSFXIGBZV6AZNBVVSUHEPZI54LIS6BA7DVVSP/USDC:GA5ZSEJYB37JRC5AVCIA5MOP4RHTM335X2KGX3IHOJAPP5RE34K4KZVN,64302263,35,5,35,5,yes,yes,yes,yes,41,0,0,6,,,recordings/ledgercount-2026-09-06/BRL.GDVKY2GU-USDC.GA5ZSEJY/2026-09-06/64302263.json.gz,1.0.8-draft,2026-09-06T14:55:30Z,2026-09-06T15:00:58Z,328.021
PARTIAL,AQUA:GBNZILSTVQZ4R7IKQDGHYGY2QXL5QOFJYQMXPKWRRM5PAV7Y4M67AQUA/USDC:GA5ZSEJYB37JRC5AVCIA5MOP4RHTM335X2KGX3IHOJAPP5RE34K4KZVN,64302263,54,200,52,292,no,no,yes,yes,472,25,0,8,"level counts differ: recorded 54 bid / 200 ask, rebuilt 52 bid / 292 ask (a recorded side is at the endpoint limit and is a prefix)",,recordings/ledgercount-2026-09-06/AQUA.GBNZILST-USDC.GA5ZSEJY/2026-09-06/64302263.json.gz,1.0.8-draft,2026-09-06T14:55:31Z,2026-09-06T15:01:00Z,329.206
PARTIAL,USTRY:GCRYUGD5NVARGXT56XEZI5CIFCQETYHAPQQTHO2O3IQZTHDH4LATMYWC/USDC:GA5ZSEJYB37JRC5AVCIA5MOP4RHTM335X2KGX3IHOJAPP5RE34K4KZVN,64302263,15,11,14,11,no,no,yes,no,29,1,0,6,"level counts differ: recorded 15 bid / 11 ask, rebuilt 14 bid / 11 ask",,recordings/ledgercount-2026-09-06/USTRY.GCRYUGD5-USDC.GA5ZSEJY/2026-09-06/64302263.json.gz,1.0.8-draft,2026-09-06T14:55:31Z,2026-09-06T15:01:04Z,333.074
PARTIAL,XLM/USDC:GA5ZSEJYB37JRC5AVCIA5MOP4RHTM335X2KGX3IHOJAPP5RE34K4KZVN,64302283,200,200,730,1122,yes,no,yes,yes,4334,77,45,36,"bid 0 price differs: recorded 93139927/506858662, rebuilt 1827209/10000000",,recordings/ledgercount-2026-09-06/XLM.native-USDC.GA5ZSEJY/2026-09-06/64302283.json.gz,1.0.8-draft,2026-09-06T14:57:28Z,2026-09-06T15:02:28Z,300.005
PARTIAL,EURC:GDHU6WRG4IEQXM5NZ4BMPKOXHW76MZM4Y2IEMFDVXBSDP6SJY4ITNPP2/USDC:GA5ZSEJYB37JRC5AVCIA5MOP4RHTM335X2KGX3IHOJAPP5RE34K4KZVN,64302284,64,79,52,55,no,no,yes,no,116,49,2,6,"level counts differ: recorded 64 bid / 79 ask, rebuilt 52 bid / 55 ask",,recordings/ledgercount-2026-09-06/EURC.GDHU6WRG-USDC.GA5ZSEJY/2026-09-06/64302284.json.gz,1.0.8-draft,2026-09-06T14:57:28Z,2026-09-06T15:02:42Z,314.506
PARTIAL,PYUSD:GDQE7IXJ4HUHV6RQHIUPRJSEZE4DRS5WY577O2FY6YQ5LVWZ7JZTU2V5/USDC:GA5ZSEJYB37JRC5AVCIA5MOP4RHTM335X2KGX3IHOJAPP5RE34K4KZVN,64302284,21,17,19,13,no,no,yes,no,35,8,5,6,"level counts differ: recorded 21 bid / 17 ask, rebuilt 19 bid / 13 ask",,recordings/ledgercount-2026-09-06/PYUSD.GDQE7IXJ-USDC.GA5ZSEJY/2026-09-06/64302284.json.gz,1.0.8-draft,2026-09-06T14:57:29Z,2026-09-06T15:02:44Z,315.388
PARTIAL,AUDD:GDC7X2MXTYSAKUUGAIQ7J7RPEIM7GXSAIWFYWWH4GLNFECQVJJLB2EEU/USDC:GA5ZSEJYB37JRC5AVCIA5MOP4RHTM335X2KGX3IHOJAPP5RE34K4KZVN,64302284,11,5,8,5,no,no,yes,no,18,5,0,9,"level counts differ: recorded 11 bid / 5 ask, rebuilt 8 bid / 5 ask",,recordings/ledgercount-2026-09-06/AUDD.GDC7X2MX-USDC.GA5ZSEJY/2026-09-06/64302284.json.gz,1.0.8-draft,2026-09-06T14:57:29Z,2026-09-06T15:02:46Z,317.153
MATCH,ARST:GCSAZVWXZKWS4XS223M5F54H2B6XPIIXZZGP7KEAIU6YSL5HDRGCI3DG/USDC:GA5ZSEJYB37JRC5AVCIA5MOP4RHTM335X2KGX3IHOJAPP5RE34K4KZVN,64302284,6,23,6,23,yes,yes,yes,yes,30,0,0,5,,,recordings/ledgercount-2026-09-06/ARST.GCSAZVWX-USDC.GA5ZSEJY/2026-09-06/64302284.json.gz,1.0.8-draft,2026-09-06T14:57:30Z,2026-09-06T15:02:48Z,318.724
MATCH,BRL:GDVKY2GU2DRXWTBEYJJWSFXIGBZV6AZNBVVSUHEPZI54LIS6BA7DVVSP/USDC:GA5ZSEJYB37JRC5AVCIA5MOP4RHTM335X2KGX3IHOJAPP5RE34K4KZVN,64302284,35,5,35,5,yes,yes,yes,yes,41,0,0,6,,,recordings/ledgercount-2026-09-06/BRL.GDVKY2GU-USDC.GA5ZSEJY/2026-09-06/64302284.json.gz,1.0.8-draft,2026-09-06T14:57:30Z,2026-09-06T15:02:50Z,320.109
PARTIAL,AQUA:GBNZILSTVQZ4R7IKQDGHYGY2QXL5QOFJYQMXPKWRRM5PAV7Y4M67AQUA/USDC:GA5ZSEJYB37JRC5AVCIA5MOP4RHTM335X2KGX3IHOJAPP5RE34K4KZVN,64302284,54,200,41,292,no,no,yes,yes,461,37,0,8,"level counts differ: recorded 54 bid / 200 ask, rebuilt 41 bid / 292 ask (a recorded side is at the endpoint limit and is a prefix)",,recordings/ledgercount-2026-09-06/AQUA.GBNZILST-USDC.GA5ZSEJY/2026-09-06/64302284.json.gz,1.0.8-draft,2026-09-06T14:57:31Z,2026-09-06T15:02:51Z,320.902
PARTIAL,USTRY:GCRYUGD5NVARGXT56XEZI5CIFCQETYHAPQQTHO2O3IQZTHDH4LATMYWC/USDC:GA5ZSEJYB37JRC5AVCIA5MOP4RHTM335X2KGX3IHOJAPP5RE34K4KZVN,64302284,15,11,14,11,no,no,yes,no,29,1,0,6,"level counts differ: recorded 15 bid / 11 ask, rebuilt 14 bid / 11 ask",,recordings/ledgercount-2026-09-06/USTRY.GCRYUGD5-USDC.GA5ZSEJY/2026-09-06/64302284.json.gz,1.0.8-draft,2026-09-06T14:57:32Z,2026-09-06T15:02:54Z,322.192
PARTIAL,XLM/USDC:GA5ZSEJYB37JRC5AVCIA5MOP4RHTM335X2KGX3IHOJAPP5RE34K4KZVN,64302305,200,200,729,1126,yes,no,yes,yes,4336,75,61,35,"bid 0 price differs: recorded 2500000/13610123, rebuilt 1827209/10000000",,recordings/ledgercount-2026-09-06/XLM.native-USDC.GA5ZSEJY/2026-09-06/64302305.json.gz,1.0.8-draft,2026-09-06T14:59:28Z,2026-09-06T15:04:28Z,300.003
PARTIAL,EURC:GDHU6WRG4IEQXM5NZ4BMPKOXHW76MZM4Y2IEMFDVXBSDP6SJY4ITNPP2/USDC:GA5ZSEJYB37JRC5AVCIA5MOP4RHTM335X2KGX3IHOJAPP5RE34K4KZVN,64302305,64,83,52,76,no,no,yes,no,138,23,3,6,"level counts differ: recorded 64 bid / 83 ask, rebuilt 52 bid / 76 ask",,recordings/ledgercount-2026-09-06/EURC.GDHU6WRG-USDC.GA5ZSEJY/2026-09-06/64302305.json.gz,1.0.8-draft,2026-09-06T14:59:28Z,2026-09-06T15:04:38Z,310.907
PARTIAL,PYUSD:GDQE7IXJ4HUHV6RQHIUPRJSEZE4DRS5WY577O2FY6YQ5LVWZ7JZTU2V5/USDC:GA5ZSEJYB37JRC5AVCIA5MOP4RHTM335X2KGX3IHOJAPP5RE34K4KZVN,64302305,21,17,19,13,no,no,yes,no,35,8,5,6,"level counts differ: recorded 21 bid / 17 ask, rebuilt 19 bid / 13 ask",,recordings/ledgercount-2026-09-06/PYUSD.GDQE7IXJ-USDC.GA5ZSEJY/2026-09-06/64302305.json.gz,1.0.8-draft,2026-09-06T14:59:29Z,2026-09-06T15:04:40Z,311.808
PARTIAL,AUDD:GDC7X2MXTYSAKUUGAIQ7J7RPEIM7GXSAIWFYWWH4GLNFECQVJJLB2EEU/USDC:GA5ZSEJYB37JRC5AVCIA5MOP4RHTM335X2KGX3IHOJAPP5RE34K4KZVN,64302305,11,5,8,5,no,no,yes,no,18,5,0,7,"level counts differ: recorded 11 bid / 5 ask, rebuilt 8 bid / 5 ask",,recordings/ledgercount-2026-09-06/AUDD.GDC7X2MX-USDC.GA5ZSEJY/2026-09-06/64302305.json.gz,1.0.8-draft,2026-09-06T14:59:29Z,2026-09-06T15:04:42Z,313.594
MATCH,ARST:GCSAZVWXZKWS4XS223M5F54H2B6XPIIXZZGP7KEAIU6YSL5HDRGCI3DG/USDC:GA5ZSEJYB37JRC5AVCIA5MOP4RHTM335X2KGX3IHOJAPP5RE34K4KZVN,64302305,6,23,6,23,yes,yes,yes,yes,30,0,0,5,,,recordings/ledgercount-2026-09-06/ARST.GCSAZVWX-USDC.GA5ZSEJY/2026-09-06/64302305.json.gz,1.0.8-draft,2026-09-06T14:59:30Z,2026-09-06T15:04:44Z,314.732
MATCH,BRL:GDVKY2GU2DRXWTBEYJJWSFXIGBZV6AZNBVVSUHEPZI54LIS6BA7DVVSP/USDC:GA5ZSEJYB37JRC5AVCIA5MOP4RHTM335X2KGX3IHOJAPP5RE34K4KZVN,64302306,35,5,35,5,yes,yes,yes,yes,41,0,0,6,,,recordings/ledgercount-2026-09-06/BRL.GDVKY2GU-USDC.GA5ZSEJY/2026-09-06/64302306.json.gz,1.0.8-draft,2026-09-06T14:59:30Z,2026-09-06T15:04:46Z,316.251
PARTIAL,AQUA:GBNZILSTVQZ4R7IKQDGHYGY2QXL5QOFJYQMXPKWRRM5PAV7Y4M67AQUA/USDC:GA5ZSEJYB37JRC5AVCIA5MOP4RHTM335X2KGX3IHOJAPP5RE34K4KZVN,64302306,54,200,40,298,no,no,yes,yes,466,35,0,8,"level counts differ: recorded 54 bid / 200 ask, rebuilt 40 bid / 298 ask (a recorded side is at the endpoint limit and is a prefix)",,recordings/ledgercount-2026-09-06/AQUA.GBNZILST-USDC.GA5ZSEJY/2026-09-06/64302306.json.gz,1.0.8-draft,2026-09-06T14:59:31Z,2026-09-06T15:04:48Z,317.148
PARTIAL,USTRY:GCRYUGD5NVARGXT56XEZI5CIFCQETYHAPQQTHO2O3IQZTHDH4LATMYWC/USDC:GA5ZSEJYB37JRC5AVCIA5MOP4RHTM335X2KGX3IHOJAPP5RE34K4KZVN,64302306,15,11,14,11,no,no,yes,no,29,1,0,6,"level counts differ: recorded 15 bid / 11 ask, rebuilt 14 bid / 11 ask",,recordings/ledgercount-2026-09-06/USTRY.GCRYUGD5-USDC.GA5ZSEJY/2026-09-06/64302306.json.gz,1.0.8-draft,2026-09-06T14:59:31Z,2026-09-06T15:04:50Z,319.538
PARTIAL,XLM/USDC:GA5ZSEJYB37JRC5AVCIA5MOP4RHTM335X2KGX3IHOJAPP5RE34K4KZVN,64302327,200,200,729,1134,yes,no,yes,yes,4343,62,60,32,"bid 0 price differs: recorded 1829547/10000000, rebuilt 1827209/10000000",,recordings/ledgercount-2026-09-06/XLM.native-USDC.GA5ZSEJY/2026-09-06/64302327.json.gz,1.0.8-draft,2026-09-06T15:01:28Z,2026-09-06T15:06:28Z,300.005
PARTIAL,EURC:GDHU6WRG4IEQXM5NZ4BMPKOXHW76MZM4Y2IEMFDVXBSDP6SJY4ITNPP2/USDC:GA5ZSEJYB37JRC5AVCIA5MOP4RHTM335X2KGX3IHOJAPP5RE34K4KZVN,64302327,64,89,51,71,no,no,yes,no,133,29,2,6,"level counts differ: recorded 64 bid / 89 ask, rebuilt 51 bid / 71 ask",,recordings/ledgercount-2026-09-06/EURC.GDHU6WRG-USDC.GA5ZSEJY/2026-09-06/64302327.json.gz,1.0.8-draft,2026-09-06T15:01:29Z,2026-09-06T15:06:37Z,308.581
PARTIAL,PYUSD:GDQE7IXJ4HUHV6RQHIUPRJSEZE4DRS5WY577O2FY6YQ5LVWZ7JZTU2V5/USDC:GA5ZSEJYB37JRC5AVCIA5MOP4RHTM335X2KGX3IHOJAPP5RE34K4KZVN,64302327,21,17,19,13,no,no,yes,no,37,6,4,6,"level counts differ: recorded 21 bid / 17 ask, rebuilt 19 bid / 13 ask",,recordings/ledgercount-2026-09-06/PYUSD.GDQE7IXJ-USDC.GA5ZSEJY/2026-09-06/64302327.json.gz,1.0.8-draft,2026-09-06T15:01:29Z,2026-09-06T15:06:39Z,310.455
PARTIAL,AUDD:GDC7X2MXTYSAKUUGAIQ7J7RPEIM7GXSAIWFYWWH4GLNFECQVJJLB2EEU/USDC:GA5ZSEJYB37JRC5AVCIA5MOP4RHTM335X2KGX3IHOJAPP5RE34K4KZVN,64302327,11,5,9,5,no,yes,no,yes,20,3,0,6,"level counts differ: recorded 11 bid / 5 ask, rebuilt 9 bid / 5 ask",,recordings/ledgercount-2026-09-06/AUDD.GDC7X2MX-USDC.GA5ZSEJY/2026-09-06/64302327.json.gz,1.0.8-draft,2026-09-06T15:01:30Z,2026-09-06T15:06:41Z,311.026
PARTIAL,ARST:GCSAZVWXZKWS4XS223M5F54H2B6XPIIXZZGP7KEAIU6YSL5HDRGCI3DG/USDC:GA5ZSEJYB37JRC5AVCIA5MOP4RHTM335X2KGX3IHOJAPP5RE34K4KZVN,64302327,6,23,4,19,no,no,yes,no,24,6,0,5,"level counts differ: recorded 6 bid / 23 ask, rebuilt 4 bid / 19 ask",,recordings/ledgercount-2026-09-06/ARST.GCSAZVWX-USDC.GA5ZSEJY/2026-09-06/64302327.json.gz,1.0.8-draft,2026-09-06T15:01:31Z,2026-09-06T15:06:42Z,311.595
MATCH,BRL:GDVKY2GU2DRXWTBEYJJWSFXIGBZV6AZNBVVSUHEPZI54LIS6BA7DVVSP/USDC:GA5ZSEJYB37JRC5AVCIA5MOP4RHTM335X2KGX3IHOJAPP5RE34K4KZVN,64302327,35,5,35,5,yes,yes,yes,yes,41,0,0,6,,,recordings/ledgercount-2026-09-06/BRL.GDVKY2GU-USDC.GA5ZSEJY/2026-09-06/64302327.json.gz,1.0.8-draft,2026-09-06T15:01:31Z,2026-09-06T15:06:43Z,312.997
PARTIAL,AQUA:GBNZILSTVQZ4R7IKQDGHYGY2QXL5QOFJYQMXPKWRRM5PAV7Y4M67AQUA/USDC:GA5ZSEJYB37JRC5AVCIA5MOP4RHTM335X2KGX3IHOJAPP5RE34K4KZVN,64302327,53,200,40,314,no,no,yes,yes,482,19,0,8,"level counts differ: recorded 53 bid / 200 ask, rebuilt 40 bid / 314 ask (a recorded side is at the endpoint limit and is a prefix)",,recordings/ledgercount-2026-09-06/AQUA.GBNZILST-USDC.GA5ZSEJY/2026-09-06/64302327.json.gz,1.0.8-draft,2026-09-06T15:01:32Z,2026-09-06T15:06:45Z,313.958
PARTIAL,USTRY:GCRYUGD5NVARGXT56XEZI5CIFCQETYHAPQQTHO2O3IQZTHDH4LATMYWC/USDC:GA5ZSEJYB37JRC5AVCIA5MOP4RHTM335X2KGX3IHOJAPP5RE34K4KZVN,64302328,15,11,14,11,no,no,yes,no,29,1,0,6,"level counts differ: recorded 15 bid / 11 ask, rebuilt 14 bid / 11 ask",,recordings/ledgercount-2026-09-06/USTRY.GCRYUGD5-USDC.GA5ZSEJY/2026-09-06/64302328.json.gz,1.0.8-draft,2026-09-06T15:01:33Z,2026-09-06T15:06:48Z,315.404
PARTIAL,XLM/USDC:GA5ZSEJYB37JRC5AVCIA5MOP4RHTM335X2KGX3IHOJAPP5RE34K4KZVN,64302348,200,200,738,1140,yes,no,yes,yes,4360,55,30,32,"bid 0 price differs: recorded 5000000/27277687, rebuilt 18308600/99999000",,recordings/ledgercount-2026-09-06/XLM.native-USDC.GA5ZSEJY/2026-09-06/64302348.json.gz,1.0.8-draft,2026-09-06T15:03:28Z,2026-09-06T15:08:28Z,300.005
PARTIAL,EURC:GDHU6WRG4IEQXM5NZ4BMPKOXHW76MZM4Y2IEMFDVXBSDP6SJY4ITNPP2/USDC:GA5ZSEJYB37JRC5AVCIA5MOP4RHTM335X2KGX3IHOJAPP5RE34K4KZVN,64302348,64,88,50,62,no,no,yes,no,123,40,1,6,"level counts differ: recorded 64 bid / 88 ask, rebuilt 50 bid / 62 ask",,recordings/ledgercount-2026-09-06/EURC.GDHU6WRG-USDC.GA5ZSEJY/2026-09-06/64302348.json.gz,1.0.8-draft,2026-09-06T15:03:28Z,2026-09-06T15:08:38Z,310.223
PARTIAL,PYUSD:GDQE7IXJ4HUHV6RQHIUPRJSEZE4DRS5WY577O2FY6YQ5LVWZ7JZTU2V5/USDC:GA5ZSEJYB37JRC5AVCIA5MOP4RHTM335X2KGX3IHOJAPP5RE34K4KZVN,64302348,21,17,19,13,no,no,yes,no,37,6,1,6,"level counts differ: recorded 21 bid / 17 ask, rebuilt 19 bid / 13 ask",,recordings/ledgercount-2026-09-06/PYUSD.GDQE7IXJ-USDC.GA5ZSEJY/2026-09-06/64302348.json.gz,1.0.8-draft,2026-09-06T15:03:29Z,2026-09-06T15:08:39Z,310.983
PARTIAL,AUDD:GDC7X2MXTYSAKUUGAIQ7J7RPEIM7GXSAIWFYWWH4GLNFECQVJJLB2EEU/USDC:GA5ZSEJYB37JRC5AVCIA5MOP4RHTM335X2KGX3IHOJAPP5RE34K4KZVN,64302348,11,5,8,5,no,no,yes,no,18,5,0,6,"level counts differ: recorded 11 bid / 5 ask, rebuilt 8 bid / 5 ask",,recordings/ledgercount-2026-09-06/AUDD.GDC7X2MX-USDC.GA5ZSEJY/2026-09-06/64302348.json.gz,1.0.8-draft,2026-09-06T15:03:29Z,2026-09-06T15:08:41Z,312.593
PARTIAL,ARST:GCSAZVWXZKWS4XS223M5F54H2B6XPIIXZZGP7KEAIU6YSL5HDRGCI3DG/USDC:GA5ZSEJYB37JRC5AVCIA5MOP4RHTM335X2KGX3IHOJAPP5RE34K4KZVN,64302348,6,23,4,17,no,no,yes,no,22,8,0,5,"level counts differ: recorded 6 bid / 23 ask, rebuilt 4 bid / 17 ask",,recordings/ledgercount-2026-09-06/ARST.GCSAZVWX-USDC.GA5ZSEJY/2026-09-06/64302348.json.gz,1.0.8-draft,2026-09-06T15:03:30Z,2026-09-06T15:08:43Z,313.158
MATCH,BRL:GDVKY2GU2DRXWTBEYJJWSFXIGBZV6AZNBVVSUHEPZI54LIS6BA7DVVSP/USDC:GA5ZSEJYB37JRC5AVCIA5MOP4RHTM335X2KGX3IHOJAPP5RE34K4KZVN,64302348,35,5,35,5,yes,yes,yes,yes,41,0,0,6,,,recordings/ledgercount-2026-09-06/BRL.GDVKY2GU-USDC.GA5ZSEJY/2026-09-06/64302348.json.gz,1.0.8-draft,2026-09-06T15:03:31Z,2026-09-06T15:08:44Z,313.555
PARTIAL,AQUA:GBNZILSTVQZ4R7IKQDGHYGY2QXL5QOFJYQMXPKWRRM5PAV7Y4M67AQUA/USDC:GA5ZSEJYB37JRC5AVCIA5MOP4RHTM335X2KGX3IHOJAPP5RE34K4KZVN,64302349,57,200,56,314,no,no,yes,yes,498,3,0,8,"level counts differ: recorded 57 bid / 200 ask, rebuilt 56 bid / 314 ask (a recorded side is at the endpoint limit and is a prefix)",,recordings/ledgercount-2026-09-06/AQUA.GBNZILST-USDC.GA5ZSEJY/2026-09-06/64302349.json.gz,1.0.8-draft,2026-09-06T15:03:31Z,2026-09-06T15:08:46Z,315.502
PARTIAL,USTRY:GCRYUGD5NVARGXT56XEZI5CIFCQETYHAPQQTHO2O3IQZTHDH4LATMYWC/USDC:GA5ZSEJYB37JRC5AVCIA5MOP4RHTM335X2KGX3IHOJAPP5RE34K4KZVN,64302349,15,11,14,11,no,no,yes,no,29,1,0,6,"level counts differ: recorded 15 bid / 11 ask, rebuilt 14 bid / 11 ask",,recordings/ledgercount-2026-09-06/USTRY.GCRYUGD5-USDC.GA5ZSEJY/2026-09-06/64302349.json.gz,1.0.8-draft,2026-09-06T15:03:32Z,2026-09-06T15:08:48Z,316.703
PARTIAL,XLM/USDC:GA5ZSEJYB37JRC5AVCIA5MOP4RHTM335X2KGX3IHOJAPP5RE34K4KZVN,64302370,200,200,726,1139,yes,no,yes,yes,4348,49,32,32,"bid 0 price differs: recorded 1250000/6820259, rebuilt 1829757/10000000",,recordings/ledgercount-2026-09-06/XLM.native-USDC.GA5ZSEJY/2026-09-06/64302370.json.gz,1.0.8-draft,2026-09-06T15:05:28Z,2026-09-06T15:10:28Z,300.002
PARTIAL,EURC:GDHU6WRG4IEQXM5NZ4BMPKOXHW76MZM4Y2IEMFDVXBSDP6SJY4ITNPP2/USDC:GA5ZSEJYB37JRC5AVCIA5MOP4RHTM335X2KGX3IHOJAPP5RE34K4KZVN,64302370,65,87,63,58,no,no,yes,no,131,28,1,6,"level counts differ: recorded 65 bid / 87 ask, rebuilt 63 bid / 58 ask",,recordings/ledgercount-2026-09-06/EURC.GDHU6WRG-USDC.GA5ZSEJY/2026-09-06/64302370.json.gz,1.0.8-draft,2026-09-06T15:05:28Z,2026-09-06T15:10:37Z,309.531
PARTIAL,PYUSD:GDQE7IXJ4HUHV6RQHIUPRJSEZE4DRS5WY577O2FY6YQ5LVWZ7JZTU2V5/USDC:GA5ZSEJYB37JRC5AVCIA5MOP4RHTM335X2KGX3IHOJAPP5RE34K4KZVN,64302370,21,17,19,13,no,no,yes,no,37,6,1,6,"level counts differ: recorded 21 bid / 17 ask, rebuilt 19 bid / 13 ask",,recordings/ledgercount-2026-09-06/PYUSD.GDQE7IXJ-USDC.GA5ZSEJY/2026-09-06/64302370.json.gz,1.0.8-draft,2026-09-06T15:05:29Z,2026-09-06T15:10:39Z,310.121
PARTIAL,AUDD:GDC7X2MXTYSAKUUGAIQ7J7RPEIM7GXSAIWFYWWH4GLNFECQVJJLB2EEU/USDC:GA5ZSEJYB37JRC5AVCIA5MOP4RHTM335X2KGX3IHOJAPP5RE34K4KZVN,64302370,11,5,8,5,no,no,yes,no,18,5,0,7,"level counts differ: recorded 11 bid / 5 ask, rebuilt 8 bid / 5 ask",,recordings/ledgercount-2026-09-06/AUDD.GDC7X2MX-USDC.GA5ZSEJY/2026-09-06/64302370.json.gz,1.0.8-draft,2026-09-06T15:05:29Z,2026-09-06T15:10:40Z,311.912
PARTIAL,ARST:GCSAZVWXZKWS4XS223M5F54H2B6XPIIXZZGP7KEAIU6YSL5HDRGCI3DG/USDC:GA5ZSEJYB37JRC5AVCIA5MOP4RHTM335X2KGX3IHOJAPP5RE34K4KZVN,64302370,6,23,4,17,no,no,yes,no,22,8,0,5,"level counts differ: recorded 6 bid / 23 ask, rebuilt 4 bid / 17 ask",,recordings/ledgercount-2026-09-06/ARST.GCSAZVWX-USDC.GA5ZSEJY/2026-09-06/64302370.json.gz,1.0.8-draft,2026-09-06T15:05:30Z,2026-09-06T15:10:43Z,313.003
MATCH,BRL:GDVKY2GU2DRXWTBEYJJWSFXIGBZV6AZNBVVSUHEPZI54LIS6BA7DVVSP/USDC:GA5ZSEJYB37JRC5AVCIA5MOP4RHTM335X2KGX3IHOJAPP5RE34K4KZVN,64302370,35,5,35,5,yes,yes,yes,yes,41,0,0,6,,,recordings/ledgercount-2026-09-06/BRL.GDVKY2GU-USDC.GA5ZSEJY/2026-09-06/64302370.json.gz,1.0.8-draft,2026-09-06T15:05:30Z,2026-09-06T15:10:44Z,314.371
PARTIAL,AQUA:GBNZILSTVQZ4R7IKQDGHYGY2QXL5QOFJYQMXPKWRRM5PAV7Y4M67AQUA/USDC:GA5ZSEJYB37JRC5AVCIA5MOP4RHTM335X2KGX3IHOJAPP5RE34K4KZVN,64302370,57,200,56,314,no,no,yes,yes,498,3,0,8,"level counts differ: recorded 57 bid / 200 ask, rebuilt 56 bid / 314 ask (a recorded side is at the endpoint limit and is a prefix)",,recordings/ledgercount-2026-09-06/AQUA.GBNZILST-USDC.GA5ZSEJY/2026-09-06/64302370.json.gz,1.0.8-draft,2026-09-06T15:05:31Z,2026-09-06T15:10:46Z,315.228
PARTIAL,USTRY:GCRYUGD5NVARGXT56XEZI5CIFCQETYHAPQQTHO2O3IQZTHDH4LATMYWC/USDC:GA5ZSEJYB37JRC5AVCIA5MOP4RHTM335X2KGX3IHOJAPP5RE34K4KZVN,64302370,15,11,14,11,no,no,yes,no,29,1,0,6,"level counts differ: recorded 15 bid / 11 ask, rebuilt 14 bid / 11 ask",,recordings/ledgercount-2026-09-06/USTRY.GCRYUGD5-USDC.GA5ZSEJY/2026-09-06/64302370.json.gz,1.0.8-draft,2026-09-06T15:05:32Z,2026-09-06T15:10:48Z,316.712
PARTIAL,XLM/USDC:GA5ZSEJYB37JRC5AVCIA5MOP4RHTM335X2KGX3IHOJAPP5RE34K4KZVN,64302391,200,200,723,1139,yes,no,yes,yes,4346,53,26,32,"bid 0 price differs: recorded 25856161/141104072, rebuilt 1829757/10000000",,recordings/ledgercount-2026-09-06/XLM.native-USDC.GA5ZSEJY/2026-09-06/64302391.json.gz,1.0.8-draft,2026-09-06T15:07:28Z,2026-09-06T15:12:28Z,300.004
PARTIAL,EURC:GDHU6WRG4IEQXM5NZ4BMPKOXHW76MZM4Y2IEMFDVXBSDP6SJY4ITNPP2/USDC:GA5ZSEJYB37JRC5AVCIA5MOP4RHTM335X2KGX3IHOJAPP5RE34K4KZVN,64302391,65,86,63,64,no,no,yes,no,136,24,1,6,"level counts differ: recorded 65 bid / 86 ask, rebuilt 63 bid / 64 ask",,recordings/ledgercount-2026-09-06/EURC.GDHU6WRG-USDC.GA5ZSEJY/2026-09-06/64302391.json.gz,1.0.8-draft,2026-09-06T15:07:28Z,2026-09-06T15:12:38Z,310.258
PARTIAL,PYUSD:GDQE7IXJ4HUHV6RQHIUPRJSEZE4DRS5WY577O2FY6YQ5LVWZ7JZTU2V5/USDC:GA5ZSEJYB37JRC5AVCIA5MOP4RHTM335X2KGX3IHOJAPP5RE34K4KZVN,64302391,21,17,21,13,no,no,yes,no,39,4,0,5,"level counts differ: recorded 21 bid / 17 ask, rebuilt 21 bid / 13 ask",,recordings/ledgercount-2026-09-06/PYUSD.GDQE7IXJ-USDC.GA5ZSEJY/2026-09-06/64302391.json.gz,1.0.8-draft,2026-09-06T15:07:29Z,2026-09-06T15:12:40Z,311.679
PARTIAL,AUDD:GDC7X2MXTYSAKUUGAIQ7J7RPEIM7GXSAIWFYWWH4GLNFECQVJJLB2EEU/USDC:GA5ZSEJYB37JRC5AVCIA5MOP4RHTM335X2KGX3IHOJAPP5RE34K4KZVN,64302391,11,5,8,5,no,no,yes,no,18,5,0,8,"level counts differ: recorded 11 bid / 5 ask, rebuilt 8 bid / 5 ask",,recordings/ledgercount-2026-09-06/AUDD.GDC7X2MX-USDC.GA5ZSEJY/2026-09-06/64302391.json.gz,1.0.8-draft,2026-09-06T15:07:29Z,2026-09-06T15:12:42Z,313.09
MATCH,ARST:GCSAZVWXZKWS4XS223M5F54H2B6XPIIXZZGP7KEAIU6YSL5HDRGCI3DG/USDC:GA5ZSEJYB37JRC5AVCIA5MOP4RHTM335X2KGX3IHOJAPP5RE34K4KZVN,64302391,6,23,6,23,yes,yes,yes,yes,30,0,0,6,,,recordings/ledgercount-2026-09-06/ARST.GCSAZVWX-USDC.GA5ZSEJY/2026-09-06/64302391.json.gz,1.0.8-draft,2026-09-06T15:07:30Z,2026-09-06T15:12:44Z,314.383
MATCH,BRL:GDVKY2GU2DRXWTBEYJJWSFXIGBZV6AZNBVVSUHEPZI54LIS6BA7DVVSP/USDC:GA5ZSEJYB37JRC5AVCIA5MOP4RHTM335X2KGX3IHOJAPP5RE34K4KZVN,64302391,35,5,35,5,yes,yes,yes,yes,41,0,0,6,,,recordings/ledgercount-2026-09-06/BRL.GDVKY2GU-USDC.GA5ZSEJY/2026-09-06/64302391.json.gz,1.0.8-draft,2026-09-06T15:07:30Z,2026-09-06T15:12:46Z,316.153
PARTIAL,AQUA:GBNZILSTVQZ4R7IKQDGHYGY2QXL5QOFJYQMXPKWRRM5PAV7Y4M67AQUA/USDC:GA5ZSEJYB37JRC5AVCIA5MOP4RHTM335X2KGX3IHOJAPP5RE34K4KZVN,64302392,57,200,56,300,no,no,yes,yes,484,17,0,8,"level counts differ: recorded 57 bid / 200 ask, rebuilt 56 bid / 300 ask (a recorded side is at the endpoint limit and is a prefix)",,recordings/ledgercount-2026-09-06/AQUA.GBNZILST-USDC.GA5ZSEJY/2026-09-06/64302392.json.gz,1.0.8-draft,2026-09-06T15:07:31Z,2026-09-06T15:12:47Z,316.773
PARTIAL,USTRY:GCRYUGD5NVARGXT56XEZI5CIFCQETYHAPQQTHO2O3IQZTHDH4LATMYWC/USDC:GA5ZSEJYB37JRC5AVCIA5MOP4RHTM335X2KGX3IHOJAPP5RE34K4KZVN,64302392,15,11,14,11,no,no,yes,no,29,1,0,6,"level counts differ: recorded 15 bid / 11 ask, rebuilt 14 bid / 11 ask",,recordings/ledgercount-2026-09-06/USTRY.GCRYUGD5-USDC.GA5ZSEJY/2026-09-06/64302392.json.gz,1.0.8-draft,2026-09-06T15:07:31Z,2026-09-06T15:12:49Z,318.911
PARTIAL,XLM/USDC:GA5ZSEJYB37JRC5AVCIA5MOP4RHTM335X2KGX3IHOJAPP5RE34K4KZVN,64302412,200,200,723,1139,yes,no,yes,yes,4346,53,19,34,"bid 0 price differs: recorded 5000000/27279979, rebuilt 1829757/10000000",,recordings/ledgercount-2026-09-06/XLM.native-USDC.GA5ZSEJY/2026-09-06/64302412.json.gz,1.0.8-draft,2026-09-06T15:09:28Z,2026-09-06T15:14:28Z,300.005
PARTIAL,EURC:GDHU6WRG4IEQXM5NZ4BMPKOXHW76MZM4Y2IEMFDVXBSDP6SJY4ITNPP2/USDC:GA5ZSEJYB37JRC5AVCIA5MOP4RHTM335X2KGX3IHOJAPP5RE34K4KZVN,64302413,64,85,63,66,no,no,yes,no,138,19,0,6,"level counts differ: recorded 64 bid / 85 ask, rebuilt 63 bid / 66 ask",,recordings/ledgercount-2026-09-06/EURC.GDHU6WRG-USDC.GA5ZSEJY/2026-09-06/64302413.json.gz,1.0.8-draft,2026-09-06T15:09:28Z,2026-09-06T15:14:40Z,312.947
PARTIAL,PYUSD:GDQE7IXJ4HUHV6RQHIUPRJSEZE4DRS5WY577O2FY6YQ5LVWZ7JZTU2V5/USDC:GA5ZSEJYB37JRC5AVCIA5MOP4RHTM335X2KGX3IHOJAPP5RE34K4KZVN,64302413,21,17,21,13,no,no,yes,no,39,4,0,5,"level counts differ: recorded 21 bid / 17 ask, rebuilt 21 bid / 13 ask",,recordings/ledgercount-2026-09-06/PYUSD.GDQE7IXJ-USDC.GA5ZSEJY/2026-09-06/64302413.json.gz,1.0.8-draft,2026-09-06T15:09:29Z,2026-09-06T15:14:42Z,313.589
PARTIAL,AUDD:GDC7X2MXTYSAKUUGAIQ7J7RPEIM7GXSAIWFYWWH4GLNFECQVJJLB2EEU/USDC:GA5ZSEJYB37JRC5AVCIA5MOP4RHTM335X2KGX3IHOJAPP5RE34K4KZVN,64302413,11,5,8,5,no,no,yes,no,18,5,0,9,"level counts differ: recorded 11 bid / 5 ask, rebuilt 8 bid / 5 ask",,recordings/ledgercount-2026-09-06/AUDD.GDC7X2MX-USDC.GA5ZSEJY/2026-09-06/64302413.json.gz,1.0.8-draft,2026-09-06T15:09:29Z,2026-09-06T15:14:43Z,314.876
MATCH,ARST:GCSAZVWXZKWS4XS223M5F54H2B6XPIIXZZGP7KEAIU6YSL5HDRGCI3DG/USDC:GA5ZSEJYB37JRC5AVCIA5MOP4RHTM335X2KGX3IHOJAPP5RE34K4KZVN,64302413,6,23,6,23,yes,yes,yes,yes,30,0,0,6,,,recordings/ledgercount-2026-09-06/ARST.GCSAZVWX-USDC.GA5ZSEJY/2026-09-06/64302413.json.gz,1.0.8-draft,2026-09-06T15:09:30Z,2026-09-06T15:14:46Z,316.471
MATCH,BRL:GDVKY2GU2DRXWTBEYJJWSFXIGBZV6AZNBVVSUHEPZI54LIS6BA7DVVSP/USDC:GA5ZSEJYB37JRC5AVCIA5MOP4RHTM335X2KGX3IHOJAPP5RE34K4KZVN,64302413,35,5,35,5,yes,yes,yes,yes,41,0,0,6,,,recordings/ledgercount-2026-09-06/BRL.GDVKY2GU-USDC.GA5ZSEJY/2026-09-06/64302413.json.gz,1.0.8-draft,2026-09-06T15:09:30Z,2026-09-06T15:14:48Z,318.283
PARTIAL,AQUA:GBNZILSTVQZ4R7IKQDGHYGY2QXL5QOFJYQMXPKWRRM5PAV7Y4M67AQUA/USDC:GA5ZSEJYB37JRC5AVCIA5MOP4RHTM335X2KGX3IHOJAPP5RE34K4KZVN,64302413,57,200,48,293,no,no,yes,yes,469,29,0,8,"level counts differ: recorded 57 bid / 200 ask, rebuilt 48 bid / 293 ask (a recorded side is at the endpoint limit and is a prefix)",,recordings/ledgercount-2026-09-06/AQUA.GBNZILST-USDC.GA5ZSEJY/2026-09-06/64302413.json.gz,1.0.8-draft,2026-09-06T15:09:31Z,2026-09-06T15:14:49Z,318.965
PARTIAL,USTRY:GCRYUGD5NVARGXT56XEZI5CIFCQETYHAPQQTHO2O3IQZTHDH4LATMYWC/USDC:GA5ZSEJYB37JRC5AVCIA5MOP4RHTM335X2KGX3IHOJAPP5RE34K4KZVN,64302413,15,11,14,11,no,no,yes,no,29,1,0,6,"level counts differ: recorded 15 bid / 11 ask, rebuilt 14 bid / 11 ask",,recordings/ledgercount-2026-09-06/USTRY.GCRYUGD5-USDC.GA5ZSEJY/2026-09-06/64302413.json.gz,1.0.8-draft,2026-09-06T15:09:31Z,2026-09-06T15:14:52Z,321.349
PARTIAL,XLM/USDC:GA5ZSEJYB37JRC5AVCIA5MOP4RHTM335X2KGX3IHOJAPP5RE34K4KZVN,64302434,200,200,721,1139,yes,no,yes,yes,4347,55,14,33,"bid 0 price differs: recorded 18328167/100000000, rebuilt 1829757/10000000",,recordings/ledgercount-2026-09-06/XLM.native-USDC.GA5ZSEJY/2026-09-06/64302434.json.gz,1.0.8-draft,2026-09-06T15:11:28Z,2026-09-06T15:16:28Z,300.003
PARTIAL,EURC:GDHU6WRG4IEQXM5NZ4BMPKOXHW76MZM4Y2IEMFDVXBSDP6SJY4ITNPP2/USDC:GA5ZSEJYB37JRC5AVCIA5MOP4RHTM335X2KGX3IHOJAPP5RE34K4KZVN,64302434,64,84,63,70,no,no,yes,no,143,13,0,6,"level counts differ: recorded 64 bid / 84 ask, rebuilt 63 bid / 70 ask",,recordings/ledgercount-2026-09-06/EURC.GDHU6WRG-USDC.GA5ZSEJY/2026-09-06/64302434.json.gz,1.0.8-draft,2026-09-06T15:11:28Z,2026-09-06T15:16:38Z,310.185
PARTIAL,PYUSD:GDQE7IXJ4HUHV6RQHIUPRJSEZE4DRS5WY577O2FY6YQ5LVWZ7JZTU2V5/USDC:GA5ZSEJYB37JRC5AVCIA5MOP4RHTM335X2KGX3IHOJAPP5RE34K4KZVN,64302434,21,16,19,13,no,no,yes,no,37,6,1,6,"level counts differ: recorded 21 bid / 16 ask, rebuilt 19 bid / 13 ask",,recordings/ledgercount-2026-09-06/PYUSD.GDQE7IXJ-USDC.GA5ZSEJY/2026-09-06/64302434.json.gz,1.0.8-draft,2026-09-06T15:11:30Z,2026-09-06T15:16:39Z,309.985
PARTIAL,AUDD:GDC7X2MXTYSAKUUGAIQ7J7RPEIM7GXSAIWFYWWH4GLNFECQVJJLB2EEU/USDC:GA5ZSEJYB37JRC5AVCIA5MOP4RHTM335X2KGX3IHOJAPP5RE34K4KZVN,64302435,11,5,8,5,no,no,yes,no,18,5,0,8,"level counts differ: recorded 11 bid / 5 ask, rebuilt 8 bid / 5 ask",,recordings/ledgercount-2026-09-06/AUDD.GDC7X2MX-USDC.GA5ZSEJY/2026-09-06/64302435.json.gz,1.0.8-draft,2026-09-06T15:11:31Z,2026-09-06T15:16:41Z,310.707
MATCH,ARST:GCSAZVWXZKWS4XS223M5F54H2B6XPIIXZZGP7KEAIU6YSL5HDRGCI3DG/USDC:GA5ZSEJYB37JRC5AVCIA5MOP4RHTM335X2KGX3IHOJAPP5RE34K4KZVN,64302435,6,23,6,23,yes,yes,yes,yes,30,0,0,5,,,recordings/ledgercount-2026-09-06/ARST.GCSAZVWX-USDC.GA5ZSEJY/2026-09-06/64302435.json.gz,1.0.8-draft,2026-09-06T15:11:31Z,2026-09-06T15:16:48Z,317.612
MATCH,BRL:GDVKY2GU2DRXWTBEYJJWSFXIGBZV6AZNBVVSUHEPZI54LIS6BA7DVVSP/USDC:GA5ZSEJYB37JRC5AVCIA5MOP4RHTM335X2KGX3IHOJAPP5RE34K4KZVN,64302435,35,5,35,5,yes,yes,yes,yes,41,0,0,5,,,recordings/ledgercount-2026-09-06/BRL.GDVKY2GU-USDC.GA5ZSEJY/2026-09-06/64302435.json.gz,1.0.8-draft,2026-09-06T15:11:32Z,2026-09-06T15:16:49Z,317.954
PARTIAL,AQUA:GBNZILSTVQZ4R7IKQDGHYGY2QXL5QOFJYQMXPKWRRM5PAV7Y4M67AQUA/USDC:GA5ZSEJYB37JRC5AVCIA5MOP4RHTM335X2KGX3IHOJAPP5RE34K4KZVN,64302435,57,200,44,296,no,no,yes,yes,468,26,0,8,"level counts differ: recorded 57 bid / 200 ask, rebuilt 44 bid / 296 ask (a recorded side is at the endpoint limit and is a prefix)",,recordings/ledgercount-2026-09-06/AQUA.GBNZILST-USDC.GA5ZSEJY/2026-09-06/64302435.json.gz,1.0.8-draft,2026-09-06T15:11:33Z,2026-09-06T15:16:51Z,318.247
PARTIAL,USTRY:GCRYUGD5NVARGXT56XEZI5CIFCQETYHAPQQTHO2O3IQZTHDH4LATMYWC/USDC:GA5ZSEJYB37JRC5AVCIA5MOP4RHTM335X2KGX3IHOJAPP5RE34K4KZVN,64302435,15,11,14,11,no,no,yes,no,29,1,0,7,"level counts differ: recorded 15 bid / 11 ask, rebuilt 14 bid / 11 ask",,recordings/ledgercount-2026-09-06/USTRY.GCRYUGD5-USDC.GA5ZSEJY/2026-09-06/64302435.json.gz,1.0.8-draft,2026-09-06T15:11:34Z,2026-09-06T15:16:53Z,319.482
PARTIAL,XLM/USDC:GA5ZSEJYB37JRC5AVCIA5MOP4RHTM335X2KGX3IHOJAPP5RE34K4KZVN,64302455,200,200,721,1137,yes,no,yes,yes,4347,72,11,33,"bid 0 price differs: recorded 10000000/54613033, rebuilt 1829757/10000000",,recordings/ledgercount-2026-09-06/XLM.native-USDC.GA5ZSEJY/2026-09-06/64302455.json.gz,1.0.8-draft,2026-09-06T15:13:28Z,2026-09-06T15:18:28Z,300.002
PARTIAL,EURC:GDHU6WRG4IEQXM5NZ4BMPKOXHW76MZM4Y2IEMFDVXBSDP6SJY4ITNPP2/USDC:GA5ZSEJYB37JRC5AVCIA5MOP4RHTM335X2KGX3IHOJAPP5RE34K4KZVN,64302456,65,83,58,58,no,no,yes,no,127,26,1,6,"level counts differ: recorded 65 bid / 83 ask, rebuilt 58 bid / 58 ask",,recordings/ledgercount-2026-09-06/EURC.GDHU6WRG-USDC.GA5ZSEJY/2026-09-06/64302456.json.gz,1.0.8-draft,2026-09-06T15:13:28Z,2026-09-06T15:18:40Z,312.449
PARTIAL,PYUSD:GDQE7IXJ4HUHV6RQHIUPRJSEZE4DRS5WY577O2FY6YQ5LVWZ7JZTU2V5/USDC:GA5ZSEJYB37JRC5AVCIA5MOP4RHTM335X2KGX3IHOJAPP5RE34K4KZVN,64302456,21,17,19,13,no,no,yes,no,37,6,1,6,"level counts differ: recorded 21 bid / 17 ask, rebuilt 19 bid / 13 ask",,recordings/ledgercount-2026-09-06/PYUSD.GDQE7IXJ-USDC.GA5ZSEJY/2026-09-06/64302456.json.gz,1.0.8-draft,2026-09-06T15:13:29Z,2026-09-06T15:18:42Z,313.224
MATCH,AUDD:GDC7X2MXTYSAKUUGAIQ7J7RPEIM7GXSAIWFYWWH4GLNFECQVJJLB2EEU/USDC:GA5ZSEJYB37JRC5AVCIA5MOP4RHTM335X2KGX3IHOJAPP5RE34K4KZVN,64302456,11,5,11,5,yes,yes,yes,yes,23,0,0,8,,,recordings/ledgercount-2026-09-06/AUDD.GDC7X2MX-USDC.GA5ZSEJY/2026-09-06/64302456.json.gz,1.0.8-draft,2026-09-06T15:13:29Z,2026-09-06T15:18:43Z,314.813
MATCH,ARST:GCSAZVWXZKWS4XS223M5F54H2B6XPIIXZZGP7KEAIU6YSL5HDRGCI3DG/USDC:GA5ZSEJYB37JRC5AVCIA5MOP4RHTM335X2KGX3IHOJAPP5RE34K4KZVN,64302456,6,23,6,23,yes,yes,yes,yes,30,0,0,5,,,recordings/ledgercount-2026-09-06/ARST.GCSAZVWX-USDC.GA5ZSEJY/2026-09-06/64302456.json.gz,1.0.8-draft,2026-09-06T15:13:30Z,2026-09-06T15:18:46Z,316.406
MATCH,BRL:GDVKY2GU2DRXWTBEYJJWSFXIGBZV6AZNBVVSUHEPZI54LIS6BA7DVVSP/USDC:GA5ZSEJYB37JRC5AVCIA5MOP4RHTM335X2KGX3IHOJAPP5RE34K4KZVN,64302456,35,5,35,5,yes,yes,yes,yes,41,0,0,5,,,recordings/ledgercount-2026-09-06/BRL.GDVKY2GU-USDC.GA5ZSEJY/2026-09-06/64302456.json.gz,1.0.8-draft,2026-09-06T15:13:30Z,2026-09-06T15:18:47Z,317.727
PARTIAL,AQUA:GBNZILSTVQZ4R7IKQDGHYGY2QXL5QOFJYQMXPKWRRM5PAV7Y4M67AQUA/USDC:GA5ZSEJYB37JRC5AVCIA5MOP4RHTM335X2KGX3IHOJAPP5RE34K4KZVN,64302456,57,200,42,314,no,no,yes,yes,484,15,0,7,"level counts differ: recorded 57 bid / 200 ask, rebuilt 42 bid / 314 ask (a recorded side is at the endpoint limit and is a prefix)",,recordings/ledgercount-2026-09-06/AQUA.GBNZILST-USDC.GA5ZSEJY/2026-09-06/64302456.json.gz,1.0.8-draft,2026-09-06T15:13:31Z,2026-09-06T15:18:49Z,318.126
PARTIAL,USTRY:GCRYUGD5NVARGXT56XEZI5CIFCQETYHAPQQTHO2O3IQZTHDH4LATMYWC/USDC:GA5ZSEJYB37JRC5AVCIA5MOP4RHTM335X2KGX3IHOJAPP5RE34K4KZVN,64302456,15,11,14,10,no,no,yes,no,28,2,0,6,"level counts differ: recorded 15 bid / 11 ask, rebuilt 14 bid / 10 ask",,recordings/ledgercount-2026-09-06/USTRY.GCRYUGD5-USDC.GA5ZSEJY/2026-09-06/64302456.json.gz,1.0.8-draft,2026-09-06T15:13:33Z,2026-09-06T15:18:51Z,318.053
PARTIAL,XLM/USDC:GA5ZSEJYB37JRC5AVCIA5MOP4RHTM335X2KGX3IHOJAPP5RE34K4KZVN,64302477,200,200,735,1131,yes,no,yes,yes,4352,60,18,32,"bid 0 price differs: recorded 10000000/54613033, rebuilt 1829757/10000000",,recordings/ledgercount-2026-09-06/XLM.native-USDC.GA5ZSEJY/2026-09-06/64302477.json.gz,1.0.8-draft,2026-09-06T15:15:28Z,2026-09-06T15:20:28Z,300.007
PARTIAL,EURC:GDHU6WRG4IEQXM5NZ4BMPKOXHW76MZM4Y2IEMFDVXBSDP6SJY4ITNPP2/USDC:GA5ZSEJYB37JRC5AVCIA5MOP4RHTM335X2KGX3IHOJAPP5RE34K4KZVN,64302477,65,81,58,55,no,no,yes,no,124,43,1,6,"level counts differ: recorded 65 bid / 81 ask, rebuilt 58 bid / 55 ask",,recordings/ledgercount-2026-09-06/EURC.GDHU6WRG-USDC.GA5ZSEJY/2026-09-06/64302477.json.gz,1.0.8-draft,2026-09-06T15:15:28Z,2026-09-06T15:20:37Z,309.855
PARTIAL,PYUSD:GDQE7IXJ4HUHV6RQHIUPRJSEZE4DRS5WY577O2FY6YQ5LVWZ7JZTU2V5/USDC:GA5ZSEJYB37JRC5AVCIA5MOP4RHTM335X2KGX3IHOJAPP5RE34K4KZVN,64302477,21,17,19,13,no,no,yes,no,37,6,1,6,"level counts differ: recorded 21 bid / 17 ask, rebuilt 19 bid / 13 ask",,recordings/ledgercount-2026-09-06/PYUSD.GDQE7IXJ-USDC.GA5ZSEJY/2026-09-06/64302477.json.gz,1.0.8-draft,2026-09-06T15:15:29Z,2026-09-06T15:20:39Z,310.554
PARTIAL,AUDD:GDC7X2MXTYSAKUUGAIQ7J7RPEIM7GXSAIWFYWWH4GLNFECQVJJLB2EEU/USDC:GA5ZSEJYB37JRC5AVCIA5MOP4RHTM335X2KGX3IHOJAPP5RE34K4KZVN,64302477,11,5,8,5,no,no,yes,no,18,5,0,7,"level counts differ: recorded 11 bid / 5 ask, rebuilt 8 bid / 5 ask",,recordings/ledgercount-2026-09-06/AUDD.GDC7X2MX-USDC.GA5ZSEJY/2026-09-06/64302477.json.gz,1.0.8-draft,2026-09-06T15:15:29Z,2026-09-06T15:20:41Z,312.22
MATCH,ARST:GCSAZVWXZKWS4XS223M5F54H2B6XPIIXZZGP7KEAIU6YSL5HDRGCI3DG/USDC:GA5ZSEJYB37JRC5AVCIA5MOP4RHTM335X2KGX3IHOJAPP5RE34K4KZVN,64302477,6,23,6,23,yes,yes,yes,yes,30,0,0,5,,,recordings/ledgercount-2026-09-06/ARST.GCSAZVWX-USDC.GA5ZSEJY/2026-09-06/64302477.json.gz,1.0.8-draft,2026-09-06T15:15:30Z,2026-09-06T15:20:43Z,313.335
MATCH,BRL:GDVKY2GU2DRXWTBEYJJWSFXIGBZV6AZNBVVSUHEPZI54LIS6BA7DVVSP/USDC:GA5ZSEJYB37JRC5AVCIA5MOP4RHTM335X2KGX3IHOJAPP5RE34K4KZVN,64302478,35,5,35,5,yes,yes,yes,yes,41,0,0,5,,,recordings/ledgercount-2026-09-06/BRL.GDVKY2GU-USDC.GA5ZSEJY/2026-09-06/64302478.json.gz,1.0.8-draft,2026-09-06T15:15:30Z,2026-09-06T15:20:44Z,314.895
PARTIAL,AQUA:GBNZILSTVQZ4R7IKQDGHYGY2QXL5QOFJYQMXPKWRRM5PAV7Y4M67AQUA/USDC:GA5ZSEJYB37JRC5AVCIA5MOP4RHTM335X2KGX3IHOJAPP5RE34K4KZVN,64302478,53,200,41,314,no,no,yes,yes,483,16,0,8,"level counts differ: recorded 53 bid / 200 ask, rebuilt 41 bid / 314 ask (a recorded side is at the endpoint limit and is a prefix)",,recordings/ledgercount-2026-09-06/AQUA.GBNZILST-USDC.GA5ZSEJY/2026-09-06/64302478.json.gz,1.0.8-draft,2026-09-06T15:15:31Z,2026-09-06T15:20:47Z,316.013
PARTIAL,USTRY:GCRYUGD5NVARGXT56XEZI5CIFCQETYHAPQQTHO2O3IQZTHDH4LATMYWC/USDC:GA5ZSEJYB37JRC5AVCIA5MOP4RHTM335X2KGX3IHOJAPP5RE34K4KZVN,64302478,15,11,14,10,no,no,yes,no,28,2,0,6,"level counts differ: recorded 15 bid / 11 ask, rebuilt 14 bid / 10 ask",,recordings/ledgercount-2026-09-06/USTRY.GCRYUGD5-USDC.GA5ZSEJY/2026-09-06/64302478.json.gz,1.0.8-draft,2026-09-06T15:15:31Z,2026-09-06T15:20:49Z,318.363
PARTIAL,XLM/USDC:GA5ZSEJYB37JRC5AVCIA5MOP4RHTM335X2KGX3IHOJAPP5RE34K4KZVN,64302499,200,200,738,1126,yes,no,yes,yes,4350,67,14,34,"bid 0 price differs: recorded 9169083/50000000, rebuilt 1829757/10000000",,recordings/ledgercount-2026-09-06/XLM.native-USDC.GA5ZSEJY/2026-09-06/64302499.json.gz,1.0.8-draft,2026-09-06T15:17:28Z,2026-09-06T15:22:28Z,300.005
PARTIAL,EURC:GDHU6WRG4IEQXM5NZ4BMPKOXHW76MZM4Y2IEMFDVXBSDP6SJY4ITNPP2/USDC:GA5ZSEJYB37JRC5AVCIA5MOP4RHTM335X2KGX3IHOJAPP5RE34K4KZVN,64302499,65,81,48,69,no,no,yes,no,128,41,1,6,"level counts differ: recorded 65 bid / 81 ask, rebuilt 48 bid / 69 ask",,recordings/ledgercount-2026-09-06/EURC.GDHU6WRG-USDC.GA5ZSEJY/2026-09-06/64302499.json.gz,1.0.8-draft,2026-09-06T15:17:28Z,2026-09-06T15:22:39Z,311.484
PARTIAL,PYUSD:GDQE7IXJ4HUHV6RQHIUPRJSEZE4DRS5WY577O2FY6YQ5LVWZ7JZTU2V5/USDC:GA5ZSEJYB37JRC5AVCIA5MOP4RHTM335X2KGX3IHOJAPP5RE34K4KZVN,64302499,21,17,19,14,no,no,yes,no,38,5,1,6,"level counts differ: recorded 21 bid / 17 ask, rebuilt 19 bid / 14 ask",,recordings/ledgercount-2026-09-06/PYUSD.GDQE7IXJ-USDC.GA5ZSEJY/2026-09-06/64302499.json.gz,1.0.8-draft,2026-09-06T15:17:29Z,2026-09-06T15:22:41Z,312.274
PARTIAL,AUDD:GDC7X2MXTYSAKUUGAIQ7J7RPEIM7GXSAIWFYWWH4GLNFECQVJJLB2EEU/USDC:GA5ZSEJYB37JRC5AVCIA5MOP4RHTM335X2KGX3IHOJAPP5RE34K4KZVN,64302499,11,5,8,5,no,no,yes,no,18,5,0,6,"level counts differ: recorded 11 bid / 5 ask, rebuilt 8 bid / 5 ask",,recordings/ledgercount-2026-09-06/AUDD.GDC7X2MX-USDC.GA5ZSEJY/2026-09-06/64302499.json.gz,1.0.8-draft,2026-09-06T15:17:29Z,2026-09-06T15:22:42Z,313.848
MATCH,ARST:GCSAZVWXZKWS4XS223M5F54H2B6XPIIXZZGP7KEAIU6YSL5HDRGCI3DG/USDC:GA5ZSEJYB37JRC5AVCIA5MOP4RHTM335X2KGX3IHOJAPP5RE34K4KZVN,64302499,6,23,6,23,yes,yes,yes,yes,30,0,0,5,,,recordings/ledgercount-2026-09-06/ARST.GCSAZVWX-USDC.GA5ZSEJY/2026-09-06/64302499.json.gz,1.0.8-draft,2026-09-06T15:17:30Z,2026-09-06T15:22:44Z,314.385
MATCH,BRL:GDVKY2GU2DRXWTBEYJJWSFXIGBZV6AZNBVVSUHEPZI54LIS6BA7DVVSP/USDC:GA5ZSEJYB37JRC5AVCIA5MOP4RHTM335X2KGX3IHOJAPP5RE34K4KZVN,64302499,35,5,35,5,yes,yes,yes,yes,41,0,0,6,,,recordings/ledgercount-2026-09-06/BRL.GDVKY2GU-USDC.GA5ZSEJY/2026-09-06/64302499.json.gz,1.0.8-draft,2026-09-06T15:17:30Z,2026-09-06T15:22:45Z,315.774
PARTIAL,AQUA:GBNZILSTVQZ4R7IKQDGHYGY2QXL5QOFJYQMXPKWRRM5PAV7Y4M67AQUA/USDC:GA5ZSEJYB37JRC5AVCIA5MOP4RHTM335X2KGX3IHOJAPP5RE34K4KZVN,64302499,51,200,47,314,no,no,yes,yes,489,10,0,8,"level counts differ: recorded 51 bid / 200 ask, rebuilt 47 bid / 314 ask (a recorded side is at the endpoint limit and is a prefix)",,recordings/ledgercount-2026-09-06/AQUA.GBNZILST-USDC.GA5ZSEJY/2026-09-06/64302499.json.gz,1.0.8-draft,2026-09-06T15:17:32Z,2026-09-06T15:22:47Z,315.341
PARTIAL,USTRY:GCRYUGD5NVARGXT56XEZI5CIFCQETYHAPQQTHO2O3IQZTHDH4LATMYWC/USDC:GA5ZSEJYB37JRC5AVCIA5MOP4RHTM335X2KGX3IHOJAPP5RE34K4KZVN,64302499,15,11,14,11,no,no,yes,no,29,1,0,6,"level counts differ: recorded 15 bid / 11 ask, rebuilt 14 bid / 11 ask",,recordings/ledgercount-2026-09-06/USTRY.GCRYUGD5-USDC.GA5ZSEJY/2026-09-06/64302499.json.gz,1.0.8-draft,2026-09-06T15:17:32Z,2026-09-06T15:22:49Z,317.65
PARTIAL,XLM/USDC:GA5ZSEJYB37JRC5AVCIA5MOP4RHTM335X2KGX3IHOJAPP5RE34K4KZVN,64302520,200,200,737,1128,yes,no,yes,yes,4349,55,20,31,"bid 0 price differs: recorded 3669633/20000000, rebuilt 1829757/10000000",,recordings/ledgercount-2026-09-06/XLM.native-USDC.GA5ZSEJY/2026-09-06/64302520.json.gz,1.0.8-draft,2026-09-06T15:19:28Z,2026-09-06T15:24:28Z,300.004
PARTIAL,EURC:GDHU6WRG4IEQXM5NZ4BMPKOXHW76MZM4Y2IEMFDVXBSDP6SJY4ITNPP2/USDC:GA5ZSEJYB37JRC5AVCIA5MOP4RHTM335X2KGX3IHOJAPP5RE34K4KZVN,64302520,64,81,50,80,no,no,yes,no,141,28,0,6,"level counts differ: recorded 64 bid / 81 ask, rebuilt 50 bid / 80 ask",,recordings/ledgercount-2026-09-06/EURC.GDHU6WRG-USDC.GA5ZSEJY/2026-09-06/64302520.json.gz,1.0.8-draft,2026-09-06T15:19:28Z,2026-09-06T15:24:37Z,309.571
PARTIAL,PYUSD:GDQE7IXJ4HUHV6RQHIUPRJSEZE4DRS5WY577O2FY6YQ5LVWZ7JZTU2V5/USDC:GA5ZSEJYB37JRC5AVCIA5MOP4RHTM335X2KGX3IHOJAPP5RE34K4KZVN,64302520,21,17,19,13,no,no,yes,no,37,6,1,6,"level counts differ: recorded 21 bid / 17 ask, rebuilt 19 bid / 13 ask",,recordings/ledgercount-2026-09-06/PYUSD.GDQE7IXJ-USDC.GA5ZSEJY/2026-09-06/64302520.json.gz,1.0.8-draft,2026-09-06T15:19:29Z,2026-09-06T15:24:39Z,310.27
PARTIAL,AUDD:GDC7X2MXTYSAKUUGAIQ7J7RPEIM7GXSAIWFYWWH4GLNFECQVJJLB2EEU/USDC:GA5ZSEJYB37JRC5AVCIA5MOP4RHTM335X2KGX3IHOJAPP5RE34K4KZVN,64302520,11,5,8,5,no,no,yes,no,18,5,0,6,"level counts differ: recorded 11 bid / 5 ask, rebuilt 8 bid / 5 ask",,recordings/ledgercount-2026-09-06/AUDD.GDC7X2MX-USDC.GA5ZSEJY/2026-09-06/64302520.json.gz,1.0.8-draft,2026-09-06T15:19:29Z,2026-09-06T15:24:41Z,312.087
MATCH,ARST:GCSAZVWXZKWS4XS223M5F54H2B6XPIIXZZGP7KEAIU6YSL5HDRGCI3DG/USDC:GA5ZSEJYB37JRC5AVCIA5MOP4RHTM335X2KGX3IHOJAPP5RE34K4KZVN,64302520,6,23,6,23,yes,yes,yes,yes,30,0,0,5,,,recordings/ledgercount-2026-09-06/ARST.GCSAZVWX-USDC.GA5ZSEJY/2026-09-06/64302520.json.gz,1.0.8-draft,2026-09-06T15:19:30Z,2026-09-06T15:24:42Z,312.905
MATCH,BRL:GDVKY2GU2DRXWTBEYJJWSFXIGBZV6AZNBVVSUHEPZI54LIS6BA7DVVSP/USDC:GA5ZSEJYB37JRC5AVCIA5MOP4RHTM335X2KGX3IHOJAPP5RE34K4KZVN,64302521,35,5,35,5,yes,yes,yes,yes,41,0,0,6,,,recordings/ledgercount-2026-09-06/BRL.GDVKY2GU-USDC.GA5ZSEJY/2026-09-06/64302521.json.gz,1.0.8-draft,2026-09-06T15:19:31Z,2026-09-06T15:24:44Z,313.466
PARTIAL,AQUA:GBNZILSTVQZ4R7IKQDGHYGY2QXL5QOFJYQMXPKWRRM5PAV7Y4M67AQUA/USDC:GA5ZSEJYB37JRC5AVCIA5MOP4RHTM335X2KGX3IHOJAPP5RE34K4KZVN,64302521,55,200,54,314,no,no,yes,yes,496,3,0,8,"level counts differ: recorded 55 bid / 200 ask, rebuilt 54 bid / 314 ask (a recorded side is at the endpoint limit and is a prefix)",,recordings/ledgercount-2026-09-06/AQUA.GBNZILST-USDC.GA5ZSEJY/2026-09-06/64302521.json.gz,1.0.8-draft,2026-09-06T15:19:31Z,2026-09-06T15:24:46Z,315.196
PARTIAL,USTRY:GCRYUGD5NVARGXT56XEZI5CIFCQETYHAPQQTHO2O3IQZTHDH4LATMYWC/USDC:GA5ZSEJYB37JRC5AVCIA5MOP4RHTM335X2KGX3IHOJAPP5RE34K4KZVN,64302521,15,11,14,11,no,no,yes,no,29,1,0,6,"level counts differ: recorded 15 bid / 11 ask, rebuilt 14 bid / 11 ask",,recordings/ledgercount-2026-09-06/USTRY.GCRYUGD5-USDC.GA5ZSEJY/2026-09-06/64302521.json.gz,1.0.8-draft,2026-09-06T15:19:32Z,2026-09-06T15:24:48Z,316.523
PARTIAL,XLM/USDC:GA5ZSEJYB37JRC5AVCIA5MOP4RHTM335X2KGX3IHOJAPP5RE34K4KZVN,64302542,200,200,737,1130,yes,no,yes,yes,4353,49,24,32,"bid 0 price differs: recorded 4589541/25000000, rebuilt 1829757/10000000",,recordings/ledgercount-2026-09-06/XLM.native-USDC.GA5ZSEJY/2026-09-06/64302542.json.gz,1.0.8-draft,2026-09-06T15:21:28Z,2026-09-06T15:26:28Z,300.003
PARTIAL,EURC:GDHU6WRG4IEQXM5NZ4BMPKOXHW76MZM4Y2IEMFDVXBSDP6SJY4ITNPP2/USDC:GA5ZSEJYB37JRC5AVCIA5MOP4RHTM335X2KGX3IHOJAPP5RE34K4KZVN,64302542,65,93,55,78,no,no,yes,no,144,29,0,6,"level counts differ: recorded 65 bid / 93 ask, rebuilt 55 bid / 78 ask",,recordings/ledgercount-2026-09-06/EURC.GDHU6WRG-USDC.GA5ZSEJY/2026-09-06/64302542.json.gz,1.0.8-draft,2026-09-06T15:21:28Z,2026-09-06T15:26:37Z,309.945
PARTIAL,PYUSD:GDQE7IXJ4HUHV6RQHIUPRJSEZE4DRS5WY577O2FY6YQ5LVWZ7JZTU2V5/USDC:GA5ZSEJYB37JRC5AVCIA5MOP4RHTM335X2KGX3IHOJAPP5RE34K4KZVN,64302542,21,17,19,13,no,no,yes,no,37,6,1,6,"level counts differ: recorded 21 bid / 17 ask, rebuilt 19 bid / 13 ask",,recordings/ledgercount-2026-09-06/PYUSD.GDQE7IXJ-USDC.GA5ZSEJY/2026-09-06/64302542.json.gz,1.0.8-draft,2026-09-06T15:21:29Z,2026-09-06T15:26:39Z,310.533
PARTIAL,AUDD:GDC7X2MXTYSAKUUGAIQ7J7RPEIM7GXSAIWFYWWH4GLNFECQVJJLB2EEU/USDC:GA5ZSEJYB37JRC5AVCIA5MOP4RHTM335X2KGX3IHOJAPP5RE34K4KZVN,64302542,11,5,8,5,no,no,yes,no,18,5,0,6,"level counts differ: recorded 11 bid / 5 ask, rebuilt 8 bid / 5 ask",,recordings/ledgercount-2026-09-06/AUDD.GDC7X2MX-USDC.GA5ZSEJY/2026-09-06/64302542.json.gz,1.0.8-draft,2026-09-06T15:21:29Z,2026-09-06T15:26:41Z,312.092
MATCH,ARST:GCSAZVWXZKWS4XS223M5F54H2B6XPIIXZZGP7KEAIU6YSL5HDRGCI3DG/USDC:GA5ZSEJYB37JRC5AVCIA5MOP4RHTM335X2KGX3IHOJAPP5RE34K4KZVN,64302542,6,23,6,23,yes,yes,yes,yes,30,0,0,5,,,recordings/ledgercount-2026-09-06/ARST.GCSAZVWX-USDC.GA5ZSEJY/2026-09-06/64302542.json.gz,1.0.8-draft,2026-09-06T15:21:30Z,2026-09-06T15:26:42Z,312.729
MATCH,BRL:GDVKY2GU2DRXWTBEYJJWSFXIGBZV6AZNBVVSUHEPZI54LIS6BA7DVVSP/USDC:GA5ZSEJYB37JRC5AVCIA5MOP4RHTM335X2KGX3IHOJAPP5RE34K4KZVN,64302542,35,5,35,5,yes,yes,yes,yes,41,0,0,6,,,recordings/ledgercount-2026-09-06/BRL.GDVKY2GU-USDC.GA5ZSEJY/2026-09-06/64302542.json.gz,1.0.8-draft,2026-09-06T15:21:30Z,2026-09-06T15:26:44Z,314.295
PARTIAL,AQUA:GBNZILSTVQZ4R7IKQDGHYGY2QXL5QOFJYQMXPKWRRM5PAV7Y4M67AQUA/USDC:GA5ZSEJYB37JRC5AVCIA5MOP4RHTM335X2KGX3IHOJAPP5RE34K4KZVN,64302543,55,200,55,314,yes,no,yes,yes,497,2,0,8,"ask 3 price differs: recorded 455899/1308175036, rebuilt 625000/1793400287",,recordings/ledgercount-2026-09-06/AQUA.GBNZILST-USDC.GA5ZSEJY/2026-09-06/64302543.json.gz,1.0.8-draft,2026-09-06T15:21:31Z,2026-09-06T15:26:46Z,315.326
PARTIAL,USTRY:GCRYUGD5NVARGXT56XEZI5CIFCQETYHAPQQTHO2O3IQZTHDH4LATMYWC/USDC:GA5ZSEJYB37JRC5AVCIA5MOP4RHTM335X2KGX3IHOJAPP5RE34K4KZVN,64302543,15,11,14,11,no,no,yes,no,29,1,0,6,"level counts differ: recorded 15 bid / 11 ask, rebuilt 14 bid / 11 ask",,recordings/ledgercount-2026-09-06/USTRY.GCRYUGD5-USDC.GA5ZSEJY/2026-09-06/64302543.json.gz,1.0.8-draft,2026-09-06T15:21:32Z,2026-09-06T15:26:48Z,316.87
PARTIAL,XLM/USDC:GA5ZSEJYB37JRC5AVCIA5MOP4RHTM335X2KGX3IHOJAPP5RE34K4KZVN,64302563,200,200,743,1135,yes,no,yes,yes,4366,33,16,33,"bid 0 price differs: recorded 1835033/9999900, rebuilt 5000000/27317803",,recordings/ledgercount-2026-09-06/XLM.native-USDC.GA5ZSEJY/2026-09-06/64302563.json.gz,1.0.8-draft,2026-09-06T15:23:28Z,2026-09-06T15:28:28Z,300.004
PARTIAL,EURC:GDHU6WRG4IEQXM5NZ4BMPKOXHW76MZM4Y2IEMFDVXBSDP6SJY4ITNPP2/USDC:GA5ZSEJYB37JRC5AVCIA5MOP4RHTM335X2KGX3IHOJAPP5RE34K4KZVN,64302563,65,93,50,76,no,no,yes,no,137,36,0,6,"level counts differ: recorded 65 bid / 93 ask, rebuilt 50 bid / 76 ask",,recordings/ledgercount-2026-09-06/EURC.GDHU6WRG-USDC.GA5ZSEJY/2026-09-06/64302563.json.gz,1.0.8-draft,2026-09-06T15:23:28Z,2026-09-06T15:28:38Z,310.927
PARTIAL,PYUSD:GDQE7IXJ4HUHV6RQHIUPRJSEZE4DRS5WY577O2FY6YQ5LVWZ7JZTU2V5/USDC:GA5ZSEJYB37JRC5AVCIA5MOP4RHTM335X2KGX3IHOJAPP5RE34K4KZVN,64302564,21,17,19,16,no,no,yes,no,40,3,1,6,"level counts differ: recorded 21 bid / 17 ask, rebuilt 19 bid / 16 ask",,recordings/ledgercount-2026-09-06/PYUSD.GDQE7IXJ-USDC.GA5ZSEJY/2026-09-06/64302564.json.gz,1.0.8-draft,2026-09-06T15:23:29Z,2026-09-06T15:28:40Z,311.662
PARTIAL,AUDD:GDC7X2MXTYSAKUUGAIQ7J7RPEIM7GXSAIWFYWWH4GLNFECQVJJLB2EEU/USDC:GA5ZSEJYB37JRC5AVCIA5MOP4RHTM335X2KGX3IHOJAPP5RE34K4KZVN,64302564,11,5,8,5,no,no,yes,no,18,5,0,6,"level counts differ: recorded 11 bid / 5 ask, rebuilt 8 bid / 5 ask",,recordings/ledgercount-2026-09-06/AUDD.GDC7X2MX-USDC.GA5ZSEJY/2026-09-06/64302564.json.gz,1.0.8-draft,2026-09-06T15:23:29Z,2026-09-06T15:28:42Z,313.523
MATCH,ARST:GCSAZVWXZKWS4XS223M5F54H2B6XPIIXZZGP7KEAIU6YSL5HDRGCI3DG/USDC:GA5ZSEJYB37JRC5AVCIA5MOP4RHTM335X2KGX3IHOJAPP5RE34K4KZVN,64302564,6,23,6,23,yes,yes,yes,yes,30,0,0,5,,,recordings/ledgercount-2026-09-06/ARST.GCSAZVWX-USDC.GA5ZSEJY/2026-09-06/64302564.json.gz,1.0.8-draft,2026-09-06T15:23:30Z,2026-09-06T15:28:44Z,314.16
MATCH,BRL:GDVKY2GU2DRXWTBEYJJWSFXIGBZV6AZNBVVSUHEPZI54LIS6BA7DVVSP/USDC:GA5ZSEJYB37JRC5AVCIA5MOP4RHTM335X2KGX3IHOJAPP5RE34K4KZVN,64302564,35,5,35,5,yes,yes,yes,yes,41,0,0,5,,,recordings/ledgercount-2026-09-06/BRL.GDVKY2GU-USDC.GA5ZSEJY/2026-09-06/64302564.json.gz,1.0.8-draft,2026-09-06T15:23:31Z,2026-09-06T15:28:45Z,314.632
PARTIAL,AQUA:GBNZILSTVQZ4R7IKQDGHYGY2QXL5QOFJYQMXPKWRRM5PAV7Y4M67AQUA/USDC:GA5ZSEJYB37JRC5AVCIA5MOP4RHTM335X2KGX3IHOJAPP5RE34K4KZVN,64302564,55,200,55,314,yes,no,yes,yes,497,2,0,7,"ask 3 price differs: recorded 236067/677380201, rebuilt 625000/1793400287",,recordings/ledgercount-2026-09-06/AQUA.GBNZILST-USDC.GA5ZSEJY/2026-09-06/64302564.json.gz,1.0.8-draft,2026-09-06T15:23:31Z,2026-09-06T15:28:47Z,316.216
PARTIAL,USTRY:GCRYUGD5NVARGXT56XEZI5CIFCQETYHAPQQTHO2O3IQZTHDH4LATMYWC/USDC:GA5ZSEJYB37JRC5AVCIA5MOP4RHTM335X2KGX3IHOJAPP5RE34K4KZVN,64302564,15,11,14,11,no,no,yes,no,29,1,0,6,"level counts differ: recorded 15 bid / 11 ask, rebuilt 14 bid / 11 ask",,recordings/ledgercount-2026-09-06/USTRY.GCRYUGD5-USDC.GA5ZSEJY/2026-09-06/64302564.json.gz,1.0.8-draft,2026-09-06T15:23:32Z,2026-09-06T15:28:49Z,317.364
PARTIAL,XLM/USDC:GA5ZSEJYB37JRC5AVCIA5MOP4RHTM335X2KGX3IHOJAPP5RE34K4KZVN,64302585,200,200,742,1135,yes,no,yes,yes,4366,35,9,32,"bid 0 price differs: recorded 10000000/54537479, rebuilt 5000000/27317803",,recordings/ledgercount-2026-09-06/XLM.native-USDC.GA5ZSEJY/2026-09-06/64302585.json.gz,1.0.8-draft,2026-09-06T15:25:28Z,2026-09-06T15:30:28Z,300.004
PARTIAL,EURC:GDHU6WRG4IEQXM5NZ4BMPKOXHW76MZM4Y2IEMFDVXBSDP6SJY4ITNPP2/USDC:GA5ZSEJYB37JRC5AVCIA5MOP4RHTM335X2KGX3IHOJAPP5RE34K4KZVN,64302585,65,92,55,75,no,no,yes,no,141,31,0,6,"level counts differ: recorded 65 bid / 92 ask, rebuilt 55 bid / 75 ask",,recordings/ledgercount-2026-09-06/EURC.GDHU6WRG-USDC.GA5ZSEJY/2026-09-06/64302585.json.gz,1.0.8-draft,2026-09-06T15:25:28Z,2026-09-06T15:30:39Z,311.934
PARTIAL,PYUSD:GDQE7IXJ4HUHV6RQHIUPRJSEZE4DRS5WY577O2FY6YQ5LVWZ7JZTU2V5/USDC:GA5ZSEJYB37JRC5AVCIA5MOP4RHTM335X2KGX3IHOJAPP5RE34K4KZVN,64302585,21,17,19,13,no,no,yes,no,37,6,2,6,"level counts differ: recorded 21 bid / 17 ask, rebuilt 19 bid / 13 ask",,recordings/ledgercount-2026-09-06/PYUSD.GDQE7IXJ-USDC.GA5ZSEJY/2026-09-06/64302585.json.gz,1.0.8-draft,2026-09-06T15:25:29Z,2026-09-06T15:30:41Z,312.514
MATCH,AUDD:GDC7X2MXTYSAKUUGAIQ7J7RPEIM7GXSAIWFYWWH4GLNFECQVJJLB2EEU/USDC:GA5ZSEJYB37JRC5AVCIA5MOP4RHTM335X2KGX3IHOJAPP5RE34K4KZVN,64302585,11,5,11,5,yes,yes,yes,yes,23,0,0,6,,,recordings/ledgercount-2026-09-06/AUDD.GDC7X2MX-USDC.GA5ZSEJY/2026-09-06/64302585.json.gz,1.0.8-draft,2026-09-06T15:25:29Z,2026-09-06T15:30:43Z,314.153
MATCH,ARST:GCSAZVWXZKWS4XS223M5F54H2B6XPIIXZZGP7KEAIU6YSL5HDRGCI3DG/USDC:GA5ZSEJYB37JRC5AVCIA5MOP4RHTM335X2KGX3IHOJAPP5RE34K4KZVN,64302585,6,23,6,23,yes,yes,yes,yes,30,0,0,5,,,recordings/ledgercount-2026-09-06/ARST.GCSAZVWX-USDC.GA5ZSEJY/2026-09-06/64302585.json.gz,1.0.8-draft,2026-09-06T15:25:30Z,2026-09-06T15:30:44Z,314.717
MATCH,BRL:GDVKY2GU2DRXWTBEYJJWSFXIGBZV6AZNBVVSUHEPZI54LIS6BA7DVVSP/USDC:GA5ZSEJYB37JRC5AVCIA5MOP4RHTM335X2KGX3IHOJAPP5RE34K4KZVN,64302585,35,5,35,5,yes,yes,yes,yes,41,0,0,5,,,recordings/ledgercount-2026-09-06/BRL.GDVKY2GU-USDC.GA5ZSEJY/2026-09-06/64302585.json.gz,1.0.8-draft,2026-09-06T15:25:30Z,2026-09-06T15:30:46Z,316.448
PARTIAL,AQUA:GBNZILSTVQZ4R7IKQDGHYGY2QXL5QOFJYQMXPKWRRM5PAV7Y4M67AQUA/USDC:GA5ZSEJYB37JRC5AVCIA5MOP4RHTM335X2KGX3IHOJAPP5RE34K4KZVN,64302585,55,200,55,307,yes,no,yes,yes,490,9,0,7,"ask 3 price differs: recorded 451349/1295119082, rebuilt 625000/1793400287",,recordings/ledgercount-2026-09-06/AQUA.GBNZILST-USDC.GA5ZSEJY/2026-09-06/64302585.json.gz,1.0.8-draft,2026-09-06T15:25:31Z,2026-09-06T15:30:48Z,317.01
PARTIAL,USTRY:GCRYUGD5NVARGXT56XEZI5CIFCQETYHAPQQTHO2O3IQZTHDH4LATMYWC/USDC:GA5ZSEJYB37JRC5AVCIA5MOP4RHTM335X2KGX3IHOJAPP5RE34K4KZVN,64302585,15,11,14,11,no,no,yes,no,29,1,0,6,"level counts differ: recorded 15 bid / 11 ask, rebuilt 14 bid / 11 ask",,recordings/ledgercount-2026-09-06/USTRY.GCRYUGD5-USDC.GA5ZSEJY/2026-09-06/64302585.json.gz,1.0.8-draft,2026-09-06T15:25:31Z,2026-09-06T15:30:50Z,319.149
PARTIAL,XLM/USDC:GA5ZSEJYB37JRC5AVCIA5MOP4RHTM335X2KGX3IHOJAPP5RE34K4KZVN,64302606,200,200,741,1133,yes,no,yes,yes,4358,52,8,31,"bid 0 price differs: recorded 10000000/54495913, rebuilt 5000000/27317803",,recordings/ledgercount-2026-09-06/XLM.native-USDC.GA5ZSEJY/2026-09-06/64302606.json.gz,1.0.8-draft,2026-09-06T15:27:28Z,2026-09-06T15:32:28Z,300.004
PARTIAL,EURC:GDHU6WRG4IEQXM5NZ4BMPKOXHW76MZM4Y2IEMFDVXBSDP6SJY4ITNPP2/USDC:GA5ZSEJYB37JRC5AVCIA5MOP4RHTM335X2KGX3IHOJAPP5RE34K4KZVN,64302607,65,97,50,83,no,no,yes,no,144,25,1,6,"level counts differ: recorded 65 bid / 97 ask, rebuilt 50 bid / 83 ask",,recordings/ledgercount-2026-09-06/EURC.GDHU6WRG-USDC.GA5ZSEJY/2026-09-06/64302607.json.gz,1.0.8-draft,2026-09-06T15:27:28Z,2026-09-06T15:32:37Z,309.876
PARTIAL,PYUSD:GDQE7IXJ4HUHV6RQHIUPRJSEZE4DRS5WY577O2FY6YQ5LVWZ7JZTU2V5/USDC:GA5ZSEJYB37JRC5AVCIA5MOP4RHTM335X2KGX3IHOJAPP5RE34K4KZVN,64302607,21,17,19,13,no,no,yes,no,37,6,1,6,"level counts differ: recorded 21 bid / 17 ask, rebuilt 19 bid / 13 ask",,recordings/ledgercount-2026-09-06/PYUSD.GDQE7IXJ-USDC.GA5ZSEJY/2026-09-06/64302607.json.gz,1.0.8-draft,2026-09-06T15:27:29Z,2026-09-06T15:32:39Z,310.386
PARTIAL,AUDD:GDC7X2MXTYSAKUUGAIQ7J7RPEIM7GXSAIWFYWWH4GLNFECQVJJLB2EEU/USDC:GA5ZSEJYB37JRC5AVCIA5MOP4RHTM335X2KGX3IHOJAPP5RE34K4KZVN,64302607,11,5,8,5,no,no,yes,no,18,5,0,6,"level counts differ: recorded 11 bid / 5 ask, rebuilt 8 bid / 5 ask",,recordings/ledgercount-2026-09-06/AUDD.GDC7X2MX-USDC.GA5ZSEJY/2026-09-06/64302607.json.gz,1.0.8-draft,2026-09-06T15:27:29Z,2026-09-06T15:32:41Z,312.036
MATCH,ARST:GCSAZVWXZKWS4XS223M5F54H2B6XPIIXZZGP7KEAIU6YSL5HDRGCI3DG/USDC:GA5ZSEJYB37JRC5AVCIA5MOP4RHTM335X2KGX3IHOJAPP5RE34K4KZVN,64302607,6,23,6,23,yes,yes,yes,yes,30,0,0,5,,,recordings/ledgercount-2026-09-06/ARST.GCSAZVWX-USDC.GA5ZSEJY/2026-09-06/64302607.json.gz,1.0.8-draft,2026-09-06T15:27:30Z,2026-09-06T15:32:42Z,312.703
MATCH,BRL:GDVKY2GU2DRXWTBEYJJWSFXIGBZV6AZNBVVSUHEPZI54LIS6BA7DVVSP/USDC:GA5ZSEJYB37JRC5AVCIA5MOP4RHTM335X2KGX3IHOJAPP5RE34K4KZVN,64302607,35,5,35,5,yes,yes,yes,yes,41,0,0,5,,,recordings/ledgercount-2026-09-06/BRL.GDVKY2GU-USDC.GA5ZSEJY/2026-09-06/64302607.json.gz,1.0.8-draft,2026-09-06T15:27:30Z,2026-09-06T15:32:44Z,314.154
PARTIAL,AQUA:GBNZILSTVQZ4R7IKQDGHYGY2QXL5QOFJYQMXPKWRRM5PAV7Y4M67AQUA/USDC:GA5ZSEJYB37JRC5AVCIA5MOP4RHTM335X2KGX3IHOJAPP5RE34K4KZVN,64302607,55,200,50,293,no,no,yes,yes,471,28,0,8,"level counts differ: recorded 55 bid / 200 ask, rebuilt 50 bid / 293 ask (a recorded side is at the endpoint limit and is a prefix)",,recordings/ledgercount-2026-09-06/AQUA.GBNZILST-USDC.GA5ZSEJY/2026-09-06/64302607.json.gz,1.0.8-draft,2026-09-06T15:27:31Z,2026-09-06T15:32:45Z,314.407
PARTIAL,USTRY:GCRYUGD5NVARGXT56XEZI5CIFCQETYHAPQQTHO2O3IQZTHDH4LATMYWC/USDC:GA5ZSEJYB37JRC5AVCIA5MOP4RHTM335X2KGX3IHOJAPP5RE34K4KZVN,64302607,15,11,14,11,no,no,yes,no,29,1,0,6,"level counts differ: recorded 15 bid / 11 ask, rebuilt 14 bid / 11 ask",,recordings/ledgercount-2026-09-06/USTRY.GCRYUGD5-USDC.GA5ZSEJY/2026-09-06/64302607.json.gz,1.0.8-draft,2026-09-06T15:27:31Z,2026-09-06T15:32:47Z,316.414
PARTIAL,XLM/USDC:GA5ZSEJYB37JRC5AVCIA5MOP4RHTM335X2KGX3IHOJAPP5RE34K4KZVN,64302628,200,200,737,1138,yes,no,yes,yes,4359,50,14,30,"bid 0 price differs: recorded 10000000/54495913, rebuilt 1829757/10000000",,recordings/ledgercount-2026-09-06/XLM.native-USDC.GA5ZSEJY/2026-09-06/64302628.json.gz,1.0.8-draft,2026-09-06T15:29:28Z,2026-09-06T15:34:28Z,300.004
PARTIAL,EURC:GDHU6WRG4IEQXM5NZ4BMPKOXHW76MZM4Y2IEMFDVXBSDP6SJY4ITNPP2/USDC:GA5ZSEJYB37JRC5AVCIA5MOP4RHTM335X2KGX3IHOJAPP5RE34K4KZVN,64302628,65,96,59,71,no,no,yes,no,141,25,1,6,"level counts differ: recorded 65 bid / 96 ask, rebuilt 59 bid / 71 ask",,recordings/ledgercount-2026-09-06/EURC.GDHU6WRG-USDC.GA5ZSEJY/2026-09-06/64302628.json.gz,1.0.8-draft,2026-09-06T15:29:28Z,2026-09-06T15:34:36Z,308.136
PARTIAL,PYUSD:GDQE7IXJ4HUHV6RQHIUPRJSEZE4DRS5WY577O2FY6YQ5LVWZ7JZTU2V5/USDC:GA5ZSEJYB37JRC5AVCIA5MOP4RHTM335X2KGX3IHOJAPP5RE34K4KZVN,64302628,21,17,19,13,no,no,yes,no,37,6,1,6,"level counts differ: recorded 21 bid / 17 ask, rebuilt 19 bid / 13 ask",,recordings/ledgercount-2026-09-06/PYUSD.GDQE7IXJ-USDC.GA5ZSEJY/2026-09-06/64302628.json.gz,1.0.8-draft,2026-09-06T15:29:29Z,2026-09-06T15:34:37Z,308.652
PARTIAL,AUDD:GDC7X2MXTYSAKUUGAIQ7J7RPEIM7GXSAIWFYWWH4GLNFECQVJJLB2EEU/USDC:GA5ZSEJYB37JRC5AVCIA5MOP4RHTM335X2KGX3IHOJAPP5RE34K4KZVN,64302628,11,5,8,5,no,no,yes,no,18,5,0,6,"level counts differ: recorded 11 bid / 5 ask, rebuilt 8 bid / 5 ask",,recordings/ledgercount-2026-09-06/AUDD.GDC7X2MX-USDC.GA5ZSEJY/2026-09-06/64302628.json.gz,1.0.8-draft,2026-09-06T15:29:29Z,2026-09-06T15:34:39Z,310.157
MATCH,ARST:GCSAZVWXZKWS4XS223M5F54H2B6XPIIXZZGP7KEAIU6YSL5HDRGCI3DG/USDC:GA5ZSEJYB37JRC5AVCIA5MOP4RHTM335X2KGX3IHOJAPP5RE34K4KZVN,64302628,6,23,6,23,yes,yes,yes,yes,30,0,0,5,,,recordings/ledgercount-2026-09-06/ARST.GCSAZVWX-USDC.GA5ZSEJY/2026-09-06/64302628.json.gz,1.0.8-draft,2026-09-06T15:29:30Z,2026-09-06T15:34:40Z,310.65
MATCH,BRL:GDVKY2GU2DRXWTBEYJJWSFXIGBZV6AZNBVVSUHEPZI54LIS6BA7DVVSP/USDC:GA5ZSEJYB37JRC5AVCIA5MOP4RHTM335X2KGX3IHOJAPP5RE34K4KZVN,64302629,35,5,35,5,yes,yes,yes,yes,41,0,0,5,,,recordings/ledgercount-2026-09-06/BRL.GDVKY2GU-USDC.GA5ZSEJY/2026-09-06/64302629.json.gz,1.0.8-draft,2026-09-06T15:29:30Z,2026-09-06T15:34:41Z,311.902
PARTIAL,AQUA:GBNZILSTVQZ4R7IKQDGHYGY2QXL5QOFJYQMXPKWRRM5PAV7Y4M67AQUA/USDC:GA5ZSEJYB37JRC5AVCIA5MOP4RHTM335X2KGX3IHOJAPP5RE34K4KZVN,64302629,55,200,40,293,no,no,yes,yes,461,39,0,8,"level counts differ: recorded 55 bid / 200 ask, rebuilt 40 bid / 293 ask (a recorded side is at the endpoint limit and is a prefix)",,recordings/ledgercount-2026-09-06/AQUA.GBNZILST-USDC.GA5ZSEJY/2026-09-06/64302629.json.gz,1.0.8-draft,2026-09-06T15:29:31Z,2026-09-06T15:34:43Z,312.147
PARTIAL,USTRY:GCRYUGD5NVARGXT56XEZI5CIFCQETYHAPQQTHO2O3IQZTHDH4LATMYWC/USDC:GA5ZSEJYB37JRC5AVCIA5MOP4RHTM335X2KGX3IHOJAPP5RE34K4KZVN,64302629,15,11,14,11,no,no,yes,no,29,1,0,6,"level counts differ: recorded 15 bid / 11 ask, rebuilt 14 bid / 11 ask",,recordings/ledgercount-2026-09-06/USTRY.GCRYUGD5-USDC.GA5ZSEJY/2026-09-06/64302629.json.gz,1.0.8-draft,2026-09-06T15:29:32Z,2026-09-06T15:34:45Z,313.176
PARTIAL,XLM/USDC:GA5ZSEJYB37JRC5AVCIA5MOP4RHTM335X2KGX3IHOJAPP5RE34K4KZVN,64302650,200,200,730,1129,yes,no,yes,yes,4345,69,16,30,"bid 0 price differs: recorded 3668181/20000000, rebuilt 1829757/10000000",,recordings/ledgercount-2026-09-06/XLM.native-USDC.GA5ZSEJY/2026-09-06/64302650.json.gz,1.0.8-draft,2026-09-06T15:31:28Z,2026-09-06T15:36:28Z,300.004
PARTIAL,EURC:GDHU6WRG4IEQXM5NZ4BMPKOXHW76MZM4Y2IEMFDVXBSDP6SJY4ITNPP2/USDC:GA5ZSEJYB37JRC5AVCIA5MOP4RHTM335X2KGX3IHOJAPP5RE34K4KZVN,64302650,65,93,59,69,no,no,yes,no,139,25,0,6,"level counts differ: recorded 65 bid / 93 ask, rebuilt 59 bid / 69 ask",,recordings/ledgercount-2026-09-06/EURC.GDHU6WRG-USDC.GA5ZSEJY/2026-09-06/64302650.json.gz,1.0.8-draft,2026-09-06T15:31:28Z,2026-09-06T15:36:36Z,308.04
PARTIAL,PYUSD:GDQE7IXJ4HUHV6RQHIUPRJSEZE4DRS5WY577O2FY6YQ5LVWZ7JZTU2V5/USDC:GA5ZSEJYB37JRC5AVCIA5MOP4RHTM335X2KGX3IHOJAPP5RE34K4KZVN,64302650,21,17,19,13,no,no,yes,no,37,6,1,6,"level counts differ: recorded 21 bid / 17 ask, rebuilt 19 bid / 13 ask",,recordings/ledgercount-2026-09-06/PYUSD.GDQE7IXJ-USDC.GA5ZSEJY/2026-09-06/64302650.json.gz,1.0.8-draft,2026-09-06T15:31:29Z,2026-09-06T15:36:37Z,308.555
MATCH,AUDD:GDC7X2MXTYSAKUUGAIQ7J7RPEIM7GXSAIWFYWWH4GLNFECQVJJLB2EEU/USDC:GA5ZSEJYB37JRC5AVCIA5MOP4RHTM335X2KGX3IHOJAPP5RE34K4KZVN,64302650,11,5,11,5,yes,yes,yes,yes,23,0,0,6,,,recordings/ledgercount-2026-09-06/AUDD.GDC7X2MX-USDC.GA5ZSEJY/2026-09-06/64302650.json.gz,1.0.8-draft,2026-09-06T15:31:29Z,2026-09-06T15:36:39Z,310.04
MATCH,ARST:GCSAZVWXZKWS4XS223M5F54H2B6XPIIXZZGP7KEAIU6YSL5HDRGCI3DG/USDC:GA5ZSEJYB37JRC5AVCIA5MOP4RHTM335X2KGX3IHOJAPP5RE34K4KZVN,64302650,6,23,6,23,yes,yes,yes,yes,30,0,0,5,,,recordings/ledgercount-2026-09-06/ARST.GCSAZVWX-USDC.GA5ZSEJY/2026-09-06/64302650.json.gz,1.0.8-draft,2026-09-06T15:31:30Z,2026-09-06T15:36:40Z,310.554
MATCH,BRL:GDVKY2GU2DRXWTBEYJJWSFXIGBZV6AZNBVVSUHEPZI54LIS6BA7DVVSP/USDC:GA5ZSEJYB37JRC5AVCIA5MOP4RHTM335X2KGX3IHOJAPP5RE34K4KZVN,64302650,35,5,35,5,yes,yes,yes,yes,41,0,0,5,,,recordings/ledgercount-2026-09-06/BRL.GDVKY2GU-USDC.GA5ZSEJY/2026-09-06/64302650.json.gz,1.0.8-draft,2026-09-06T15:31:31Z,2026-09-06T15:36:41Z,310.814
PARTIAL,AQUA:GBNZILSTVQZ4R7IKQDGHYGY2QXL5QOFJYQMXPKWRRM5PAV7Y4M67AQUA/USDC:GA5ZSEJYB37JRC5AVCIA5MOP4RHTM335X2KGX3IHOJAPP5RE34K4KZVN,64302650,55,200,41,308,no,no,yes,yes,477,23,0,7,"level counts differ: recorded 55 bid / 200 ask, rebuilt 41 bid / 308 ask (a recorded side is at the endpoint limit and is a prefix)",,recordings/ledgercount-2026-09-06/AQUA.GBNZILST-USDC.GA5ZSEJY/2026-09-06/64302650.json.gz,1.0.8-draft,2026-09-06T15:31:31Z,2026-09-06T15:36:43Z,312.057
PARTIAL,USTRY:GCRYUGD5NVARGXT56XEZI5CIFCQETYHAPQQTHO2O3IQZTHDH4LATMYWC/USDC:GA5ZSEJYB37JRC5AVCIA5MOP4RHTM335X2KGX3IHOJAPP5RE34K4KZVN,64302650,15,11,14,11,no,no,yes,no,29,1,0,6,"level counts differ: recorded 15 bid / 11 ask, rebuilt 14 bid / 11 ask",,recordings/ledgercount-2026-09-06/USTRY.GCRYUGD5-USDC.GA5ZSEJY/2026-09-06/64302650.json.gz,1.0.8-draft,2026-09-06T15:31:32Z,2026-09-06T15:36:44Z,312.84
PARTIAL,XLM/USDC:GA5ZSEJYB37JRC5AVCIA5MOP4RHTM335X2KGX3IHOJAPP5RE34K4KZVN,64302671,200,200,726,1130,yes,no,yes,yes,4344,61,14,30,"bid 0 price differs: recorded 18328167/100000000, rebuilt 1829757/10000000",,recordings/ledgercount-2026-09-06/XLM.native-USDC.GA5ZSEJY/2026-09-06/64302671.json.gz,1.0.8-draft,2026-09-06T15:33:28Z,2026-09-06T15:38:28Z,300.006
PARTIAL,EURC:GDHU6WRG4IEQXM5NZ4BMPKOXHW76MZM4Y2IEMFDVXBSDP6SJY4ITNPP2/USDC:GA5ZSEJYB37JRC5AVCIA5MOP4RHTM335X2KGX3IHOJAPP5RE34K4KZVN,64302671,65,92,64,62,no,no,yes,no,137,27,0,6,"level counts differ: recorded 65 bid / 92 ask, rebuilt 64 bid / 62 ask",,recordings/ledgercount-2026-09-06/EURC.GDHU6WRG-USDC.GA5ZSEJY/2026-09-06/64302671.json.gz,1.0.8-draft,2026-09-06T15:33:28Z,2026-09-06T15:38:36Z,308.071
PARTIAL,PYUSD:GDQE7IXJ4HUHV6RQHIUPRJSEZE4DRS5WY577O2FY6YQ5LVWZ7JZTU2V5/USDC:GA5ZSEJYB37JRC5AVCIA5MOP4RHTM335X2KGX3IHOJAPP5RE34K4KZVN,64302671,21,17,19,13,no,no,yes,no,37,6,1,6,"level counts differ: recorded 21 bid / 17 ask, rebuilt 19 bid / 13 ask",,recordings/ledgercount-2026-09-06/PYUSD.GDQE7IXJ-USDC.GA5ZSEJY/2026-09-06/64302671.json.gz,1.0.8-draft,2026-09-06T15:33:29Z,2026-09-06T15:38:37Z,308.58
PARTIAL,AUDD:GDC7X2MXTYSAKUUGAIQ7J7RPEIM7GXSAIWFYWWH4GLNFECQVJJLB2EEU/USDC:GA5ZSEJYB37JRC5AVCIA5MOP4RHTM335X2KGX3IHOJAPP5RE34K4KZVN,64302671,11,5,10,5,no,no,yes,no,21,2,0,6,"level counts differ: recorded 11 bid / 5 ask, rebuilt 10 bid / 5 ask",,recordings/ledgercount-2026-09-06/AUDD.GDC7X2MX-USDC.GA5ZSEJY/2026-09-06/64302671.json.gz,1.0.8-draft,2026-09-06T15:33:29Z,2026-09-06T15:38:39Z,310.104
MATCH,ARST:GCSAZVWXZKWS4XS223M5F54H2B6XPIIXZZGP7KEAIU6YSL5HDRGCI3DG/USDC:GA5ZSEJYB37JRC5AVCIA5MOP4RHTM335X2KGX3IHOJAPP5RE34K4KZVN,64302672,6,23,6,23,yes,yes,yes,yes,30,0,0,5,,,recordings/ledgercount-2026-09-06/ARST.GCSAZVWX-USDC.GA5ZSEJY/2026-09-06/64302672.json.gz,1.0.8-draft,2026-09-06T15:33:30Z,2026-09-06T15:38:40Z,310.736
MATCH,BRL:GDVKY2GU2DRXWTBEYJJWSFXIGBZV6AZNBVVSUHEPZI54LIS6BA7DVVSP/USDC:GA5ZSEJYB37JRC5AVCIA5MOP4RHTM335X2KGX3IHOJAPP5RE34K4KZVN,64302672,35,5,35,5,yes,yes,yes,yes,41,0,0,6,,,recordings/ledgercount-2026-09-06/BRL.GDVKY2GU-USDC.GA5ZSEJY/2026-09-06/64302672.json.gz,1.0.8-draft,2026-09-06T15:33:30Z,2026-09-06T15:38:41Z,311.984
PARTIAL,AQUA:GBNZILSTVQZ4R7IKQDGHYGY2QXL5QOFJYQMXPKWRRM5PAV7Y4M67AQUA/USDC:GA5ZSEJYB37JRC5AVCIA5MOP4RHTM335X2KGX3IHOJAPP5RE34K4KZVN,64302672,52,200,43,314,no,no,yes,yes,485,15,0,8,"level counts differ: recorded 52 bid / 200 ask, rebuilt 43 bid / 314 ask (a recorded side is at the endpoint limit and is a prefix)",,recordings/ledgercount-2026-09-06/AQUA.GBNZILST-USDC.GA5ZSEJY/2026-09-06/64302672.json.gz,1.0.8-draft,2026-09-06T15:33:31Z,2026-09-06T15:38:43Z,312.502
PARTIAL,USTRY:GCRYUGD5NVARGXT56XEZI5CIFCQETYHAPQQTHO2O3IQZTHDH4LATMYWC/USDC:GA5ZSEJYB37JRC5AVCIA5MOP4RHTM335X2KGX3IHOJAPP5RE34K4KZVN,64302672,15,11,14,11,no,no,yes,no,29,1,0,6,"level counts differ: recorded 15 bid / 11 ask, rebuilt 14 bid / 11 ask",,recordings/ledgercount-2026-09-06/USTRY.GCRYUGD5-USDC.GA5ZSEJY/2026-09-06/64302672.json.gz,1.0.8-draft,2026-09-06T15:33:31Z,2026-09-06T15:38:45Z,314.567
PARTIAL,XLM/USDC:GA5ZSEJYB37JRC5AVCIA5MOP4RHTM335X2KGX3IHOJAPP5RE34K4KZVN,64302693,200,200,722,1129,yes,no,yes,yes,4337,73,17,30,"bid 0 price differs: recorded 2289771/12500000, rebuilt 1829757/10000000",,recordings/ledgercount-2026-09-06/XLM.native-USDC.GA5ZSEJY/2026-09-06/64302693.json.gz,1.0.8-draft,2026-09-06T15:35:28Z,2026-09-06T15:40:28Z,300.005
PARTIAL,EURC:GDHU6WRG4IEQXM5NZ4BMPKOXHW76MZM4Y2IEMFDVXBSDP6SJY4ITNPP2/USDC:GA5ZSEJYB37JRC5AVCIA5MOP4RHTM335X2KGX3IHOJAPP5RE34K4KZVN,64302693,65,88,64,57,no,no,yes,no,130,32,2,6,"level counts differ: recorded 65 bid / 88 ask, rebuilt 64 bid / 57 ask",,recordings/ledgercount-2026-09-06/EURC.GDHU6WRG-USDC.GA5ZSEJY/2026-09-06/64302693.json.gz,1.0.8-draft,2026-09-06T15:35:28Z,2026-09-06T15:40:36Z,308.179
PARTIAL,PYUSD:GDQE7IXJ4HUHV6RQHIUPRJSEZE4DRS5WY577O2FY6YQ5LVWZ7JZTU2V5/USDC:GA5ZSEJYB37JRC5AVCIA5MOP4RHTM335X2KGX3IHOJAPP5RE34K4KZVN,64302693,21,17,19,13,no,no,yes,no,37,7,2,6,"level counts differ: recorded 21 bid / 17 ask, rebuilt 19 bid / 13 ask",,recordings/ledgercount-2026-09-06/PYUSD.GDQE7IXJ-USDC.GA5ZSEJY/2026-09-06/64302693.json.gz,1.0.8-draft,2026-09-06T15:35:29Z,2026-09-06T15:40:37Z,308.708
PARTIAL,AUDD:GDC7X2MXTYSAKUUGAIQ7J7RPEIM7GXSAIWFYWWH4GLNFECQVJJLB2EEU/USDC:GA5ZSEJYB37JRC5AVCIA5MOP4RHTM335X2KGX3IHOJAPP5RE34K4KZVN,64302693,11,5,8,5,no,no,yes,no,18,5,0,6,"level counts differ: recorded 11 bid / 5 ask, rebuilt 8 bid / 5 ask",,recordings/ledgercount-2026-09-06/AUDD.GDC7X2MX-USDC.GA5ZSEJY/2026-09-06/64302693.json.gz,1.0.8-draft,2026-09-06T15:35:29Z,2026-09-06T15:40:39Z,310.203
MATCH,ARST:GCSAZVWXZKWS4XS223M5F54H2B6XPIIXZZGP7KEAIU6YSL5HDRGCI3DG/USDC:GA5ZSEJYB37JRC5AVCIA5MOP4RHTM335X2KGX3IHOJAPP5RE34K4KZVN,64302693,6,23,6,23,yes,yes,yes,yes,30,0,0,5,,,recordings/ledgercount-2026-09-06/ARST.GCSAZVWX-USDC.GA5ZSEJY/2026-09-06/64302693.json.gz,1.0.8-draft,2026-09-06T15:35:30Z,2026-09-06T15:40:40Z,310.8
MATCH,BRL:GDVKY2GU2DRXWTBEYJJWSFXIGBZV6AZNBVVSUHEPZI54LIS6BA7DVVSP/USDC:GA5ZSEJYB37JRC5AVCIA5MOP4RHTM335X2KGX3IHOJAPP5RE34K4KZVN,64302693,35,5,35,5,yes,yes,yes,yes,41,0,0,6,,,recordings/ledgercount-2026-09-06/BRL.GDVKY2GU-USDC.GA5ZSEJY/2026-09-06/64302693.json.gz,1.0.8-draft,2026-09-06T15:35:30Z,2026-09-06T15:40:42Z,312.069
PARTIAL,AQUA:GBNZILSTVQZ4R7IKQDGHYGY2QXL5QOFJYQMXPKWRRM5PAV7Y4M67AQUA/USDC:GA5ZSEJYB37JRC5AVCIA5MOP4RHTM335X2KGX3IHOJAPP5RE34K4KZVN,64302693,56,200,55,312,no,no,yes,yes,495,5,0,8,"level counts differ: recorded 56 bid / 200 ask, rebuilt 55 bid / 312 ask (a recorded side is at the endpoint limit and is a prefix)",,recordings/ledgercount-2026-09-06/AQUA.GBNZILST-USDC.GA5ZSEJY/2026-09-06/64302693.json.gz,1.0.8-draft,2026-09-06T15:35:31Z,2026-09-06T15:40:43Z,312.573
PARTIAL,USTRY:GCRYUGD5NVARGXT56XEZI5CIFCQETYHAPQQTHO2O3IQZTHDH4LATMYWC/USDC:GA5ZSEJYB37JRC5AVCIA5MOP4RHTM335X2KGX3IHOJAPP5RE34K4KZVN,64302693,15,11,14,11,no,no,yes,no,29,1,0,6,"level counts differ: recorded 15 bid / 11 ask, rebuilt 14 bid / 11 ask",,recordings/ledgercount-2026-09-06/USTRY.GCRYUGD5-USDC.GA5ZSEJY/2026-09-06/64302693.json.gz,1.0.8-draft,2026-09-06T15:35:31Z,2026-09-06T15:40:45Z,314.628
PARTIAL,XLM/USDC:GA5ZSEJYB37JRC5AVCIA5MOP4RHTM335X2KGX3IHOJAPP5RE34K4KZVN,64302714,200,200,718,1144,yes,no,yes,yes,4350,58,15,2,"bid 0 price differs: recorded 2291021/12500000, rebuilt 1829757/10000000",,recordings/ledgercount-2026-09-06/XLM.native-USDC.GA5ZSEJY/2026-09-06/64302714.json.gz,1.0.8-draft,2026-09-06T15:37:28Z,2026-09-06T15:42:28Z,300.004
PARTIAL,EURC:GDHU6WRG4IEQXM5NZ4BMPKOXHW76MZM4Y2IEMFDVXBSDP6SJY4ITNPP2/USDC:GA5ZSEJYB37JRC5AVCIA5MOP4RHTM335X2KGX3IHOJAPP5RE34K4KZVN,64302714,65,85,64,55,no,no,yes,no,128,32,3,0,"level counts differ: recorded 65 bid / 85 ask, rebuilt 64 bid / 55 ask",,recordings/ledgercount-2026-09-06/EURC.GDHU6WRG-USDC.GA5ZSEJY/2026-09-06/64302714.json.gz,1.0.8-draft,2026-09-06T15:37:28Z,2026-09-06T15:42:36Z,308.356
PARTIAL,PYUSD:GDQE7IXJ4HUHV6RQHIUPRJSEZE4DRS5WY577O2FY6YQ5LVWZ7JZTU2V5/USDC:GA5ZSEJYB37JRC5AVCIA5MOP4RHTM335X2KGX3IHOJAPP5RE34K4KZVN,64302714,21,17,19,13,no,no,yes,no,37,7,1,1,"level counts differ: recorded 21 bid / 17 ask, rebuilt 19 bid / 13 ask",,recordings/ledgercount-2026-09-06/PYUSD.GDQE7IXJ-USDC.GA5ZSEJY/2026-09-06/64302714.json.gz,1.0.8-draft,2026-09-06T15:37:29Z,2026-09-06T15:42:37Z,308.865
PARTIAL,AUDD:GDC7X2MXTYSAKUUGAIQ7J7RPEIM7GXSAIWFYWWH4GLNFECQVJJLB2EEU/USDC:GA5ZSEJYB37JRC5AVCIA5MOP4RHTM335X2KGX3IHOJAPP5RE34K4KZVN,64302715,11,5,8,5,no,no,yes,no,18,5,0,1,"level counts differ: recorded 11 bid / 5 ask, rebuilt 8 bid / 5 ask",,recordings/ledgercount-2026-09-06/AUDD.GDC7X2MX-USDC.GA5ZSEJY/2026-09-06/64302715.json.gz,1.0.8-draft,2026-09-06T15:37:29Z,2026-09-06T15:42:39Z,310.359
MATCH,ARST:GCSAZVWXZKWS4XS223M5F54H2B6XPIIXZZGP7KEAIU6YSL5HDRGCI3DG/USDC:GA5ZSEJYB37JRC5AVCIA5MOP4RHTM335X2KGX3IHOJAPP5RE34K4KZVN,64302715,6,23,6,23,yes,yes,yes,yes,30,0,0,0,,,recordings/ledgercount-2026-09-06/ARST.GCSAZVWX-USDC.GA5ZSEJY/2026-09-06/64302715.json.gz,1.0.8-draft,2026-09-06T15:37:30Z,2026-09-06T15:42:40Z,310.862
MATCH,BRL:GDVKY2GU2DRXWTBEYJJWSFXIGBZV6AZNBVVSUHEPZI54LIS6BA7DVVSP/USDC:GA5ZSEJYB37JRC5AVCIA5MOP4RHTM335X2KGX3IHOJAPP5RE34K4KZVN,64302715,35,5,35,5,yes,yes,yes,yes,41,0,0,1,,,recordings/ledgercount-2026-09-06/BRL.GDVKY2GU-USDC.GA5ZSEJY/2026-09-06/64302715.json.gz,1.0.8-draft,2026-09-06T15:37:30Z,2026-09-06T15:42:42Z,312.098
PARTIAL,AQUA:GBNZILSTVQZ4R7IKQDGHYGY2QXL5QOFJYQMXPKWRRM5PAV7Y4M67AQUA/USDC:GA5ZSEJYB37JRC5AVCIA5MOP4RHTM335X2KGX3IHOJAPP5RE34K4KZVN,64302715,56,200,54,293,no,no,yes,yes,475,25,0,1,"level counts differ: recorded 56 bid / 200 ask, rebuilt 54 bid / 293 ask (a recorded side is at the endpoint limit and is a prefix)",,recordings/ledgercount-2026-09-06/AQUA.GBNZILST-USDC.GA5ZSEJY/2026-09-06/64302715.json.gz,1.0.8-draft,2026-09-06T15:37:31Z,2026-09-06T15:42:43Z,312.578
PARTIAL,USTRY:GCRYUGD5NVARGXT56XEZI5CIFCQETYHAPQQTHO2O3IQZTHDH4LATMYWC/USDC:GA5ZSEJYB37JRC5AVCIA5MOP4RHTM335X2KGX3IHOJAPP5RE34K4KZVN,64302715,15,11,14,10,no,no,yes,no,28,2,1,0,"level counts differ: recorded 15 bid / 11 ask, rebuilt 14 bid / 10 ask",,recordings/ledgercount-2026-09-06/USTRY.GCRYUGD5-USDC.GA5ZSEJY/2026-09-06/64302715.json.gz,1.0.8-draft,2026-09-06T15:37:31Z,2026-09-06T15:42:45Z,314.624
PARTIAL,XLM/USDC:GA5ZSEJYB37JRC5AVCIA5MOP4RHTM335X2KGX3IHOJAPP5RE34K4KZVN,64302736,200,200,722,1149,yes,no,yes,yes,4359,54,14,3,"bid 0 price differs: recorded 917887/4999950, rebuilt 1833/10000",,recordings/ledgercount-2026-09-06/XLM.native-USDC.GA5ZSEJY/2026-09-06/64302736.json.gz,1.0.8-draft,2026-09-06T15:39:28Z,2026-09-06T15:44:28Z,300.005
PARTIAL,EURC:GDHU6WRG4IEQXM5NZ4BMPKOXHW76MZM4Y2IEMFDVXBSDP6SJY4ITNPP2/USDC:GA5ZSEJYB37JRC5AVCIA5MOP4RHTM335X2KGX3IHOJAPP5RE34K4KZVN,64302736,65,87,64,60,no,no,yes,no,133,25,2,1,"level counts differ: recorded 65 bid / 87 ask, rebuilt 64 bid / 60 ask",,recordings/ledgercount-2026-09-06/EURC.GDHU6WRG-USDC.GA5ZSEJY/2026-09-06/64302736.json.gz,1.0.8-draft,2026-09-06T15:39:28Z,2026-09-06T15:44:35Z,307.916
PARTIAL,PYUSD:GDQE7IXJ4HUHV6RQHIUPRJSEZE4DRS5WY577O2FY6YQ5LVWZ7JZTU2V5/USDC:GA5ZSEJYB37JRC5AVCIA5MOP4RHTM335X2KGX3IHOJAPP5RE34K4KZVN,64302736,20,17,20,13,no,no,yes,no,38,6,1,0,"level counts differ: recorded 20 bid / 17 ask, rebuilt 20 bid / 13 ask",,recordings/ledgercount-2026-09-06/PYUSD.GDQE7IXJ-USDC.GA5ZSEJY/2026-09-06/64302736.json.gz,1.0.8-draft,2026-09-06T15:39:29Z,2026-09-06T15:44:37Z,308.444
MATCH,AUDD:GDC7X2MXTYSAKUUGAIQ7J7RPEIM7GXSAIWFYWWH4GLNFECQVJJLB2EEU/USDC:GA5ZSEJYB37JRC5AVCIA5MOP4RHTM335X2KGX3IHOJAPP5RE34K4KZVN,64302736,11,5,11,5,yes,yes,yes,yes,23,0,0,1,,,recordings/ledgercount-2026-09-06/AUDD.GDC7X2MX-USDC.GA5ZSEJY/2026-09-06/64302736.json.gz,1.0.8-draft,2026-09-06T15:39:29Z,2026-09-06T15:44:38Z,309.934
MATCH,ARST:GCSAZVWXZKWS4XS223M5F54H2B6XPIIXZZGP7KEAIU6YSL5HDRGCI3DG/USDC:GA5ZSEJYB37JRC5AVCIA5MOP4RHTM335X2KGX3IHOJAPP5RE34K4KZVN,64302736,6,23,6,23,yes,yes,yes,yes,30,0,0,1,,,recordings/ledgercount-2026-09-06/ARST.GCSAZVWX-USDC.GA5ZSEJY/2026-09-06/64302736.json.gz,1.0.8-draft,2026-09-06T15:39:30Z,2026-09-06T15:44:40Z,310.429
MATCH,BRL:GDVKY2GU2DRXWTBEYJJWSFXIGBZV6AZNBVVSUHEPZI54LIS6BA7DVVSP/USDC:GA5ZSEJYB37JRC5AVCIA5MOP4RHTM335X2KGX3IHOJAPP5RE34K4KZVN,64302736,35,5,35,5,yes,yes,yes,yes,41,0,0,0,,,recordings/ledgercount-2026-09-06/BRL.GDVKY2GU-USDC.GA5ZSEJY/2026-09-06/64302736.json.gz,1.0.8-draft,2026-09-06T15:39:30Z,2026-09-06T15:44:41Z,311.656
PARTIAL,AQUA:GBNZILSTVQZ4R7IKQDGHYGY2QXL5QOFJYQMXPKWRRM5PAV7Y4M67AQUA/USDC:GA5ZSEJYB37JRC5AVCIA5MOP4RHTM335X2KGX3IHOJAPP5RE34K4KZVN,64302736,56,200,44,293,no,no,yes,yes,465,32,0,0,"level counts differ: recorded 56 bid / 200 ask, rebuilt 44 bid / 293 ask (a recorded side is at the endpoint limit and is a prefix)",,recordings/ledgercount-2026-09-06/AQUA.GBNZILST-USDC.GA5ZSEJY/2026-09-06/64302736.json.gz,1.0.8-draft,2026-09-06T15:39:31Z,2026-09-06T15:44:42Z,311.908
PARTIAL,USTRY:GCRYUGD5NVARGXT56XEZI5CIFCQETYHAPQQTHO2O3IQZTHDH4LATMYWC/USDC:GA5ZSEJYB37JRC5AVCIA5MOP4RHTM335X2KGX3IHOJAPP5RE34K4KZVN,64302736,15,11,14,10,no,no,yes,no,28,2,0,1,"level counts differ: recorded 15 bid / 11 ask, rebuilt 14 bid / 10 ask",,recordings/ledgercount-2026-09-06/USTRY.GCRYUGD5-USDC.GA5ZSEJY/2026-09-06/64302736.json.gz,1.0.8-draft,2026-09-06T15:39:31Z,2026-09-06T15:44:44Z,313.684
PARTIAL,XLM/USDC:GA5ZSEJYB37JRC5AVCIA5MOP4RHTM335X2KGX3IHOJAPP5RE34K4KZVN,64302757,200,200,722,1150,yes,no,yes,yes,4362,52,4,0,"bid 0 price differs: recorded 19247347/104799245, rebuilt 1833/10000",,recordings/ledgercount-2026-09-06/XLM.native-USDC.GA5ZSEJY/2026-09-06/64302757.json.gz,1.0.8-draft,2026-09-06T15:41:28Z,2026-09-06T15:46:28Z,300.003
PARTIAL,EURC:GDHU6WRG4IEQXM5NZ4BMPKOXHW76MZM4Y2IEMFDVXBSDP6SJY4ITNPP2/USDC:GA5ZSEJYB37JRC5AVCIA5MOP4RHTM335X2KGX3IHOJAPP5RE34K4KZVN,64302758,65,83,62,59,no,no,yes,no,132,25,0,0,"level counts differ: recorded 65 bid / 83 ask, rebuilt 62 bid / 59 ask",,recordings/ledgercount-2026-09-06/EURC.GDHU6WRG-USDC.GA5ZSEJY/2026-09-06/64302758.json.gz,1.0.8-draft,2026-09-06T15:41:28Z,2026-09-06T15:46:36Z,308.407
PARTIAL,PYUSD:GDQE7IXJ4HUHV6RQHIUPRJSEZE4DRS5WY577O2FY6YQ5LVWZ7JZTU2V5/USDC:GA5ZSEJYB37JRC5AVCIA5MOP4RHTM335X2KGX3IHOJAPP5RE34K4KZVN,64302758,21,18,21,13,no,no,yes,no,39,4,0,1,"level counts differ: recorded 21 bid / 18 ask, rebuilt 21 bid / 13 ask",,recordings/ledgercount-2026-09-06/PYUSD.GDQE7IXJ-USDC.GA5ZSEJY/2026-09-06/64302758.json.gz,1.0.8-draft,2026-09-06T15:41:30Z,2026-09-06T15:46:38Z,308.053
PARTIAL,AUDD:GDC7X2MXTYSAKUUGAIQ7J7RPEIM7GXSAIWFYWWH4GLNFECQVJJLB2EEU/USDC:GA5ZSEJYB37JRC5AVCIA5MOP4RHTM335X2KGX3IHOJAPP5RE34K4KZVN,64302758,11,5,10,5,no,no,yes,no,20,3,0,0,"level counts differ: recorded 11 bid / 5 ask, rebuilt 10 bid / 5 ask",,recordings/ledgercount-2026-09-06/AUDD.GDC7X2MX-USDC.GA5ZSEJY/2026-09-06/64302758.json.gz,1.0.8-draft,2026-09-06T15:41:30Z,2026-09-06T15:46:39Z,309.467
MATCH,ARST:GCSAZVWXZKWS4XS223M5F54H2B6XPIIXZZGP7KEAIU6YSL5HDRGCI3DG/USDC:GA5ZSEJYB37JRC5AVCIA5MOP4RHTM335X2KGX3IHOJAPP5RE34K4KZVN,64302758,6,23,6,23,yes,yes,yes,yes,30,0,0,0,,,recordings/ledgercount-2026-09-06/ARST.GCSAZVWX-USDC.GA5ZSEJY/2026-09-06/64302758.json.gz,1.0.8-draft,2026-09-06T15:41:30Z,2026-09-06T15:46:41Z,311.111
MATCH,BRL:GDVKY2GU2DRXWTBEYJJWSFXIGBZV6AZNBVVSUHEPZI54LIS6BA7DVVSP/USDC:GA5ZSEJYB37JRC5AVCIA5MOP4RHTM335X2KGX3IHOJAPP5RE34K4KZVN,64302758,35,5,35,5,yes,yes,yes,yes,41,0,0,-1,,,recordings/ledgercount-2026-09-06/BRL.GDVKY2GU-USDC.GA5ZSEJY/2026-09-06/64302758.json.gz,1.0.8-draft,2026-09-06T15:41:31Z,2026-09-06T15:46:42Z,311.635
PARTIAL,AQUA:GBNZILSTVQZ4R7IKQDGHYGY2QXL5QOFJYQMXPKWRRM5PAV7Y4M67AQUA/USDC:GA5ZSEJYB37JRC5AVCIA5MOP4RHTM335X2KGX3IHOJAPP5RE34K4KZVN,64302758,56,200,42,303,no,no,yes,yes,473,26,0,-3,"level counts differ: recorded 56 bid / 200 ask, rebuilt 42 bid / 303 ask (a recorded side is at the endpoint limit and is a prefix)",,recordings/ledgercount-2026-09-06/AQUA.GBNZILST-USDC.GA5ZSEJY/2026-09-06/64302758.json.gz,1.0.8-draft,2026-09-06T15:41:32Z,2026-09-06T15:46:44Z,312.258
PARTIAL,USTRY:GCRYUGD5NVARGXT56XEZI5CIFCQETYHAPQQTHO2O3IQZTHDH4LATMYWC/USDC:GA5ZSEJYB37JRC5AVCIA5MOP4RHTM335X2KGX3IHOJAPP5RE34K4KZVN,64302758,15,11,14,10,no,no,yes,no,28,2,0,0,"level counts differ: recorded 15 bid / 11 ask, rebuilt 14 bid / 10 ask",,recordings/ledgercount-2026-09-06/USTRY.GCRYUGD5-USDC.GA5ZSEJY/2026-09-06/64302758.json.gz,1.0.8-draft,2026-09-06T15:41:32Z,2026-09-06T15:46:47Z,315.092
PARTIAL,XLM/USDC:GA5ZSEJYB37JRC5AVCIA5MOP4RHTM335X2KGX3IHOJAPP5RE34K4KZVN,64302779,200,200,737,1150,yes,no,yes,yes,4377,35,2,-7,"bid 0 price differs: recorded 18368163/100000000, rebuilt 1835429/10000000",,recordings/ledgercount-2026-09-06/XLM.native-USDC.GA5ZSEJY/2026-09-06/64302779.json.gz,1.0.8-draft,2026-09-06T15:43:28Z,2026-09-06T15:48:28Z,300.003
PARTIAL,EURC:GDHU6WRG4IEQXM5NZ4BMPKOXHW76MZM4Y2IEMFDVXBSDP6SJY4ITNPP2/USDC:GA5ZSEJYB37JRC5AVCIA5MOP4RHTM335X2KGX3IHOJAPP5RE34K4KZVN,64302779,65,83,53,62,no,no,yes,no,125,41,1,2,"level counts differ: recorded 65 bid / 83 ask, rebuilt 53 bid / 62 ask",,recordings/ledgercount-2026-09-06/EURC.GDHU6WRG-USDC.GA5ZSEJY/2026-09-06/64302779.json.gz,1.0.8-draft,2026-09-06T15:43:28Z,2026-09-06T15:48:38Z,310.835
PARTIAL,PYUSD:GDQE7IXJ4HUHV6RQHIUPRJSEZE4DRS5WY577O2FY6YQ5LVWZ7JZTU2V5/USDC:GA5ZSEJYB37JRC5AVCIA5MOP4RHTM335X2KGX3IHOJAPP5RE34K4KZVN,64302779,21,18,21,13,no,no,yes,no,39,4,0,1,"level counts differ: recorded 21 bid / 18 ask, rebuilt 21 bid / 13 ask",,recordings/ledgercount-2026-09-06/PYUSD.GDQE7IXJ-USDC.GA5ZSEJY/2026-09-06/64302779.json.gz,1.0.8-draft,2026-09-06T15:43:29Z,2026-09-06T15:48:40Z,311.425
PARTIAL,AUDD:GDC7X2MXTYSAKUUGAIQ7J7RPEIM7GXSAIWFYWWH4GLNFECQVJJLB2EEU/USDC:GA5ZSEJYB37JRC5AVCIA5MOP4RHTM335X2KGX3IHOJAPP5RE34K4KZVN,64302779,11,5,8,5,no,no,yes,no,18,5,0,1,"level counts differ: recorded 11 bid / 5 ask, rebuilt 8 bid / 5 ask",,recordings/ledgercount-2026-09-06/AUDD.GDC7X2MX-USDC.GA5ZSEJY/2026-09-06/64302779.json.gz,1.0.8-draft,2026-09-06T15:43:29Z,2026-09-06T15:48:41Z,312.673
MATCH,ARST:GCSAZVWXZKWS4XS223M5F54H2B6XPIIXZZGP7KEAIU6YSL5HDRGCI3DG/USDC:GA5ZSEJYB37JRC5AVCIA5MOP4RHTM335X2KGX3IHOJAPP5RE34K4KZVN,64302779,6,23,6,23,yes,yes,yes,yes,30,0,0,0,,,recordings/ledgercount-2026-09-06/ARST.GCSAZVWX-USDC.GA5ZSEJY/2026-09-06/64302779.json.gz,1.0.8-draft,2026-09-06T15:43:30Z,2026-09-06T15:48:43Z,313.184
MATCH,BRL:GDVKY2GU2DRXWTBEYJJWSFXIGBZV6AZNBVVSUHEPZI54LIS6BA7DVVSP/USDC:GA5ZSEJYB37JRC5AVCIA5MOP4RHTM335X2KGX3IHOJAPP5RE34K4KZVN,64302779,35,5,35,5,yes,yes,yes,yes,41,0,0,1,,,recordings/ledgercount-2026-09-06/BRL.GDVKY2GU-USDC.GA5ZSEJY/2026-09-06/64302779.json.gz,1.0.8-draft,2026-09-06T15:43:30Z,2026-09-06T15:48:44Z,314.422
PARTIAL,AQUA:GBNZILSTVQZ4R7IKQDGHYGY2QXL5QOFJYQMXPKWRRM5PAV7Y4M67AQUA/USDC:GA5ZSEJYB37JRC5AVCIA5MOP4RHTM335X2KGX3IHOJAPP5RE34K4KZVN,64302780,53,200,42,314,no,no,yes,yes,484,15,0,0,"level counts differ: recorded 53 bid / 200 ask, rebuilt 42 bid / 314 ask (a recorded side is at the endpoint limit and is a prefix)",,recordings/ledgercount-2026-09-06/AQUA.GBNZILST-USDC.GA5ZSEJY/2026-09-06/64302780.json.gz,1.0.8-draft,2026-09-06T15:43:31Z,2026-09-06T15:48:45Z,314.669
PARTIAL,USTRY:GCRYUGD5NVARGXT56XEZI5CIFCQETYHAPQQTHO2O3IQZTHDH4LATMYWC/USDC:GA5ZSEJYB37JRC5AVCIA5MOP4RHTM335X2KGX3IHOJAPP5RE34K4KZVN,64302780,15,11,14,11,no,no,yes,no,29,1,0,1,"level counts differ: recorded 15 bid / 11 ask, rebuilt 14 bid / 11 ask",,recordings/ledgercount-2026-09-06/USTRY.GCRYUGD5-USDC.GA5ZSEJY/2026-09-06/64302780.json.gz,1.0.8-draft,2026-09-06T15:43:31Z,2026-09-06T15:48:47Z,316.476
PARTIAL,XLM/USDC:GA5ZSEJYB37JRC5AVCIA5MOP4RHTM335X2KGX3IHOJAPP5RE34K4KZVN,64302801,200,200,739,1151,yes,no,yes,yes,4379,30,4,3,"bid 0 price differs: recorded 9189081/50000000, rebuilt 10000000/54450957",,recordings/ledgercount-2026-09-06/XLM.native-USDC.GA5ZSEJY/2026-09-06/64302801.json.gz,1.0.8-draft,2026-09-06T15:45:28Z,2026-09-06T15:50:28Z,300.003
PARTIAL,EURC:GDHU6WRG4IEQXM5NZ4BMPKOXHW76MZM4Y2IEMFDVXBSDP6SJY4ITNPP2/USDC:GA5ZSEJYB37JRC5AVCIA5MOP4RHTM335X2KGX3IHOJAPP5RE34K4KZVN,64302801,65,82,50,61,no,no,yes,no,120,47,1,1,"level counts differ: recorded 65 bid / 82 ask, rebuilt 50 bid / 61 ask",,recordings/ledgercount-2026-09-06/EURC.GDHU6WRG-USDC.GA5ZSEJY/2026-09-06/64302801.json.gz,1.0.8-draft,2026-09-06T15:45:28Z,2026-09-06T15:50:36Z,308.102
PARTIAL,PYUSD:GDQE7IXJ4HUHV6RQHIUPRJSEZE4DRS5WY577O2FY6YQ5LVWZ7JZTU2V5/USDC:GA5ZSEJYB37JRC5AVCIA5MOP4RHTM335X2KGX3IHOJAPP5RE34K4KZVN,64302801,21,17,21,15,no,no,yes,no,41,1,0,0,"level counts differ: recorded 21 bid / 17 ask, rebuilt 21 bid / 15 ask",,recordings/ledgercount-2026-09-06/PYUSD.GDQE7IXJ-USDC.GA5ZSEJY/2026-09-06/64302801.json.gz,1.0.8-draft,2026-09-06T15:45:29Z,2026-09-06T15:50:37Z,308.822
PARTIAL,AUDD:GDC7X2MXTYSAKUUGAIQ7J7RPEIM7GXSAIWFYWWH4GLNFECQVJJLB2EEU/USDC:GA5ZSEJYB37JRC5AVCIA5MOP4RHTM335X2KGX3IHOJAPP5RE34K4KZVN,64302801,11,5,8,5,no,no,yes,no,18,5,0,2,"level counts differ: recorded 11 bid / 5 ask, rebuilt 8 bid / 5 ask",,recordings/ledgercount-2026-09-06/AUDD.GDC7X2MX-USDC.GA5ZSEJY/2026-09-06/64302801.json.gz,1.0.8-draft,2026-09-06T15:45:29Z,2026-09-06T15:50:39Z,310.118
MATCH,ARST:GCSAZVWXZKWS4XS223M5F54H2B6XPIIXZZGP7KEAIU6YSL5HDRGCI3DG/USDC:GA5ZSEJYB37JRC5AVCIA5MOP4RHTM335X2KGX3IHOJAPP5RE34K4KZVN,64302801,6,23,6,23,yes,yes,yes,yes,30,0,0,1,,,recordings/ledgercount-2026-09-06/ARST.GCSAZVWX-USDC.GA5ZSEJY/2026-09-06/64302801.json.gz,1.0.8-draft,2026-09-06T15:45:30Z,2026-09-06T15:50:40Z,310.613
MATCH,BRL:GDVKY2GU2DRXWTBEYJJWSFXIGBZV6AZNBVVSUHEPZI54LIS6BA7DVVSP/USDC:GA5ZSEJYB37JRC5AVCIA5MOP4RHTM335X2KGX3IHOJAPP5RE34K4KZVN,64302801,35,5,35,5,yes,yes,yes,yes,41,0,0,0,,,recordings/ledgercount-2026-09-06/BRL.GDVKY2GU-USDC.GA5ZSEJY/2026-09-06/64302801.json.gz,1.0.8-draft,2026-09-06T15:45:30Z,2026-09-06T15:50:41Z,311.865
PARTIAL,AQUA:GBNZILSTVQZ4R7IKQDGHYGY2QXL5QOFJYQMXPKWRRM5PAV7Y4M67AQUA/USDC:GA5ZSEJYB37JRC5AVCIA5MOP4RHTM335X2KGX3IHOJAPP5RE34K4KZVN,64302801,55,200,55,314,yes,no,yes,yes,497,2,0,1,"ask 3 price differs: recorded 451349/1295119082, rebuilt 625000/1793400287",,recordings/ledgercount-2026-09-06/AQUA.GBNZILST-USDC.GA5ZSEJY/2026-09-06/64302801.json.gz,1.0.8-draft,2026-09-06T15:45:31Z,2026-09-06T15:50:43Z,312.106
PARTIAL,USTRY:GCRYUGD5NVARGXT56XEZI5CIFCQETYHAPQQTHO2O3IQZTHDH4LATMYWC/USDC:GA5ZSEJYB37JRC5AVCIA5MOP4RHTM335X2KGX3IHOJAPP5RE34K4KZVN,64302801,15,11,14,11,no,no,yes,no,29,1,0,1,"level counts differ: recorded 15 bid / 11 ask, rebuilt 14 bid / 11 ask",,recordings/ledgercount-2026-09-06/USTRY.GCRYUGD5-USDC.GA5ZSEJY/2026-09-06/64302801.json.gz,1.0.8-draft,2026-09-06T15:45:31Z,2026-09-06T15:50:44Z,313.862
PARTIAL,XLM/USDC:GA5ZSEJYB37JRC5AVCIA5MOP4RHTM335X2KGX3IHOJAPP5RE34K4KZVN,64302822,200,200,739,1151,yes,no,yes,yes,4380,26,5,5,"bid 0 price differs: recorded 9189081/50000000, rebuilt 10000000/54450957",,recordings/ledgercount-2026-09-06/XLM.native-USDC.GA5ZSEJY/2026-09-06/64302822.json.gz,1.0.8-draft,2026-09-06T15:47:28Z,2026-09-06T15:52:28Z,300.004
PARTIAL,EURC:GDHU6WRG4IEQXM5NZ4BMPKOXHW76MZM4Y2IEMFDVXBSDP6SJY4ITNPP2/USDC:GA5ZSEJYB37JRC5AVCIA5MOP4RHTM335X2KGX3IHOJAPP5RE34K4KZVN,64302822,65,85,50,70,no,no,yes,no,129,38,2,1,"level counts differ: recorded 65 bid / 85 ask, rebuilt 50 bid / 70 ask",,recordings/ledgercount-2026-09-06/EURC.GDHU6WRG-USDC.GA5ZSEJY/2026-09-06/64302822.json.gz,1.0.8-draft,2026-09-06T15:47:28Z,2026-09-06T15:52:36Z,308.003
PARTIAL,PYUSD:GDQE7IXJ4HUHV6RQHIUPRJSEZE4DRS5WY577O2FY6YQ5LVWZ7JZTU2V5/USDC:GA5ZSEJYB37JRC5AVCIA5MOP4RHTM335X2KGX3IHOJAPP5RE34K4KZVN,64302822,21,17,21,13,no,no,yes,no,39,4,0,0,"level counts differ: recorded 21 bid / 17 ask, rebuilt 21 bid / 13 ask",,recordings/ledgercount-2026-09-06/PYUSD.GDQE7IXJ-USDC.GA5ZSEJY/2026-09-06/64302822.json.gz,1.0.8-draft,2026-09-06T15:47:29Z,2026-09-06T15:52:37Z,308.535
PARTIAL,AUDD:GDC7X2MXTYSAKUUGAIQ7J7RPEIM7GXSAIWFYWWH4GLNFECQVJJLB2EEU/USDC:GA5ZSEJYB37JRC5AVCIA5MOP4RHTM335X2KGX3IHOJAPP5RE34K4KZVN,64302822,11,5,8,5,no,no,yes,no,18,5,0,2,"level counts differ: recorded 11 bid / 5 ask, rebuilt 8 bid / 5 ask",,recordings/ledgercount-2026-09-06/AUDD.GDC7X2MX-USDC.GA5ZSEJY/2026-09-06/64302822.json.gz,1.0.8-draft,2026-09-06T15:47:29Z,2026-09-06T15:52:38Z,309.782
MATCH,ARST:GCSAZVWXZKWS4XS223M5F54H2B6XPIIXZZGP7KEAIU6YSL5HDRGCI3DG/USDC:GA5ZSEJYB37JRC5AVCIA5MOP4RHTM335X2KGX3IHOJAPP5RE34K4KZVN,64302822,6,23,6,23,yes,yes,yes,yes,30,0,0,2,,,recordings/ledgercount-2026-09-06/ARST.GCSAZVWX-USDC.GA5ZSEJY/2026-09-06/64302822.json.gz,1.0.8-draft,2026-09-06T15:47:30Z,2026-09-06T15:52:40Z,310.275
MATCH,BRL:GDVKY2GU2DRXWTBEYJJWSFXIGBZV6AZNBVVSUHEPZI54LIS6BA7DVVSP/USDC:GA5ZSEJYB37JRC5AVCIA5MOP4RHTM335X2KGX3IHOJAPP5RE34K4KZVN,64302822,35,5,35,5,yes,yes,yes,yes,41,0,0,1,,,recordings/ledgercount-2026-09-06/BRL.GDVKY2GU-USDC.GA5ZSEJY/2026-09-06/64302822.json.gz,1.0.8-draft,2026-09-06T15:47:30Z,2026-09-06T15:52:41Z,311.519
PARTIAL,AQUA:GBNZILSTVQZ4R7IKQDGHYGY2QXL5QOFJYQMXPKWRRM5PAV7Y4M67AQUA/USDC:GA5ZSEJYB37JRC5AVCIA5MOP4RHTM335X2KGX3IHOJAPP5RE34K4KZVN,64302823,55,200,55,314,yes,no,yes,yes,497,2,0,1,"ask 3 price differs: recorded 224679/644703013, rebuilt 625000/1793400287",,recordings/ledgercount-2026-09-06/AQUA.GBNZILST-USDC.GA5ZSEJY/2026-09-06/64302823.json.gz,1.0.8-draft,2026-09-06T15:47:31Z,2026-09-06T15:52:42Z,311.768
PARTIAL,USTRY:GCRYUGD5NVARGXT56XEZI5CIFCQETYHAPQQTHO2O3IQZTHDH4LATMYWC/USDC:GA5ZSEJYB37JRC5AVCIA5MOP4RHTM335X2KGX3IHOJAPP5RE34K4KZVN,64302823,15,11,14,11,no,no,yes,no,29,1,0,0,"level counts differ: recorded 15 bid / 11 ask, rebuilt 14 bid / 11 ask",,recordings/ledgercount-2026-09-06/USTRY.GCRYUGD5-USDC.GA5ZSEJY/2026-09-06/64302823.json.gz,1.0.8-draft,2026-09-06T15:47:31Z,2026-09-06T15:52:44Z,313.647
PARTIAL,XLM/USDC:GA5ZSEJYB37JRC5AVCIA5MOP4RHTM335X2KGX3IHOJAPP5RE34K4KZVN,64302843,200,200,730,1141,yes,no,yes,yes,4361,46,20,2,"bid 0 price differs: recorded 357120831/1943417272, rebuilt 916317/5000000",,recordings/ledgercount-2026-09-06/XLM.native-USDC.GA5ZSEJY/2026-09-06/64302843.json.gz,1.0.8-draft,2026-09-06T15:49:28Z,2026-09-06T15:54:28Z,300.003
PARTIAL,EURC:GDHU6WRG4IEQXM5NZ4BMPKOXHW76MZM4Y2IEMFDVXBSDP6SJY4ITNPP2/USDC:GA5ZSEJYB37JRC5AVCIA5MOP4RHTM335X2KGX3IHOJAPP5RE34K4KZVN,64302843,65,91,59,67,no,no,yes,no,136,32,2,1,"level counts differ: recorded 65 bid / 91 ask, rebuilt 59 bid / 67 ask",,recordings/ledgercount-2026-09-06/EURC.GDHU6WRG-USDC.GA5ZSEJY/2026-09-06/64302843.json.gz,1.0.8-draft,2026-09-06T15:49:28Z,2026-09-06T15:54:36Z,308.108
PARTIAL,PYUSD:GDQE7IXJ4HUHV6RQHIUPRJSEZE4DRS5WY577O2FY6YQ5LVWZ7JZTU2V5/USDC:GA5ZSEJYB37JRC5AVCIA5MOP4RHTM335X2KGX3IHOJAPP5RE34K4KZVN,64302844,21,17,21,13,no,no,yes,no,39,4,0,1,"level counts differ: recorded 21 bid / 17 ask, rebuilt 21 bid / 13 ask",,recordings/ledgercount-2026-09-06/PYUSD.GDQE7IXJ-USDC.GA5ZSEJY/2026-09-06/64302844.json.gz,1.0.8-draft,2026-09-06T15:49:29Z,2026-09-06T15:54:37Z,308.634
PARTIAL,AUDD:GDC7X2MXTYSAKUUGAIQ7J7RPEIM7GXSAIWFYWWH4GLNFECQVJJLB2EEU/USDC:GA5ZSEJYB37JRC5AVCIA5MOP4RHTM335X2KGX3IHOJAPP5RE34K4KZVN,64302844,11,5,8,5,no,no,yes,no,18,5,0,0,"level counts differ: recorded 11 bid / 5 ask, rebuilt 8 bid / 5 ask",,recordings/ledgercount-2026-09-06/AUDD.GDC7X2MX-USDC.GA5ZSEJY/2026-09-06/64302844.json.gz,1.0.8-draft,2026-09-06T15:49:29Z,2026-09-06T15:54:38Z,309.876
MATCH,ARST:GCSAZVWXZKWS4XS223M5F54H2B6XPIIXZZGP7KEAIU6YSL5HDRGCI3DG/USDC:GA5ZSEJYB37JRC5AVCIA5MOP4RHTM335X2KGX3IHOJAPP5RE34K4KZVN,64302844,6,23,6,23,yes,yes,yes,yes,30,0,0,1,,,recordings/ledgercount-2026-09-06/ARST.GCSAZVWX-USDC.GA5ZSEJY/2026-09-06/64302844.json.gz,1.0.8-draft,2026-09-06T15:49:30Z,2026-09-06T15:54:40Z,310.233
MATCH,BRL:GDVKY2GU2DRXWTBEYJJWSFXIGBZV6AZNBVVSUHEPZI54LIS6BA7DVVSP/USDC:GA5ZSEJYB37JRC5AVCIA5MOP4RHTM335X2KGX3IHOJAPP5RE34K4KZVN,64302844,35,5,35,5,yes,yes,yes,yes,41,0,0,0,,,recordings/ledgercount-2026-09-06/BRL.GDVKY2GU-USDC.GA5ZSEJY/2026-09-06/64302844.json.gz,1.0.8-draft,2026-09-06T15:49:30Z,2026-09-06T15:54:41Z,311.492
PARTIAL,AQUA:GBNZILSTVQZ4R7IKQDGHYGY2QXL5QOFJYQMXPKWRRM5PAV7Y4M67AQUA/USDC:GA5ZSEJYB37JRC5AVCIA5MOP4RHTM335X2KGX3IHOJAPP5RE34K4KZVN,64302844,55,200,55,314,yes,no,yes,yes,497,2,0,1,"ask 3 price differs: recorded 455899/1308175036, rebuilt 625000/1793400287",,recordings/ledgercount-2026-09-06/AQUA.GBNZILST-USDC.GA5ZSEJY/2026-09-06/64302844.json.gz,1.0.8-draft,2026-09-06T15:49:31Z,2026-09-06T15:54:42Z,311.765
MATCH,USTRY:GCRYUGD5NVARGXT56XEZI5CIFCQETYHAPQQTHO2O3IQZTHDH4LATMYWC/USDC:GA5ZSEJYB37JRC5AVCIA5MOP4RHTM335X2KGX3IHOJAPP5RE34K4KZVN,64302844,15,11,15,11,yes,yes,yes,yes,30,0,0,0,,,recordings/ledgercount-2026-09-06/USTRY.GCRYUGD5-USDC.GA5ZSEJY/2026-09-06/64302844.json.gz,1.0.8-draft,2026-09-06T15:49:31Z,2026-09-06T15:54:44Z,313.547
PARTIAL,XLM/USDC:GA5ZSEJYB37JRC5AVCIA5MOP4RHTM335X2KGX3IHOJAPP5RE34K4KZVN,64302865,200,200,724,1141,yes,no,yes,yes,4353,65,22,8,"bid 0 price differs: recorded 18388161/100000000, rebuilt 916317/5000000",,recordings/ledgercount-2026-09-06/XLM.native-USDC.GA5ZSEJY/2026-09-06/64302865.json.gz,1.0.8-draft,2026-09-06T15:51:28Z,2026-09-06T15:56:28Z,300.004
PARTIAL,EURC:GDHU6WRG4IEQXM5NZ4BMPKOXHW76MZM4Y2IEMFDVXBSDP6SJY4ITNPP2/USDC:GA5ZSEJYB37JRC5AVCIA5MOP4RHTM335X2KGX3IHOJAPP5RE34K4KZVN,64302865,65,91,62,68,no,no,yes,no,140,25,1,1,"level counts differ: recorded 65 bid / 91 ask, rebuilt 62 bid / 68 ask",,recordings/ledgercount-2026-09-06/EURC.GDHU6WRG-USDC.GA5ZSEJY/2026-09-06/64302865.json.gz,1.0.8-draft,2026-09-06T15:51:28Z,2026-09-06T15:56:35Z,307.954
PARTIAL,PYUSD:GDQE7IXJ4HUHV6RQHIUPRJSEZE4DRS5WY577O2FY6YQ5LVWZ7JZTU2V5/USDC:GA5ZSEJYB37JRC5AVCIA5MOP4RHTM335X2KGX3IHOJAPP5RE34K4KZVN,64302865,21,17,21,13,no,no,yes,no,39,4,0,1,"level counts differ: recorded 21 bid / 17 ask, rebuilt 21 bid / 13 ask",,recordings/ledgercount-2026-09-06/PYUSD.GDQE7IXJ-USDC.GA5ZSEJY/2026-09-06/64302865.json.gz,1.0.8-draft,2026-09-06T15:51:29Z,2026-09-06T15:56:37Z,308.468
PARTIAL,AUDD:GDC7X2MXTYSAKUUGAIQ7J7RPEIM7GXSAIWFYWWH4GLNFECQVJJLB2EEU/USDC:GA5ZSEJYB37JRC5AVCIA5MOP4RHTM335X2KGX3IHOJAPP5RE34K4KZVN,64302865,11,5,8,5,no,no,yes,no,18,5,0,0,"level counts differ: recorded 11 bid / 5 ask, rebuilt 8 bid / 5 ask",,recordings/ledgercount-2026-09-06/AUDD.GDC7X2MX-USDC.GA5ZSEJY/2026-09-06/64302865.json.gz,1.0.8-draft,2026-09-06T15:51:29Z,2026-09-06T15:56:38Z,309.72
MATCH,ARST:GCSAZVWXZKWS4XS223M5F54H2B6XPIIXZZGP7KEAIU6YSL5HDRGCI3DG/USDC:GA5ZSEJYB37JRC5AVCIA5MOP4RHTM335X2KGX3IHOJAPP5RE34K4KZVN,64302866,6,23,6,23,yes,yes,yes,yes,30,0,0,1,,,recordings/ledgercount-2026-09-06/ARST.GCSAZVWX-USDC.GA5ZSEJY/2026-09-06/64302866.json.gz,1.0.8-draft,2026-09-06T15:51:30Z,2026-09-06T15:56:40Z,310.092
MATCH,BRL:GDVKY2GU2DRXWTBEYJJWSFXIGBZV6AZNBVVSUHEPZI54LIS6BA7DVVSP/USDC:GA5ZSEJYB37JRC5AVCIA5MOP4RHTM335X2KGX3IHOJAPP5RE34K4KZVN,64302866,35,5,35,5,yes,yes,yes,yes,41,0,0,1,,,recordings/ledgercount-2026-09-06/BRL.GDVKY2GU-USDC.GA5ZSEJY/2026-09-06/64302866.json.gz,1.0.8-draft,2026-09-06T15:51:30Z,2026-09-06T15:56:41Z,311.348
PARTIAL,AQUA:GBNZILSTVQZ4R7IKQDGHYGY2QXL5QOFJYQMXPKWRRM5PAV7Y4M67AQUA/USDC:GA5ZSEJYB37JRC5AVCIA5MOP4RHTM335X2KGX3IHOJAPP5RE34K4KZVN,64302866,55,200,55,314,yes,no,yes,yes,497,2,0,0,"ask 3 price differs: recorded 236067/677380201, rebuilt 625000/1793400287",,recordings/ledgercount-2026-09-06/AQUA.GBNZILST-USDC.GA5ZSEJY/2026-09-06/64302866.json.gz,1.0.8-draft,2026-09-06T15:51:31Z,2026-09-06T15:56:42Z,311.63
PARTIAL,USTRY:GCRYUGD5NVARGXT56XEZI5CIFCQETYHAPQQTHO2O3IQZTHDH4LATMYWC/USDC:GA5ZSEJYB37JRC5AVCIA5MOP4RHTM335X2KGX3IHOJAPP5RE34K4KZVN,64302866,15,11,14,11,no,no,yes,no,29,1,0,1,"level counts differ: recorded 15 bid / 11 ask, rebuilt 14 bid / 11 ask",,recordings/ledgercount-2026-09-06/USTRY.GCRYUGD5-USDC.GA5ZSEJY/2026-09-06/64302866.json.gz,1.0.8-draft,2026-09-06T15:51:31Z,2026-09-06T15:56:44Z,313.406
PARTIAL,XLM/USDC:GA5ZSEJYB37JRC5AVCIA5MOP4RHTM335X2KGX3IHOJAPP5RE34K4KZVN,64302887,200,200,722,1144,yes,no,yes,yes,4353,58,20,3,"bid 0 price differs: recorded 54948565/298537503, rebuilt 229541/1250000",,recordings/ledgercount-2026-09-06/XLM.native-USDC.GA5ZSEJY/2026-09-06/64302887.json.gz,1.0.8-draft,2026-09-06T15:53:28Z,2026-09-06T15:58:28Z,300.004
PARTIAL,EURC:GDHU6WRG4IEQXM5NZ4BMPKOXHW76MZM4Y2IEMFDVXBSDP6SJY4ITNPP2/USDC:GA5ZSEJYB37JRC5AVCIA5MOP4RHTM335X2KGX3IHOJAPP5RE34K4KZVN,64302887,65,91,62,60,no,no,yes,no,131,33,1,1,"level counts differ: recorded 65 bid / 91 ask, rebuilt 62 bid / 60 ask",,recordings/ledgercount-2026-09-06/EURC.GDHU6WRG-USDC.GA5ZSEJY/2026-09-06/64302887.json.gz,1.0.8-draft,2026-09-06T15:53:28Z,2026-09-06T15:58:35Z,307.496
PARTIAL,PYUSD:GDQE7IXJ4HUHV6RQHIUPRJSEZE4DRS5WY577O2FY6YQ5LVWZ7JZTU2V5/USDC:GA5ZSEJYB37JRC5AVCIA5MOP4RHTM335X2KGX3IHOJAPP5RE34K4KZVN,64302887,21,17,21,13,no,no,yes,no,39,4,0,0,"level counts differ: recorded 21 bid / 17 ask, rebuilt 21 bid / 13 ask",,recordings/ledgercount-2026-09-06/PYUSD.GDQE7IXJ-USDC.GA5ZSEJY/2026-09-06/64302887.json.gz,1.0.8-draft,2026-09-06T15:53:29Z,2026-09-06T15:58:37Z,308.005
PARTIAL,AUDD:GDC7X2MXTYSAKUUGAIQ7J7RPEIM7GXSAIWFYWWH4GLNFECQVJJLB2EEU/USDC:GA5ZSEJYB37JRC5AVCIA5MOP4RHTM335X2KGX3IHOJAPP5RE34K4KZVN,64302887,11,5,8,5,no,no,yes,no,18,5,0,1,"level counts differ: recorded 11 bid / 5 ask, rebuilt 8 bid / 5 ask",,recordings/ledgercount-2026-09-06/AUDD.GDC7X2MX-USDC.GA5ZSEJY/2026-09-06/64302887.json.gz,1.0.8-draft,2026-09-06T15:53:29Z,2026-09-06T15:58:38Z,309.273
MATCH,ARST:GCSAZVWXZKWS4XS223M5F54H2B6XPIIXZZGP7KEAIU6YSL5HDRGCI3DG/USDC:GA5ZSEJYB37JRC5AVCIA5MOP4RHTM335X2KGX3IHOJAPP5RE34K4KZVN,64302887,6,23,6,23,yes,yes,yes,yes,30,0,0,0,,,recordings/ledgercount-2026-09-06/ARST.GCSAZVWX-USDC.GA5ZSEJY/2026-09-06/64302887.json.gz,1.0.8-draft,2026-09-06T15:53:30Z,2026-09-06T15:58:39Z,309.514
MATCH,BRL:GDVKY2GU2DRXWTBEYJJWSFXIGBZV6AZNBVVSUHEPZI54LIS6BA7DVVSP/USDC:GA5ZSEJYB37JRC5AVCIA5MOP4RHTM335X2KGX3IHOJAPP5RE34K4KZVN,64302887,35,5,35,5,yes,yes,yes,yes,41,0,0,1,,,recordings/ledgercount-2026-09-06/BRL.GDVKY2GU-USDC.GA5ZSEJY/2026-09-06/64302887.json.gz,1.0.8-draft,2026-09-06T15:53:30Z,2026-09-06T15:58:40Z,310.862
PARTIAL,AQUA:GBNZILSTVQZ4R7IKQDGHYGY2QXL5QOFJYQMXPKWRRM5PAV7Y4M67AQUA/USDC:GA5ZSEJYB37JRC5AVCIA5MOP4RHTM335X2KGX3IHOJAPP5RE34K4KZVN,64302887,55,200,48,314,no,no,yes,yes,490,6,0,1,"level counts differ: recorded 55 bid / 200 ask, rebuilt 48 bid / 314 ask (a recorded side is at the endpoint limit and is a prefix)",,recordings/ledgercount-2026-09-06/AQUA.GBNZILST-USDC.GA5ZSEJY/2026-09-06/64302887.json.gz,1.0.8-draft,2026-09-06T15:53:31Z,2026-09-06T15:58:42Z,311.129
PARTIAL,USTRY:GCRYUGD5NVARGXT56XEZI5CIFCQETYHAPQQTHO2O3IQZTHDH4LATMYWC/USDC:GA5ZSEJYB37JRC5AVCIA5MOP4RHTM335X2KGX3IHOJAPP5RE34K4KZVN,64302888,15,11,14,11,no,no,yes,no,29,1,0,0,"level counts differ: recorded 15 bid / 11 ask, rebuilt 14 bid / 11 ask",,recordings/ledgercount-2026-09-06/USTRY.GCRYUGD5-USDC.GA5ZSEJY/2026-09-06/64302888.json.gz,1.0.8-draft,2026-09-06T15:53:31Z,2026-09-06T15:58:44Z,313.152
PARTIAL,XLM/USDC:GA5ZSEJYB37JRC5AVCIA5MOP4RHTM335X2KGX3IHOJAPP5RE34K4KZVN,64302908,200,200,726,1151,yes,no,yes,yes,4365,44,14,4,"bid 0 price differs: recorded 5000000/27218477, rebuilt 229541/1250000",,recordings/ledgercount-2026-09-06/XLM.native-USDC.GA5ZSEJY/2026-09-06/64302908.json.gz,1.0.8-draft,2026-09-06T15:55:28Z,2026-09-06T16:00:28Z,300.004
PARTIAL,EURC:GDHU6WRG4IEQXM5NZ4BMPKOXHW76MZM4Y2IEMFDVXBSDP6SJY4ITNPP2/USDC:GA5ZSEJYB37JRC5AVCIA5MOP4RHTM335X2KGX3IHOJAPP5RE34K4KZVN,64302908,65,89,63,59,no,no,yes,no,132,28,1,4,"level counts differ: recorded 65 bid / 89 ask, rebuilt 63 bid / 59 ask",,recordings/ledgercount-2026-09-06/EURC.GDHU6WRG-USDC.GA5ZSEJY/2026-09-06/64302908.json.gz,1.0.8-draft,2026-09-06T15:55:28Z,2026-09-06T16:00:35Z,307.588
PARTIAL,PYUSD:GDQE7IXJ4HUHV6RQHIUPRJSEZE4DRS5WY577O2FY6YQ5LVWZ7JZTU2V5/USDC:GA5ZSEJYB37JRC5AVCIA5MOP4RHTM335X2KGX3IHOJAPP5RE34K4KZVN,64302908,21,17,21,13,no,no,yes,no,39,4,0,3,"level counts differ: recorded 21 bid / 17 ask, rebuilt 21 bid / 13 ask",,recordings/ledgercount-2026-09-06/PYUSD.GDQE7IXJ-USDC.GA5ZSEJY/2026-09-06/64302908.json.gz,1.0.8-draft,2026-09-06T15:55:29Z,2026-09-06T16:00:37Z,308.109
PARTIAL,AUDD:GDC7X2MXTYSAKUUGAIQ7J7RPEIM7GXSAIWFYWWH4GLNFECQVJJLB2EEU/USDC:GA5ZSEJYB37JRC5AVCIA5MOP4RHTM335X2KGX3IHOJAPP5RE34K4KZVN,64302909,11,5,8,5,no,no,yes,no,18,5,0,4,"level counts differ: recorded 11 bid / 5 ask, rebuilt 8 bid / 5 ask",,recordings/ledgercount-2026-09-06/AUDD.GDC7X2MX-USDC.GA5ZSEJY/2026-09-06/64302909.json.gz,1.0.8-draft,2026-09-06T15:55:29Z,2026-09-06T16:00:38Z,309.344
MATCH,ARST:GCSAZVWXZKWS4XS223M5F54H2B6XPIIXZZGP7KEAIU6YSL5HDRGCI3DG/USDC:GA5ZSEJYB37JRC5AVCIA5MOP4RHTM335X2KGX3IHOJAPP5RE34K4KZVN,64302909,6,23,6,23,yes,yes,yes,yes,30,0,0,5,,,recordings/ledgercount-2026-09-06/ARST.GCSAZVWX-USDC.GA5ZSEJY/2026-09-06/64302909.json.gz,1.0.8-draft,2026-09-06T15:55:30Z,2026-09-06T16:00:39Z,309.602
MATCH,BRL:GDVKY2GU2DRXWTBEYJJWSFXIGBZV6AZNBVVSUHEPZI54LIS6BA7DVVSP/USDC:GA5ZSEJYB37JRC5AVCIA5MOP4RHTM335X2KGX3IHOJAPP5RE34K4KZVN,64302909,35,5,35,5,yes,yes,yes,yes,41,0,0,4,,,recordings/ledgercount-2026-09-06/BRL.GDVKY2GU-USDC.GA5ZSEJY/2026-09-06/64302909.json.gz,1.0.8-draft,2026-09-06T15:55:30Z,2026-09-06T16:00:40Z,310.884
PARTIAL,AQUA:GBNZILSTVQZ4R7IKQDGHYGY2QXL5QOFJYQMXPKWRRM5PAV7Y4M67AQUA/USDC:GA5ZSEJYB37JRC5AVCIA5MOP4RHTM335X2KGX3IHOJAPP5RE34K4KZVN,64302909,55,200,40,313,no,no,yes,yes,481,16,0,3,"level counts differ: recorded 55 bid / 200 ask, rebuilt 40 bid / 313 ask (a recorded side is at the endpoint limit and is a prefix)",,recordings/ledgercount-2026-09-06/AQUA.GBNZILST-USDC.GA5ZSEJY/2026-09-06/64302909.json.gz,1.0.8-draft,2026-09-06T15:55:31Z,2026-09-06T16:00:42Z,311.15
PARTIAL,USTRY:GCRYUGD5NVARGXT56XEZI5CIFCQETYHAPQQTHO2O3IQZTHDH4LATMYWC/USDC:GA5ZSEJYB37JRC5AVCIA5MOP4RHTM335X2KGX3IHOJAPP5RE34K4KZVN,64302909,15,11,14,11,no,no,yes,no,29,1,0,3,"level counts differ: recorded 15 bid / 11 ask, rebuilt 14 bid / 11 ask",,recordings/ledgercount-2026-09-06/USTRY.GCRYUGD5-USDC.GA5ZSEJY/2026-09-06/64302909.json.gz,1.0.8-draft,2026-09-06T15:55:31Z,2026-09-06T16:00:44Z,313.194
PARTIAL,XLM/USDC:GA5ZSEJYB37JRC5AVCIA5MOP4RHTM335X2KGX3IHOJAPP5RE34K4KZVN,64302930,200,200,725,1151,yes,no,yes,yes,4363,44,13,14,"bid 0 price differs: recorded 2500000/13603101, rebuilt 229541/1250000",,recordings/ledgercount-2026-09-06/XLM.native-USDC.GA5ZSEJY/2026-09-06/64302930.json.gz,1.0.8-draft,2026-09-06T15:57:28Z,2026-09-06T16:02:28Z,300.007
PARTIAL,EURC:GDHU6WRG4IEQXM5NZ4BMPKOXHW76MZM4Y2IEMFDVXBSDP6SJY4ITNPP2/USDC:GA5ZSEJYB37JRC5AVCIA5MOP4RHTM335X2KGX3IHOJAPP5RE34K4KZVN,64302930,66,86,55,56,no,no,yes,no,121,42,1,1,"level counts differ: recorded 66 bid / 86 ask, rebuilt 55 bid / 56 ask",,recordings/ledgercount-2026-09-06/EURC.GDHU6WRG-USDC.GA5ZSEJY/2026-09-06/64302930.json.gz,1.0.8-draft,2026-09-06T15:57:28Z,2026-09-06T16:02:35Z,307.382
PARTIAL,PYUSD:GDQE7IXJ4HUHV6RQHIUPRJSEZE4DRS5WY577O2FY6YQ5LVWZ7JZTU2V5/USDC:GA5ZSEJYB37JRC5AVCIA5MOP4RHTM335X2KGX3IHOJAPP5RE34K4KZVN,64302930,21,17,20,13,no,no,yes,no,38,5,0,1,"level counts differ: recorded 21 bid / 17 ask, rebuilt 20 bid / 13 ask",,recordings/ledgercount-2026-09-06/PYUSD.GDQE7IXJ-USDC.GA5ZSEJY/2026-09-06/64302930.json.gz,1.0.8-draft,2026-09-06T15:57:29Z,2026-09-06T16:02:36Z,307.903
PARTIAL,AUDD:GDC7X2MXTYSAKUUGAIQ7J7RPEIM7GXSAIWFYWWH4GLNFECQVJJLB2EEU/USDC:GA5ZSEJYB37JRC5AVCIA5MOP4RHTM335X2KGX3IHOJAPP5RE34K4KZVN,64302930,11,5,8,5,no,no,yes,no,18,5,0,0,"level counts differ: recorded 11 bid / 5 ask, rebuilt 8 bid / 5 ask",,recordings/ledgercount-2026-09-06/AUDD.GDC7X2MX-USDC.GA5ZSEJY/2026-09-06/64302930.json.gz,1.0.8-draft,2026-09-06T15:57:29Z,2026-09-06T16:02:38Z,309.426
MATCH,ARST:GCSAZVWXZKWS4XS223M5F54H2B6XPIIXZZGP7KEAIU6YSL5HDRGCI3DG/USDC:GA5ZSEJYB37JRC5AVCIA5MOP4RHTM335X2KGX3IHOJAPP5RE34K4KZVN,64302930,6,23,6,23,yes,yes,yes,yes,30,0,0,1,,,recordings/ledgercount-2026-09-06/ARST.GCSAZVWX-USDC.GA5ZSEJY/2026-09-06/64302930.json.gz,1.0.8-draft,2026-09-06T15:57:30Z,2026-09-06T16:02:40Z,310.133
MATCH,BRL:GDVKY2GU2DRXWTBEYJJWSFXIGBZV6AZNBVVSUHEPZI54LIS6BA7DVVSP/USDC:GA5ZSEJYB37JRC5AVCIA5MOP4RHTM335X2KGX3IHOJAPP5RE34K4KZVN,64302930,35,5,35,5,yes,yes,yes,yes,41,0,0,1,,,recordings/ledgercount-2026-09-06/BRL.GDVKY2GU-USDC.GA5ZSEJY/2026-09-06/64302930.json.gz,1.0.8-draft,2026-09-06T15:57:30Z,2026-09-06T16:02:41Z,311.391
PARTIAL,AQUA:GBNZILSTVQZ4R7IKQDGHYGY2QXL5QOFJYQMXPKWRRM5PAV7Y4M67AQUA/USDC:GA5ZSEJYB37JRC5AVCIA5MOP4RHTM335X2KGX3IHOJAPP5RE34K4KZVN,64302930,54,200,40,296,no,no,yes,yes,464,35,0,1,"level counts differ: recorded 54 bid / 200 ask, rebuilt 40 bid / 296 ask (a recorded side is at the endpoint limit and is a prefix)",,recordings/ledgercount-2026-09-06/AQUA.GBNZILST-USDC.GA5ZSEJY/2026-09-06/64302930.json.gz,1.0.8-draft,2026-09-06T15:57:31Z,2026-09-06T16:02:42Z,311.66
PARTIAL,USTRY:GCRYUGD5NVARGXT56XEZI5CIFCQETYHAPQQTHO2O3IQZTHDH4LATMYWC/USDC:GA5ZSEJYB37JRC5AVCIA5MOP4RHTM335X2KGX3IHOJAPP5RE34K4KZVN,64302930,15,11,14,10,no,no,yes,no,28,2,0,1,"level counts differ: recorded 15 bid / 11 ask, rebuilt 14 bid / 10 ask",,recordings/ledgercount-2026-09-06/USTRY.GCRYUGD5-USDC.GA5ZSEJY/2026-09-06/64302930.json.gz,1.0.8-draft,2026-09-06T15:57:31Z,2026-09-06T16:02:44Z,313.718
PARTIAL,XLM/USDC:GA5ZSEJYB37JRC5AVCIA5MOP4RHTM335X2KGX3IHOJAPP5RE34K4KZVN,64302951,200,200,724,1153,yes,no,yes,yes,4366,44,5,4,"bid 0 price differs: recorded 391474153/2129870716, rebuilt 229541/1250000",,recordings/ledgercount-2026-09-06/XLM.native-USDC.GA5ZSEJY/2026-09-06/64302951.json.gz,1.0.8-draft,2026-09-06T15:59:28Z,2026-09-06T16:04:28Z,300.007
PARTIAL,EURC:GDHU6WRG4IEQXM5NZ4BMPKOXHW76MZM4Y2IEMFDVXBSDP6SJY4ITNPP2/USDC:GA5ZSEJYB37JRC5AVCIA5MOP4RHTM335X2KGX3IHOJAPP5RE34K4KZVN,64302951,66,85,55,61,no,no,yes,no,127,36,0,0,"level counts differ: recorded 66 bid / 85 ask, rebuilt 55 bid / 61 ask",,recordings/ledgercount-2026-09-06/EURC.GDHU6WRG-USDC.GA5ZSEJY/2026-09-06/64302951.json.gz,1.0.8-draft,2026-09-06T15:59:28Z,2026-09-06T16:04:35Z,307.891
PARTIAL,PYUSD:GDQE7IXJ4HUHV6RQHIUPRJSEZE4DRS5WY577O2FY6YQ5LVWZ7JZTU2V5/USDC:GA5ZSEJYB37JRC5AVCIA5MOP4RHTM335X2KGX3IHOJAPP5RE34K4KZVN,64302951,21,17,20,13,no,no,yes,no,38,5,0,2,"level counts differ: recorded 21 bid / 17 ask, rebuilt 20 bid / 13 ask",,recordings/ledgercount-2026-09-06/PYUSD.GDQE7IXJ-USDC.GA5ZSEJY/2026-09-06/64302951.json.gz,1.0.8-draft,2026-09-06T15:59:29Z,2026-09-06T16:04:37Z,308.419
MATCH,AUDD:GDC7X2MXTYSAKUUGAIQ7J7RPEIM7GXSAIWFYWWH4GLNFECQVJJLB2EEU/USDC:GA5ZSEJYB37JRC5AVCIA5MOP4RHTM335X2KGX3IHOJAPP5RE34K4KZVN,64302952,11,5,11,5,yes,yes,yes,yes,23,0,0,1,,,recordings/ledgercount-2026-09-06/AUDD.GDC7X2MX-USDC.GA5ZSEJY/2026-09-06/64302952.json.gz,1.0.8-draft,2026-09-06T15:59:29Z,2026-09-06T16:04:38Z,309.922
MATCH,ARST:GCSAZVWXZKWS4XS223M5F54H2B6XPIIXZZGP7KEAIU6YSL5HDRGCI3DG/USDC:GA5ZSEJYB37JRC5AVCIA5MOP4RHTM335X2KGX3IHOJAPP5RE34K4KZVN,64302952,6,23,6,23,yes,yes,yes,yes,30,0,0,1,,,recordings/ledgercount-2026-09-06/ARST.GCSAZVWX-USDC.GA5ZSEJY/2026-09-06/64302952.json.gz,1.0.8-draft,2026-09-06T15:59:30Z,2026-09-06T16:04:40Z,310.577
MATCH,BRL:GDVKY2GU2DRXWTBEYJJWSFXIGBZV6AZNBVVSUHEPZI54LIS6BA7DVVSP/USDC:GA5ZSEJYB37JRC5AVCIA5MOP4RHTM335X2KGX3IHOJAPP5RE34K4KZVN,64302952,35,5,35,5,yes,yes,yes,yes,41,0,0,1,,,recordings/ledgercount-2026-09-06/BRL.GDVKY2GU-USDC.GA5ZSEJY/2026-09-06/64302952.json.gz,1.0.8-draft,2026-09-06T15:59:30Z,2026-09-06T16:04:41Z,311.834
PARTIAL,AQUA:GBNZILSTVQZ4R7IKQDGHYGY2QXL5QOFJYQMXPKWRRM5PAV7Y4M67AQUA/USDC:GA5ZSEJYB37JRC5AVCIA5MOP4RHTM335X2KGX3IHOJAPP5RE34K4KZVN,64302952,51,200,43,292,no,no,yes,yes,462,37,0,1,"level counts differ: recorded 51 bid / 200 ask, rebuilt 43 bid / 292 ask (a recorded side is at the endpoint limit and is a prefix)",,recordings/ledgercount-2026-09-06/AQUA.GBNZILST-USDC.GA5ZSEJY/2026-09-06/64302952.json.gz,1.0.8-draft,2026-09-06T15:59:31Z,2026-09-06T16:04:43Z,312.1
PARTIAL,USTRY:GCRYUGD5NVARGXT56XEZI5CIFCQETYHAPQQTHO2O3IQZTHDH4LATMYWC/USDC:GA5ZSEJYB37JRC5AVCIA5MOP4RHTM335X2KGX3IHOJAPP5RE34K4KZVN,64302952,15,11,14,10,no,no,yes,no,28,2,0,1,"level counts differ: recorded 15 bid / 11 ask, rebuilt 14 bid / 10 ask",,recordings/ledgercount-2026-09-06/USTRY.GCRYUGD5-USDC.GA5ZSEJY/2026-09-06/64302952.json.gz,1.0.8-draft,2026-09-06T15:59:31Z,2026-09-06T16:04:45Z,314.15
PARTIAL,XLM/USDC:GA5ZSEJYB37JRC5AVCIA5MOP4RHTM335X2KGX3IHOJAPP5RE34K4KZVN,64302972,200,200,717,1137,yes,no,yes,yes,4342,69,10,2,"bid 0 price differs: recorded 2500000/13603101, rebuilt 229541/1250000",,recordings/ledgercount-2026-09-06/XLM.native-USDC.GA5ZSEJY/2026-09-06/64302972.json.gz,1.0.8-draft,2026-09-06T16:01:28Z,2026-09-06T16:06:28Z,300.006
PARTIAL,EURC:GDHU6WRG4IEQXM5NZ4BMPKOXHW76MZM4Y2IEMFDVXBSDP6SJY4ITNPP2/USDC:GA5ZSEJYB37JRC5AVCIA5MOP4RHTM335X2KGX3IHOJAPP5RE34K4KZVN,64302972,67,84,51,77,no,no,yes,no,139,24,0,1,"level counts differ: recorded 67 bid / 84 ask, rebuilt 51 bid / 77 ask",,recordings/ledgercount-2026-09-06/EURC.GDHU6WRG-USDC.GA5ZSEJY/2026-09-06/64302972.json.gz,1.0.8-draft,2026-09-06T16:01:28Z,2026-09-06T16:06:35Z,307.924
PARTIAL,PYUSD:GDQE7IXJ4HUHV6RQHIUPRJSEZE4DRS5WY577O2FY6YQ5LVWZ7JZTU2V5/USDC:GA5ZSEJYB37JRC5AVCIA5MOP4RHTM335X2KGX3IHOJAPP5RE34K4KZVN,64302972,21,17,20,13,no,no,yes,no,38,5,0,1,"level counts differ: recorded 21 bid / 17 ask, rebuilt 20 bid / 13 ask",,recordings/ledgercount-2026-09-06/PYUSD.GDQE7IXJ-USDC.GA5ZSEJY/2026-09-06/64302972.json.gz,1.0.8-draft,2026-09-06T16:01:29Z,2026-09-06T16:06:37Z,308.438
PARTIAL,AUDD:GDC7X2MXTYSAKUUGAIQ7J7RPEIM7GXSAIWFYWWH4GLNFECQVJJLB2EEU/USDC:GA5ZSEJYB37JRC5AVCIA5MOP4RHTM335X2KGX3IHOJAPP5RE34K4KZVN,64302972,11,5,10,5,no,no,yes,no,20,3,0,0,"level counts differ: recorded 11 bid / 5 ask, rebuilt 10 bid / 5 ask",,recordings/ledgercount-2026-09-06/AUDD.GDC7X2MX-USDC.GA5ZSEJY/2026-09-06/64302972.json.gz,1.0.8-draft,2026-09-06T16:01:29Z,2026-09-06T16:06:39Z,310.002
MATCH,ARST:GCSAZVWXZKWS4XS223M5F54H2B6XPIIXZZGP7KEAIU6YSL5HDRGCI3DG/USDC:GA5ZSEJYB37JRC5AVCIA5MOP4RHTM335X2KGX3IHOJAPP5RE34K4KZVN,64302972,6,23,6,23,yes,yes,yes,yes,30,0,0,1,,,recordings/ledgercount-2026-09-06/ARST.GCSAZVWX-USDC.GA5ZSEJY/2026-09-06/64302972.json.gz,1.0.8-draft,2026-09-06T16:01:30Z,2026-09-06T16:06:40Z,310.566
MATCH,BRL:GDVKY2GU2DRXWTBEYJJWSFXIGBZV6AZNBVVSUHEPZI54LIS6BA7DVVSP/USDC:GA5ZSEJYB37JRC5AVCIA5MOP4RHTM335X2KGX3IHOJAPP5RE34K4KZVN,64302973,35,5,35,5,yes,yes,yes,yes,41,0,0,0,,,recordings/ledgercount-2026-09-06/BRL.GDVKY2GU-USDC.GA5ZSEJY/2026-09-06/64302973.json.gz,1.0.8-draft,2026-09-06T16:01:30Z,2026-09-06T16:06:41Z,311.812
PARTIAL,AQUA:GBNZILSTVQZ4R7IKQDGHYGY2QXL5QOFJYQMXPKWRRM5PAV7Y4M67AQUA/USDC:GA5ZSEJYB37JRC5AVCIA5MOP4RHTM335X2KGX3IHOJAPP5RE34K4KZVN,64302973,55,200,53,299,no,no,yes,yes,479,20,0,2,"level counts differ: recorded 55 bid / 200 ask, rebuilt 53 bid / 299 ask (a recorded side is at the endpoint limit and is a prefix)",,recordings/ledgercount-2026-09-06/AQUA.GBNZILST-USDC.GA5ZSEJY/2026-09-06/64302973.json.gz,1.0.8-draft,2026-09-06T16:01:31Z,2026-09-06T16:06:43Z,312.065
PARTIAL,USTRY:GCRYUGD5NVARGXT56XEZI5CIFCQETYHAPQQTHO2O3IQZTHDH4LATMYWC/USDC:GA5ZSEJYB37JRC5AVCIA5MOP4RHTM335X2KGX3IHOJAPP5RE34K4KZVN,64302973,15,11,14,10,no,no,yes,no,28,2,0,0,"level counts differ: recorded 15 bid / 11 ask, rebuilt 14 bid / 10 ask",,recordings/ledgercount-2026-09-06/USTRY.GCRYUGD5-USDC.GA5ZSEJY/2026-09-06/64302973.json.gz,1.0.8-draft,2026-09-06T16:01:31Z,2026-09-06T16:06:45Z,314.098
PARTIAL,XLM/USDC:GA5ZSEJYB37JRC5AVCIA5MOP4RHTM335X2KGX3IHOJAPP5RE34K4KZVN,64302994,200,200,731,1133,yes,no,yes,yes,4350,66,21,5,"bid 0 price differs: recorded 625000/3400463, rebuilt 229541/1250000",,recordings/ledgercount-2026-09-06/XLM.native-USDC.GA5ZSEJY/2026-09-06/64302994.json.gz,1.0.8-draft,2026-09-06T16:03:28Z,2026-09-06T16:08:28Z,300.006
PARTIAL,EURC:GDHU6WRG4IEQXM5NZ4BMPKOXHW76MZM4Y2IEMFDVXBSDP6SJY4ITNPP2/USDC:GA5ZSEJYB37JRC5AVCIA5MOP4RHTM335X2KGX3IHOJAPP5RE34K4KZVN,64302994,67,84,51,68,no,no,yes,no,130,30,1,0,"level counts differ: recorded 67 bid / 84 ask, rebuilt 51 bid / 68 ask",,recordings/ledgercount-2026-09-06/EURC.GDHU6WRG-USDC.GA5ZSEJY/2026-09-06/64302994.json.gz,1.0.8-draft,2026-09-06T16:03:28Z,2026-09-06T16:08:36Z,308.19
PARTIAL,PYUSD:GDQE7IXJ4HUHV6RQHIUPRJSEZE4DRS5WY577O2FY6YQ5LVWZ7JZTU2V5/USDC:GA5ZSEJYB37JRC5AVCIA5MOP4RHTM335X2KGX3IHOJAPP5RE34K4KZVN,64302994,21,17,20,13,no,no,yes,no,38,5,0,2,"level counts differ: recorded 21 bid / 17 ask, rebuilt 20 bid / 13 ask",,recordings/ledgercount-2026-09-06/PYUSD.GDQE7IXJ-USDC.GA5ZSEJY/2026-09-06/64302994.json.gz,1.0.8-draft,2026-09-06T16:03:29Z,2026-09-06T16:08:37Z,308.924
PARTIAL,AUDD:GDC7X2MXTYSAKUUGAIQ7J7RPEIM7GXSAIWFYWWH4GLNFECQVJJLB2EEU/USDC:GA5ZSEJYB37JRC5AVCIA5MOP4RHTM335X2KGX3IHOJAPP5RE34K4KZVN,64302994,11,5,8,5,no,no,yes,no,18,5,0,0,"level counts differ: recorded 11 bid / 5 ask, rebuilt 8 bid / 5 ask",,recordings/ledgercount-2026-09-06/AUDD.GDC7X2MX-USDC.GA5ZSEJY/2026-09-06/64302994.json.gz,1.0.8-draft,2026-09-06T16:03:29Z,2026-09-06T16:08:39Z,310.425
MATCH,ARST:GCSAZVWXZKWS4XS223M5F54H2B6XPIIXZZGP7KEAIU6YSL5HDRGCI3DG/USDC:GA5ZSEJYB37JRC5AVCIA5MOP4RHTM335X2KGX3IHOJAPP5RE34K4KZVN,64302994,6,23,6,23,yes,yes,yes,yes,30,0,0,0,,,recordings/ledgercount-2026-09-06/ARST.GCSAZVWX-USDC.GA5ZSEJY/2026-09-06/64302994.json.gz,1.0.8-draft,2026-09-06T16:03:30Z,2026-09-06T16:08:40Z,310.932
MATCH,BRL:GDVKY2GU2DRXWTBEYJJWSFXIGBZV6AZNBVVSUHEPZI54LIS6BA7DVVSP/USDC:GA5ZSEJYB37JRC5AVCIA5MOP4RHTM335X2KGX3IHOJAPP5RE34K4KZVN,64302994,35,5,35,5,yes,yes,yes,yes,41,0,0,1,,,recordings/ledgercount-2026-09-06/BRL.GDVKY2GU-USDC.GA5ZSEJY/2026-09-06/64302994.json.gz,1.0.8-draft,2026-09-06T16:03:30Z,2026-09-06T16:08:42Z,312.184
PARTIAL,AQUA:GBNZILSTVQZ4R7IKQDGHYGY2QXL5QOFJYQMXPKWRRM5PAV7Y4M67AQUA/USDC:GA5ZSEJYB37JRC5AVCIA5MOP4RHTM335X2KGX3IHOJAPP5RE34K4KZVN,64302994,55,200,53,314,no,no,yes,yes,494,5,0,1,"level counts differ: recorded 55 bid / 200 ask, rebuilt 53 bid / 314 ask (a recorded side is at the endpoint limit and is a prefix)",,recordings/ledgercount-2026-09-06/AQUA.GBNZILST-USDC.GA5ZSEJY/2026-09-06/64302994.json.gz,1.0.8-draft,2026-09-06T16:03:31Z,2026-09-06T16:08:43Z,312.69
PARTIAL,USTRY:GCRYUGD5NVARGXT56XEZI5CIFCQETYHAPQQTHO2O3IQZTHDH4LATMYWC/USDC:GA5ZSEJYB37JRC5AVCIA5MOP4RHTM335X2KGX3IHOJAPP5RE34K4KZVN,64302995,15,11,14,10,no,no,yes,no,28,2,0,1,"level counts differ: recorded 15 bid / 11 ask, rebuilt 14 bid / 10 ask",,recordings/ledgercount-2026-09-06/USTRY.GCRYUGD5-USDC.GA5ZSEJY/2026-09-06/64302995.json.gz,1.0.8-draft,2026-09-06T16:03:31Z,2026-09-06T16:08:45Z,314.74
PARTIAL,XLM/USDC:GA5ZSEJYB37JRC5AVCIA5MOP4RHTM335X2KGX3IHOJAPP5RE34K4KZVN,64303015,200,200,731,1133,yes,no,yes,yes,4350,58,19,0,"bid 0 price differs: recorded 2500000/13601741, rebuilt 916317/5000000",,recordings/ledgercount-2026-09-06/XLM.native-USDC.GA5ZSEJY/2026-09-06/64303015.json.gz,1.0.8-draft,2026-09-06T16:05:28Z,2026-09-06T16:10:28Z,300.003
PARTIAL,EURC:GDHU6WRG4IEQXM5NZ4BMPKOXHW76MZM4Y2IEMFDVXBSDP6SJY4ITNPP2/USDC:GA5ZSEJYB37JRC5AVCIA5MOP4RHTM335X2KGX3IHOJAPP5RE34K4KZVN,64303015,67,84,51,58,no,no,yes,no,120,46,1,0,"level counts differ: recorded 67 bid / 84 ask, rebuilt 51 bid / 58 ask",,recordings/ledgercount-2026-09-06/EURC.GDHU6WRG-USDC.GA5ZSEJY/2026-09-06/64303015.json.gz,1.0.8-draft,2026-09-06T16:05:28Z,2026-09-06T16:10:36Z,308.795
PARTIAL,PYUSD:GDQE7IXJ4HUHV6RQHIUPRJSEZE4DRS5WY577O2FY6YQ5LVWZ7JZTU2V5/USDC:GA5ZSEJYB37JRC5AVCIA5MOP4RHTM335X2KGX3IHOJAPP5RE34K4KZVN,64303016,21,17,21,13,no,no,yes,no,39,4,0,0,"level counts differ: recorded 21 bid / 17 ask, rebuilt 21 bid / 13 ask",,recordings/ledgercount-2026-09-06/PYUSD.GDQE7IXJ-USDC.GA5ZSEJY/2026-09-06/64303016.json.gz,1.0.8-draft,2026-09-06T16:05:29Z,2026-09-06T16:10:38Z,309.525
PARTIAL,AUDD:GDC7X2MXTYSAKUUGAIQ7J7RPEIM7GXSAIWFYWWH4GLNFECQVJJLB2EEU/USDC:GA5ZSEJYB37JRC5AVCIA5MOP4RHTM335X2KGX3IHOJAPP5RE34K4KZVN,64303016,11,5,8,5,no,no,yes,no,18,5,0,0,"level counts differ: recorded 11 bid / 5 ask, rebuilt 8 bid / 5 ask",,recordings/ledgercount-2026-09-06/AUDD.GDC7X2MX-USDC.GA5ZSEJY/2026-09-06/64303016.json.gz,1.0.8-draft,2026-09-06T16:05:29Z,2026-09-06T16:10:39Z,310.926
MATCH,ARST:GCSAZVWXZKWS4XS223M5F54H2B6XPIIXZZGP7KEAIU6YSL5HDRGCI3DG/USDC:GA5ZSEJYB37JRC5AVCIA5MOP4RHTM335X2KGX3IHOJAPP5RE34K4KZVN,64303016,6,23,6,23,yes,yes,yes,yes,30,0,0,0,,,recordings/ledgercount-2026-09-06/ARST.GCSAZVWX-USDC.GA5ZSEJY/2026-09-06/64303016.json.gz,1.0.8-draft,2026-09-06T16:05:30Z,2026-09-06T16:10:41Z,311.291
MATCH,BRL:GDVKY2GU2DRXWTBEYJJWSFXIGBZV6AZNBVVSUHEPZI54LIS6BA7DVVSP/USDC:GA5ZSEJYB37JRC5AVCIA5MOP4RHTM335X2KGX3IHOJAPP5RE34K4KZVN,64303016,35,5,35,5,yes,yes,yes,yes,41,0,0,0,,,recordings/ledgercount-2026-09-06/BRL.GDVKY2GU-USDC.GA5ZSEJY/2026-09-06/64303016.json.gz,1.0.8-draft,2026-09-06T16:05:30Z,2026-09-06T16:10:42Z,312.826
PARTIAL,AQUA:GBNZILSTVQZ4R7IKQDGHYGY2QXL5QOFJYQMXPKWRRM5PAV7Y4M67AQUA/USDC:GA5ZSEJYB37JRC5AVCIA5MOP4RHTM335X2KGX3IHOJAPP5RE34K4KZVN,64303016,55,200,53,314,no,no,yes,yes,495,4,0,0,"level counts differ: recorded 55 bid / 200 ask, rebuilt 53 bid / 314 ask (a recorded side is at the endpoint limit and is a prefix)",,recordings/ledgercount-2026-09-06/AQUA.GBNZILST-USDC.GA5ZSEJY/2026-09-06/64303016.json.gz,1.0.8-draft,2026-09-06T16:05:31Z,2026-09-06T16:10:44Z,313.566
PARTIAL,USTRY:GCRYUGD5NVARGXT56XEZI5CIFCQETYHAPQQTHO2O3IQZTHDH4LATMYWC/USDC:GA5ZSEJYB37JRC5AVCIA5MOP4RHTM335X2KGX3IHOJAPP5RE34K4KZVN,64303016,15,11,14,11,no,no,yes,no,29,1,0,1,"level counts differ: recorded 15 bid / 11 ask, rebuilt 14 bid / 11 ask",,recordings/ledgercount-2026-09-06/USTRY.GCRYUGD5-USDC.GA5ZSEJY/2026-09-06/64303016.json.gz,1.0.8-draft,2026-09-06T16:05:31Z,2026-09-06T16:10:46Z,315.665
