counter,id,ledger_close_time,base_amount,counter_amount,base_is_seller,price_n,price_d,trade_type
21Ent:GBVYKIM4QGW7NK3Q5S76GWMZMLAWYB6FB43JQ4J7ZOXHAA3LEZZGYHSD,276281132889772034-0,2026-09-08T04:49:15Z,0.0009864,0.0014159,True,14159,9864,liquidity_pool
21Ent:GBVYKIM4QGW7NK3Q5S76GWMZMLAWYB6FB43JQ4J7ZOXHAA3LEZZGYHSD,276279084190126082-1,2026-09-08T04:05:03Z,0.0009803,0.0013986,False,13986,9803,liquidity_pool
21Ent:GBVYKIM4QGW7NK3Q5S76GWMZMLAWYB6FB43JQ4J7ZOXHAA3LEZZGYHSD,276276807858216962-0,2026-09-08T03:15:57Z,0.0009890,0.0014196,True,14196,9890,liquidity_pool
21Ent:GBVYKIM4QGW7NK3Q5S76GWMZMLAWYB6FB43JQ4J7ZOXHAA3LEZZGYHSD,276276129252552706-0,2026-09-08T03:01:14Z,0.0009863,0.0014123,True,14123,9863,liquidity_pool
21Ent:GBVYKIM4QGW7NK3Q5S76GWMZMLAWYB6FB43JQ4J7ZOXHAA3LEZZGYHSD,276275751295930370-1,2026-09-08T02:53:05Z,0.0009803,0.0013952,False,13952,9803,liquidity_pool
21Ent:GBVYKIM4QGW7NK3Q5S76GWMZMLAWYB6FB43JQ4J7ZOXHAA3LEZZGYHSD,276274986790961154-1,2026-09-08T02:36:29Z,0.0009830,0.0014024,False,14024,9830,liquidity_pool
21Ent:GBVYKIM4QGW7NK3Q5S76GWMZMLAWYB6FB43JQ4J7ZOXHAA3LEZZGYHSD,276273805675692034-1,2026-09-08T02:10:55Z,0.0009856,0.0014095,False,14095,9856,liquidity_pool
21Ent:GBVYKIM4QGW7NK3Q5S76GWMZMLAWYB6FB43JQ4J7ZOXHAA3LEZZGYHSD,276269068326428674-0,2026-09-08T00:28:16Z,0.0009917,0.0014269,True,14269,9917,liquidity_pool
21Ent:GBVYKIM4QGW7NK3Q5S76GWMZMLAWYB6FB43JQ4J7ZOXHAA3LEZZGYHSD,276268282347458562-0,2026-09-08T00:11:16Z,0.0009890,0.0014195,True,14195,9890,liquidity_pool
21Ent:GBVYKIM4QGW7NK3Q5S76GWMZMLAWYB6FB43JQ4J7ZOXHAA3LEZZGYHSD,276267423353647106-1,2026-09-07T23:52:38Z,0.0009803,0.0013985,False,13985,9803,liquidity_pool
21Ent:GBVYKIM4QGW7NK3Q5S76GWMZMLAWYB6FB43JQ4J7ZOXHAA3LEZZGYHSD,276262140544393218-1,2026-09-07T21:58:10Z,0.0009830,0.0014057,False,14057,9830,liquidity_pool
21Ent:GBVYKIM4QGW7NK3Q5S76GWMZMLAWYB6FB43JQ4J7ZOXHAA3LEZZGYHSD,276260199218688002-0,2026-09-07T21:16:00Z,0.0009916,0.0014266,True,14266,9916,liquidity_pool
21Ent:GBVYKIM4QGW7NK3Q5S76GWMZMLAWYB6FB43JQ4J7ZOXHAA3LEZZGYHSD,276258446871969794-1,2026-09-07T20:37:59Z,0.0009829,0.0014055,False,14055,9829,liquidity_pool
21Ent:GBVYKIM4QGW7NK3Q5S76GWMZMLAWYB6FB43JQ4J7ZOXHAA3LEZZGYHSD,276257557813714946-1,2026-09-07T20:18:38Z,0.0009856,0.0014128,False,14128,9856,liquidity_pool
21Ent:GBVYKIM4QGW7NK3Q5S76GWMZMLAWYB6FB43JQ4J7ZOXHAA3LEZZGYHSD,276256466892492802-0,2026-09-07T19:54:50Z,0.0009916,0.0014301,True,14301,9916,liquidity_pool
21Ent:GBVYKIM4QGW7NK3Q5S76GWMZMLAWYB6FB43JQ4J7ZOXHAA3LEZZGYHSD,276255715273318402-0,2026-09-07T19:38:27Z,0.0009889,0.0014227,True,14227,9889,liquidity_pool
21Ent:GBVYKIM4QGW7NK3Q5S76GWMZMLAWYB6FB43JQ4J7ZOXHAA3LEZZGYHSD,276243212625018882-1,2026-09-07T15:07:03Z,0.0009829,0.0014055,False,14055,9829,liquidity_pool
21Ent:GBVYKIM4QGW7NK3Q5S76GWMZMLAWYB6FB43JQ4J7ZOXHAA3LEZZGYHSD,276238097317662722-1,2026-09-07T13:15:55Z,0.0009817,0.0014072,False,14072,9817,liquidity_pool
21Ent:GBVYKIM4QGW7NK3Q5S76GWMZMLAWYB6FB43JQ4J7ZOXHAA3LEZZGYHSD,276238020008005634-1,2026-09-07T13:14:16Z,0.0009814,0.0014101,False,14101,9814,liquidity_pool
21Ent:GBVYKIM4QGW7NK3Q5S76GWMZMLAWYB6FB43JQ4J7ZOXHAA3LEZZGYHSD,276237427302502402-1,2026-09-07T13:01:26Z,0.0009811,0.0014131,False,14131,9811,liquidity_pool
21Ent:GBVYKIM4QGW7NK3Q5S76GWMZMLAWYB6FB43JQ4J7ZOXHAA3LEZZGYHSD,276224138673299458-0,2026-09-07T08:14:19Z,0.0009818,0.0014227,True,14227,9818,liquidity_pool
21Ent:GBVYKIM4QGW7NK3Q5S76GWMZMLAWYB6FB43JQ4J7ZOXHAA3LEZZGYHSD,276222880248053762-1,2026-09-07T07:47:08Z,0.0009758,0.0014055,False,14055,9758,liquidity_pool
21Ent:GBVYKIM4QGW7NK3Q5S76GWMZMLAWYB6FB43JQ4J7ZOXHAA3LEZZGYHSD,276221999779782658-1,2026-09-07T07:28:00Z,0.0009784,0.0014126,False,14126,9784,liquidity_pool
21Ent:GBVYKIM4QGW7NK3Q5S76GWMZMLAWYB6FB43JQ4J7ZOXHAA3LEZZGYHSD,276221166556270594-0,2026-09-07T07:09:56Z,0.0009844,0.0014299,True,14299,9844,liquidity_pool
21Ent:GBVYKIM4QGW7NK3Q5S76GWMZMLAWYB6FB43JQ4J7ZOXHAA3LEZZGYHSD,276220329037447170-0,2026-09-07T06:51:48Z,0.0009817,0.0014225,True,14225,9817,liquidity_pool
21Ent:GBVYKIM4QGW7NK3Q5S76GWMZMLAWYB6FB43JQ4J7ZOXHAA3LEZZGYHSD,276218821503680514-1,2026-09-07T06:19:17Z,0.0009758,0.0014054,False,14054,9758,liquidity_pool
5x:GBN42AP5SK3IPTEJ2KAY7DLCAH6YQSMI3H6CCZLWW7KIJCYJ3X57JZ6R,276278203721973761-2,2026-09-08T03:46:05Z,0.0003253,1.9624438,False,19624438,3253,liquidity_pool
ANUINU:GBXN3ONPRC4TX4CQFYAOCMSFCZSUTR2U3GJWCVQ27Z2OKFWTW42HE2ZK,276237242619465729-1,2026-09-07T12:57:25Z,0.0085295,0.1265246,False,1265246,85295,liquidity_pool
ANUINU:GBXN3ONPRC4TX4CQFYAOCMSFCZSUTR2U3GJWCVQ27Z2OKFWTW42HE2ZK,276218495086231555-1,2026-09-07T06:12:18Z,0.0010899,0.0162639,False,162639,10899,liquidity_pool
BASH:GBQ42A3K32ZFOKGB3JJCDXJW7LNAS3GEPQM7J43KYCR7OKVIUON7D65N,276244930610663425-2,2026-09-07T15:44:19Z,0.0099033,1139.2081609,True,11392081609,99033,liquidity_pool
BASH:GBQ42A3K32ZFOKGB3JJCDXJW7LNAS3GEPQM7J43KYCR7OKVIUON7D65N,276237272683900929-1,2026-09-07T12:58:05Z,0.0099645,1139.3838379,False,11393838379,99645,liquidity_pool
BASH:GBQ42A3K32ZFOKGB3JJCDXJW7LNAS3GEPQM7J43KYCR7OKVIUON7D65N,276237212554014721-1,2026-09-07T12:56:45Z,0.0094287,1082.3339148,False,10823339148,94287,liquidity_pool
CODY:GAW55YAX46HLIDRONLOLUWP672HTFXW5WWTEI2T7OXVEFEDE5UKQDJAK,276278281031188481-2,2026-09-08T03:47:44Z,0.0098471,0.0075349,True,75349,98471,liquidity_pool
CODY:GAW55YAX46HLIDRONLOLUWP672HTFXW5WWTEI2T7OXVEFEDE5UKQDJAK,276276137842384897-1,2026-09-08T03:01:25Z,0.0155456,0.0118428,True,118428,155456,liquidity_pool
CODY:GAW55YAX46HLIDRONLOLUWP672HTFXW5WWTEI2T7OXVEFEDE5UKQDJAK,276244934905229313-2,2026-09-07T15:44:24Z,0.0157765,0.0119536,True,119536,157765,liquidity_pool
CODY:GAW55YAX46HLIDRONLOLUWP672HTFXW5WWTEI2T7OXVEFEDE5UKQDJAK,276244286365749249-2,2026-09-07T15:30:24Z,0.0091040,0.0068683,True,68683,91040,liquidity_pool
CODY:GAW55YAX46HLIDRONLOLUWP672HTFXW5WWTEI2T7OXVEFEDE5UKQDJAK,276243079479451649-2,2026-09-07T15:04:08Z,0.0110554,0.0083115,True,83115,110554,liquidity_pool
CODY:GAW55YAX46HLIDRONLOLUWP672HTFXW5WWTEI2T7OXVEFEDE5UKQDJAK,276242654277713921-2,2026-09-07T14:54:52Z,0.0109262,0.0081833,True,81833,109262,liquidity_pool
CODY:GAW55YAX46HLIDRONLOLUWP672HTFXW5WWTEI2T7OXVEFEDE5UKQDJAK,276235374308016129-2,2026-09-07T12:16:55Z,0.0264198,0.0196607,True,196607,264198,liquidity_pool
CODY:GAW55YAX46HLIDRONLOLUWP672HTFXW5WWTEI2T7OXVEFEDE5UKQDJAK,276222605370556417-1,2026-09-07T07:41:07Z,0.0081475,0.0060273,True,60273,81475,liquidity_pool
CODY:GAW55YAX46HLIDRONLOLUWP672HTFXW5WWTEI2T7OXVEFEDE5UKQDJAK,276219388439687171-1,2026-09-07T06:31:31Z,0.0010943,0.0008083,True,8083,10943,liquidity_pool
CODY:GAW55YAX46HLIDRONLOLUWP672HTFXW5WWTEI2T7OXVEFEDE5UKQDJAK,276219173691170819-1,2026-09-07T06:26:54Z,0.0010926,0.0008067,True,8067,10926,liquidity_pool
Cleanshave:GCTZJCIPAJQ5OTNL5MJGA6ETMG7A3GOKYYZUO6JJPWUZCJSSUYNVAISG,276277589542076417-2,2026-09-08T03:32:50Z,0.0545716,955354.5701473,True,9553545701473,545716,liquidity_pool
Cleanshave:GCTZJCIPAJQ5OTNL5MJGA6ETMG7A3GOKYYZUO6JJPWUZCJSSUYNVAISG,276276004699004929-1,2026-09-08T02:58:32Z,0.0640323,1116662.3112622,True,11166623112622,640323,liquidity_pool
Cleanshave:GCTZJCIPAJQ5OTNL5MJGA6ETMG7A3GOKYYZUO6JJPWUZCJSSUYNVAISG,276275884440100865-2,2026-09-08T02:55:56Z,0.0172246,299589.1950512,True,2995891950512,172246,liquidity_pool
Cleanshave:GCTZJCIPAJQ5OTNL5MJGA6ETMG7A3GOKYYZUO6JJPWUZCJSSUYNVAISG,276274016128937985-2,2026-09-08T02:15:27Z,0.0100885,175316.0225511,True,1753160225511,100885,liquidity_pool
Cleanshave:GCTZJCIPAJQ5OTNL5MJGA6ETMG7A3GOKYYZUO6JJPWUZCJSSUYNVAISG,276263218580660225-1,2026-09-07T22:21:33Z,0.0163813,283021.5267998,False,2830215267998,163813,liquidity_pool
Cleanshave:GCTZJCIPAJQ5OTNL5MJGA6ETMG7A3GOKYYZUO6JJPWUZCJSSUYNVAISG,276262922228416513-1,2026-09-07T22:15:08Z,0.0139773,241724.5778188,False,2417245778188,139773,liquidity_pool
Cleanshave:GCTZJCIPAJQ5OTNL5MJGA6ETMG7A3GOKYYZUO6JJPWUZCJSSUYNVAISG,276244973560123393-2,2026-09-07T15:45:14Z,0.0283124,492358.2992616,True,4923582992616,283124,liquidity_pool
Cleanshave:GCTZJCIPAJQ5OTNL5MJGA6ETMG7A3GOKYYZUO6JJPWUZCJSSUYNVAISG,276244694386810881-2,2026-09-07T15:39:13Z,0.0419677,728164.3541443,True,7281643541443,419677,liquidity_pool
Cleanshave:GCTZJCIPAJQ5OTNL5MJGA6ETMG7A3GOKYYZUO6JJPWUZCJSSUYNVAISG,276243195443224577-2,2026-09-07T15:06:40Z,0.0736359,1272852.8764370,True,12728528764370,736359,liquidity_pool
Cleanshave:GCTZJCIPAJQ5OTNL5MJGA6ETMG7A3GOKYYZUO6JJPWUZCJSSUYNVAISG,276235932653826049-2,2026-09-07T12:29:03Z,0.0651270,1118716.4251807,False,11187164251807,651270,liquidity_pool
DAWG:GBVYKIM4QGW7NK3Q5S76GWMZMLAWYB6FB43JQ4J7ZOXHAA3LEZZGYHSD,276278246671605761-2,2026-09-08T03:47:00Z,0.0114853,5.2928804,True,52928804,114853,liquidity_pool
DAWG:GBVYKIM4QGW7NK3Q5S76GWMZMLAWYB6FB43JQ4J7ZOXHAA3LEZZGYHSD,276277404857561090-1,2026-09-08T03:28:49Z,0.0144897,6.6677712,True,66677712,144897,liquidity_pool
DAWG:GBVYKIM4QGW7NK3Q5S76GWMZMLAWYB6FB43JQ4J7ZOXHAA3LEZZGYHSD,276276425605439489-2,2026-09-08T03:07:37Z,0.0104701,4.8114260,True,48114260,104701,liquidity_pool
DAWG:GBVYKIM4QGW7NK3Q5S76GWMZMLAWYB6FB43JQ4J7ZOXHAA3LEZZGYHSD,276276326820925442-0,2026-09-08T03:05:29Z,0.0010887,0.4999796,True,4999796,10887,liquidity_pool
DAWG:GBVYKIM4QGW7NK3Q5S76GWMZMLAWYB6FB43JQ4J7ZOXHAA3LEZZGYHSD,276263248645718017-1,2026-09-07T22:22:12Z,0.0110090,5.0282889,False,50282889,110090,liquidity_pool
DAWG:GBVYKIM4QGW7NK3Q5S76GWMZMLAWYB6FB43JQ4J7ZOXHAA3LEZZGYHSD,276263098321620993-1,2026-09-07T22:18:55Z,0.0102651,4.6940240,False,46940240,102651,liquidity_pool
DAWG:GBVYKIM4QGW7NK3Q5S76GWMZMLAWYB6FB43JQ4J7ZOXHAA3LEZZGYHSD,276262698889768963-2,2026-09-07T22:10:17Z,0.0010986,0.5026825,False,5026825,10986,liquidity_pool
DAWG:GBVYKIM4QGW7NK3Q5S76GWMZMLAWYB6FB43JQ4J7ZOXHAA3LEZZGYHSD,276261320205017091-2,2026-09-07T21:40:26Z,0.0010992,0.5030181,False,5030181,10992,liquidity_pool
DAWG:GBVYKIM4QGW7NK3Q5S76GWMZMLAWYB6FB43JQ4J7ZOXHAA3LEZZGYHSD,276260946543411203-2,2026-09-07T21:32:15Z,0.0011026,0.5046353,False,5046353,11026,liquidity_pool
DAWG:GBVYKIM4QGW7NK3Q5S76GWMZMLAWYB6FB43JQ4J7ZOXHAA3LEZZGYHSD,276260710320365571-2,2026-09-07T21:27:06Z,0.0011002,0.5035981,False,5035981,11002,liquidity_pool
DAWG:GBVYKIM4QGW7NK3Q5S76GWMZMLAWYB6FB43JQ4J7ZOXHAA3LEZZGYHSD,276260109024804867-2,2026-09-07T21:14:04Z,0.0011008,0.5039340,False,5039340,11008,liquidity_pool
DAWG:GBVYKIM4QGW7NK3Q5S76GWMZMLAWYB6FB43JQ4J7ZOXHAA3LEZZGYHSD,276256823375314945-1,2026-09-07T20:02:38Z,0.0182973,8.3852962,False,83852962,182973,liquidity_pool
DAWG:GBVYKIM4QGW7NK3Q5S76GWMZMLAWYB6FB43JQ4J7ZOXHAA3LEZZGYHSD,276256136179818497-2,2026-09-07T19:47:38Z,0.0264723,12.1618174,False,121618174,264723,liquidity_pool
DAWG:GBVYKIM4QGW7NK3Q5S76GWMZMLAWYB6FB43JQ4J7ZOXHAA3LEZZGYHSD,276255762517737475-2,2026-09-07T19:39:28Z,0.0010965,0.5045183,False,5045183,10965,liquidity_pool
DAWG:GBVYKIM4QGW7NK3Q5S76GWMZMLAWYB6FB43JQ4J7ZOXHAA3LEZZGYHSD,276254534157561857-1,2026-09-07T19:12:44Z,0.0154194,7.1012298,False,71012298,154194,liquidity_pool
DAWG:GBVYKIM4QGW7NK3Q5S76GWMZMLAWYB6FB43JQ4J7ZOXHAA3LEZZGYHSD,276246700137181187-2,2026-09-07T16:22:42Z,0.0010985,0.5063642,False,5063642,10985,liquidity_pool
DAWG:GBVYKIM4QGW7NK3Q5S76GWMZMLAWYB6FB43JQ4J7ZOXHAA3LEZZGYHSD,276246558402494467-2,2026-09-07T16:19:39Z,0.0011002,0.5072096,False,5072096,11002,liquidity_pool
DAWG:GBVYKIM4QGW7NK3Q5S76GWMZMLAWYB6FB43JQ4J7ZOXHAA3LEZZGYHSD,276245622099939329-1,2026-09-07T15:59:19Z,0.0643421,29.7368482,True,297368482,643421,liquidity_pool
DAWG:GBVYKIM4QGW7NK3Q5S76GWMZMLAWYB6FB43JQ4J7ZOXHAA3LEZZGYHSD,276244715862163457-2,2026-09-07T15:39:41Z,0.0318560,14.6445656,True,146445656,318560,liquidity_pool
DAWG:GBVYKIM4QGW7NK3Q5S76GWMZMLAWYB6FB43JQ4J7ZOXHAA3LEZZGYHSD,276243856868564993-1,2026-09-07T15:21:04Z,0.0265394,12.1611076,True,121611076,265394,liquidity_pool
DAWG:GBVYKIM4QGW7NK3Q5S76GWMZMLAWYB6FB43JQ4J7ZOXHAA3LEZZGYHSD,276242843256430593-2,2026-09-07T14:59:01Z,0.0115778,5.2941258,True,52941258,115778,liquidity_pool
DAWG:GBVYKIM4QGW7NK3Q5S76GWMZMLAWYB6FB43JQ4J7ZOXHAA3LEZZGYHSD,276242482478632961-2,2026-09-07T14:51:07Z,0.0163547,7.4669202,True,74669202,163547,liquidity_pool
DAWG:GBVYKIM4QGW7NK3Q5S76GWMZMLAWYB6FB43JQ4J7ZOXHAA3LEZZGYHSD,276238084432437250-0,2026-09-07T13:15:38Z,0.0010961,0.4999556,True,4999556,10961,liquidity_pool
DAWG:GBVYKIM4QGW7NK3Q5S76GWMZMLAWYB6FB43JQ4J7ZOXHAA3LEZZGYHSD,276237998532681730-0,2026-09-07T13:13:46Z,0.0010963,0.4999864,True,4999864,10963,liquidity_pool
DAWG:GBVYKIM4QGW7NK3Q5S76GWMZMLAWYB6FB43JQ4J7ZOXHAA3LEZZGYHSD,276237251209166849-2,2026-09-07T12:57:36Z,0.0656631,29.8735299,False,298735299,656631,liquidity_pool
DAWG:GBVYKIM4QGW7NK3Q5S76GWMZMLAWYB6FB43JQ4J7ZOXHAA3LEZZGYHSD,276235795215491073-2,2026-09-07T12:26:04Z,0.0647616,29.6760927,False,296760927,647616,liquidity_pool
DAWG:GBVYKIM4QGW7NK3Q5S76GWMZMLAWYB6FB43JQ4J7ZOXHAA3LEZZGYHSD,276224331946811393-2,2026-09-07T08:18:30Z,0.0240728,11.1223414,True,111223414,240728,liquidity_pool
DAWG:GBVYKIM4QGW7NK3Q5S76GWMZMLAWYB6FB43JQ4J7ZOXHAA3LEZZGYHSD,276220741354004482-0,2026-09-07T07:00:42Z,0.0010836,0.4999578,True,4999578,10836,liquidity_pool
DAWG:GBVYKIM4QGW7NK3Q5S76GWMZMLAWYB6FB43JQ4J7ZOXHAA3LEZZGYHSD,276219388439687171-2,2026-09-07T06:31:31Z,0.0010943,0.5018700,False,5018700,10943,liquidity_pool
DAWG:GBVYKIM4QGW7NK3Q5S76GWMZMLAWYB6FB43JQ4J7ZOXHAA3LEZZGYHSD,276219173691170819-2,2026-09-07T06:26:54Z,0.0010926,0.5011509,False,5011509,10926,liquidity_pool
DAWG:GBVYKIM4QGW7NK3Q5S76GWMZMLAWYB6FB43JQ4J7ZOXHAA3LEZZGYHSD,276218984712683523-2,2026-09-07T06:22:49Z,0.0010930,0.5013950,False,5013950,10930,liquidity_pool
DAWG:GBVYKIM4QGW7NK3Q5S76GWMZMLAWYB6FB43JQ4J7ZOXHAA3LEZZGYHSD,276218950352736259-2,2026-09-07T06:22:04Z,0.0010918,0.5009050,False,5009050,10918,liquidity_pool
DAWG:GBVYKIM4QGW7NK3Q5S76GWMZMLAWYB6FB43JQ4J7ZOXHAA3LEZZGYHSD,276218915992977411-2,2026-09-07T06:21:20Z,0.0010933,0.5016538,False,5016538,10933,liquidity_pool
DAWG:GBVYKIM4QGW7NK3Q5S76GWMZMLAWYB6FB43JQ4J7ZOXHAA3LEZZGYHSD,276218898813112323-2,2026-09-07T06:20:58Z,0.0010937,0.5018980,False,5018980,10937,liquidity_pool
DAWG:GBVYKIM4QGW7NK3Q5S76GWMZMLAWYB6FB43JQ4J7ZOXHAA3LEZZGYHSD,276218078474399747-2,2026-09-07T06:03:18Z,0.0010967,0.5033357,False,5033357,10967,liquidity_pool
DAWG:GBVYKIM4QGW7NK3Q5S76GWMZMLAWYB6FB43JQ4J7ZOXHAA3LEZZGYHSD,276218061295009795-2,2026-09-07T06:02:55Z,0.0010971,0.5035803,False,5035803,10971,liquidity_pool
DZA:GCEI5F2PL4RHI54XH2FX5LKWS37P2Z6EV7NRSNRURP7YSM2IBSUMKIUK,276237311338565633-1,2026-09-07T12:58:54Z,0.0001077,0.0204577,False,204577,1077,liquidity_pool
HANTAVIRUS:GBVYKIM4QGW7NK3Q5S76GWMZMLAWYB6FB43JQ4J7ZOXHAA3LEZZGYHSD,276237431597645825-1,2026-09-07T13:01:32Z,0.0017016,0.0109129,False,109129,17016,liquidity_pool
HANTAVIRUS:GBVYKIM4QGW7NK3Q5S76GWMZMLAWYB6FB43JQ4J7ZOXHAA3LEZZGYHSD,276237255503642625-1,2026-09-07T12:57:42Z,0.0008518,0.0054821,False,54821,8518,liquidity_pool
HANTAVIRUS:GBVYKIM4QGW7NK3Q5S76GWMZMLAWYB6FB43JQ4J7ZOXHAA3LEZZGYHSD,276235932653527041-1,2026-09-07T12:29:03Z,0.0010595,0.0068368,False,68368,10595,liquidity_pool
HANTAVIRUS:GBVYKIM4QGW7NK3Q5S76GWMZMLAWYB6FB43JQ4J7ZOXHAA3LEZZGYHSD,276235928359735297-1,2026-09-07T12:28:57Z,0.0008440,0.0054605,False,54605,8440,liquidity_pool
LGSr:GANE2MZDRECTZL3KXPO2SEQNOMPV3TXD6U6T2KQDOJKAWPWCKTF2LGST,276277172929892353-1,2026-09-08T03:23:49Z,0.0210110,0.0618396,True,618396,210110,liquidity_pool
LGSr:GANE2MZDRECTZL3KXPO2SEQNOMPV3TXD6U6T2KQDOJKAWPWCKTF2LGST,276275987519508481-1,2026-09-08T02:58:09Z,0.0640192,0.1880276,True,1880276,640192,liquidity_pool
LGSr:GANE2MZDRECTZL3KXPO2SEQNOMPV3TXD6U6T2KQDOJKAWPWCKTF2LGST,276275751295975425-2,2026-09-08T02:53:05Z,0.0649690,0.1902137,True,1902137,649690,liquidity_pool
LGSr:GANE2MZDRECTZL3KXPO2SEQNOMPV3TXD6U6T2KQDOJKAWPWCKTF2LGST,276263948726075393-1,2026-09-07T22:37:23Z,0.0151951,0.0441671,False,441671,151951,liquidity_pool
LGSr:GANE2MZDRECTZL3KXPO2SEQNOMPV3TXD6U6T2KQDOJKAWPWCKTF2LGST,276263179926515713-1,2026-09-07T22:20:42Z,0.0143027,0.0416032,False,416032,143027,liquidity_pool
LGSr:GANE2MZDRECTZL3KXPO2SEQNOMPV3TXD6U6T2KQDOJKAWPWCKTF2LGST,276263021012979713-1,2026-09-07T22:17:15Z,0.0205350,0.0597824,False,597824,205350,liquidity_pool
LGSr:GANE2MZDRECTZL3KXPO2SEQNOMPV3TXD6U6T2KQDOJKAWPWCKTF2LGST,276262960882720769-1,2026-09-07T22:15:58Z,0.0191078,0.0556815,False,556815,191078,liquidity_pool
LGSr:GANE2MZDRECTZL3KXPO2SEQNOMPV3TXD6U6T2KQDOJKAWPWCKTF2LGST,276257862756786177-1,2026-09-07T20:25:18Z,0.1085256,0.3172439,False,3172439,1085256,liquidity_pool
LGSr:GANE2MZDRECTZL3KXPO2SEQNOMPV3TXD6U6T2KQDOJKAWPWCKTF2LGST,276247640734281729-2,2026-09-07T16:43:08Z,0.0325984,0.0960445,True,960445,325984,liquidity_pool
LGSr:GANE2MZDRECTZL3KXPO2SEQNOMPV3TXD6U6T2KQDOJKAWPWCKTF2LGST,276244857595637761-2,2026-09-07T15:42:43Z,0.0641015,0.1884131,True,1884131,641015,liquidity_pool
LGSr:GANE2MZDRECTZL3KXPO2SEQNOMPV3TXD6U6T2KQDOJKAWPWCKTF2LGST,276244432394850305-2,2026-09-07T15:33:34Z,0.0639725,0.1874431,True,1874431,639725,liquidity_pool
LGSr:GANE2MZDRECTZL3KXPO2SEQNOMPV3TXD6U6T2KQDOJKAWPWCKTF2LGST,276243607760154625-2,2026-09-07T15:15:40Z,0.0651264,0.1902204,True,1902204,651264,liquidity_pool
LGSr:GANE2MZDRECTZL3KXPO2SEQNOMPV3TXD6U6T2KQDOJKAWPWCKTF2LGST,276239557606297601-2,2026-09-07T13:47:31Z,0.0106106,0.0307645,False,307645,106106,liquidity_pool
LGSr:GANE2MZDRECTZL3KXPO2SEQNOMPV3TXD6U6T2KQDOJKAWPWCKTF2LGST,276239025030066177-1,2026-09-07T13:35:57Z,0.0391791,0.1137349,False,1137349,391791,liquidity_pool
LGSr:GANE2MZDRECTZL3KXPO2SEQNOMPV3TXD6U6T2KQDOJKAWPWCKTF2LGST,276237238323482625-2,2026-09-07T12:57:20Z,0.0649576,0.1890497,False,1890497,649576,liquidity_pool
LGSr:GANE2MZDRECTZL3KXPO2SEQNOMPV3TXD6U6T2KQDOJKAWPWCKTF2LGST,276236667093536769-2,2026-09-07T12:44:56Z,0.0658236,0.1921846,False,1921846,658236,liquidity_pool
LGSr:GANE2MZDRECTZL3KXPO2SEQNOMPV3TXD6U6T2KQDOJKAWPWCKTF2LGST,276227020596195329-3,2026-09-07T09:16:26Z,0.0131998,0.0388216,True,388216,131998,liquidity_pool
LGSr:GANE2MZDRECTZL3KXPO2SEQNOMPV3TXD6U6T2KQDOJKAWPWCKTF2LGST,276222373442445313-1,2026-09-07T07:36:06Z,0.0320640,0.0937809,False,937809,320640,liquidity_pool
LGSr:GANE2MZDRECTZL3KXPO2SEQNOMPV3TXD6U6T2KQDOJKAWPWCKTF2LGST,276221600347553793-1,2026-09-07T07:19:20Z,0.0134421,0.0393593,False,393593,134421,liquidity_pool
LIBRE:GAYCCWKECNGDRHYU3UTREBD2XLC3CUQN6FV22TKM4WCQER3IWR7TF5CY,276281132889772034-1,2026-09-08T04:49:15Z,0.0009864,1.0000000,False,10000000,9864,liquidity_pool
LIBRE:GAYCCWKECNGDRHYU3UTREBD2XLC3CUQN6FV22TKM4WCQER3IWR7TF5CY,276279084190126082-0,2026-09-08T04:05:03Z,0.0009803,1.0000000,True,10000000,9803,liquidity_pool
LIBRE:GAYCCWKECNGDRHYU3UTREBD2XLC3CUQN6FV22TKM4WCQER3IWR7TF5CY,276278379815333892-0,2026-09-08T03:49:51Z,0.0009830,1.0000000,True,10000000,9830,liquidity_pool
LIBRE:GAYCCWKECNGDRHYU3UTREBD2XLC3CUQN6FV22TKM4WCQER3IWR7TF5CY,276276807858216962-1,2026-09-08T03:15:57Z,0.0009890,1.0000000,False,10000000,9890,liquidity_pool
LIBRE:GAYCCWKECNGDRHYU3UTREBD2XLC3CUQN6FV22TKM4WCQER3IWR7TF5CY,276276129252552706-1,2026-09-08T03:01:14Z,0.0009863,1.0000000,False,10000000,9863,liquidity_pool
LIBRE:GAYCCWKECNGDRHYU3UTREBD2XLC3CUQN6FV22TKM4WCQER3IWR7TF5CY,276275751295930370-0,2026-09-08T02:53:05Z,0.0009803,1.0000000,True,10000000,9803,liquidity_pool
LIBRE:GAYCCWKECNGDRHYU3UTREBD2XLC3CUQN6FV22TKM4WCQER3IWR7TF5CY,276274986790961154-0,2026-09-08T02:36:29Z,0.0009830,1.0000000,True,10000000,9830,liquidity_pool
LIBRE:GAYCCWKECNGDRHYU3UTREBD2XLC3CUQN6FV22TKM4WCQER3IWR7TF5CY,276273805675692034-0,2026-09-08T02:10:55Z,0.0009856,1.0000000,True,10000000,9856,liquidity_pool
LIBRE:GAYCCWKECNGDRHYU3UTREBD2XLC3CUQN6FV22TKM4WCQER3IWR7TF5CY,276269068326428674-1,2026-09-08T00:28:16Z,0.0009917,1.0000000,False,10000000,9917,liquidity_pool
LIBRE:GAYCCWKECNGDRHYU3UTREBD2XLC3CUQN6FV22TKM4WCQER3IWR7TF5CY,276268282347458562-1,2026-09-08T00:11:16Z,0.0009890,1.0000000,False,10000000,9890,liquidity_pool
LIBRE:GAYCCWKECNGDRHYU3UTREBD2XLC3CUQN6FV22TKM4WCQER3IWR7TF5CY,276267655281795076-1,2026-09-07T23:57:39Z,0.0009863,1.0000000,False,10000000,9863,liquidity_pool
LIBRE:GAYCCWKECNGDRHYU3UTREBD2XLC3CUQN6FV22TKM4WCQER3IWR7TF5CY,276267423353647106-0,2026-09-07T23:52:38Z,0.0009803,1.0000000,True,10000000,9803,liquidity_pool
LIBRE:GAYCCWKECNGDRHYU3UTREBD2XLC3CUQN6FV22TKM4WCQER3IWR7TF5CY,276262140544393218-0,2026-09-07T21:58:10Z,0.0009830,1.0000000,True,10000000,9830,liquidity_pool
LIBRE:GAYCCWKECNGDRHYU3UTREBD2XLC3CUQN6FV22TKM4WCQER3IWR7TF5CY,276261406104735748-0,2026-09-07T21:42:19Z,0.0009856,1.0000000,True,10000000,9856,liquidity_pool
LIBRE:GAYCCWKECNGDRHYU3UTREBD2XLC3CUQN6FV22TKM4WCQER3IWR7TF5CY,276260199218688002-1,2026-09-07T21:16:00Z,0.0009916,1.0000000,False,10000000,9916,liquidity_pool
LIBRE:GAYCCWKECNGDRHYU3UTREBD2XLC3CUQN6FV22TKM4WCQER3IWR7TF5CY,276259486254059524-1,2026-09-07T21:00:28Z,0.0009890,1.0000000,False,10000000,9890,liquidity_pool
LIBRE:GAYCCWKECNGDRHYU3UTREBD2XLC3CUQN6FV22TKM4WCQER3IWR7TF5CY,276258446871969794-0,2026-09-07T20:37:59Z,0.0009829,1.0000000,True,10000000,9829,liquidity_pool
LIBRE:GAYCCWKECNGDRHYU3UTREBD2XLC3CUQN6FV22TKM4WCQER3IWR7TF5CY,276257557813714946-0,2026-09-07T20:18:38Z,0.0009856,1.0000000,True,10000000,9856,liquidity_pool
LIBRE:GAYCCWKECNGDRHYU3UTREBD2XLC3CUQN6FV22TKM4WCQER3IWR7TF5CY,276256466892492802-1,2026-09-07T19:54:50Z,0.0009916,1.0000000,False,10000000,9916,liquidity_pool
LIBRE:GAYCCWKECNGDRHYU3UTREBD2XLC3CUQN6FV22TKM4WCQER3IWR7TF5CY,276255715273318402-1,2026-09-07T19:38:27Z,0.0009889,1.0000000,False,10000000,9889,liquidity_pool
LIBRE:GAYCCWKECNGDRHYU3UTREBD2XLC3CUQN6FV22TKM4WCQER3IWR7TF5CY,276243212625018882-0,2026-09-07T15:07:03Z,0.0009829,1.0000000,True,10000000,9829,liquidity_pool
LIBRE:GAYCCWKECNGDRHYU3UTREBD2XLC3CUQN6FV22TKM4WCQER3IWR7TF5CY,276241155333603329-2,2026-09-07T14:22:20Z,0.0014556,1.4729026,False,14729026,14556,liquidity_pool
LIBRE:GAYCCWKECNGDRHYU3UTREBD2XLC3CUQN6FV22TKM4WCQER3IWR7TF5CY,276238097317662722-0,2026-09-07T13:15:55Z,0.0009817,1.0000000,True,10000000,9817,liquidity_pool
LIBRE:GAYCCWKECNGDRHYU3UTREBD2XLC3CUQN6FV22TKM4WCQER3IWR7TF5CY,276238084432437250-1,2026-09-07T13:15:38Z,0.0010961,1.1100088,False,11100088,10961,liquidity_pool
LIBRE:GAYCCWKECNGDRHYU3UTREBD2XLC3CUQN6FV22TKM4WCQER3IWR7TF5CY,276238020008005634-0,2026-09-07T13:14:16Z,0.0009814,1.0000000,True,10000000,9814,liquidity_pool
LIBRE:GAYCCWKECNGDRHYU3UTREBD2XLC3CUQN6FV22TKM4WCQER3IWR7TF5CY,276237998532681730-1,2026-09-07T13:13:46Z,0.0010963,1.1105487,False,11105487,10963,liquidity_pool
LIBRE:GAYCCWKECNGDRHYU3UTREBD2XLC3CUQN6FV22TKM4WCQER3IWR7TF5CY,276237427302502402-0,2026-09-07T13:01:26Z,0.0009811,1.0000000,True,10000000,9811,liquidity_pool
LIBRE:GAYCCWKECNGDRHYU3UTREBD2XLC3CUQN6FV22TKM4WCQER3IWR7TF5CY,276236881841278980-1,2026-09-07T12:49:33Z,0.0009871,1.0000000,False,10000000,9871,liquidity_pool
LIBRE:GAYCCWKECNGDRHYU3UTREBD2XLC3CUQN6FV22TKM4WCQER3IWR7TF5CY,276236752992595972-1,2026-09-07T12:46:47Z,0.0009844,1.0000000,False,10000000,9844,liquidity_pool
LIBRE:GAYCCWKECNGDRHYU3UTREBD2XLC3CUQN6FV22TKM4WCQER3IWR7TF5CY,276224138673299458-1,2026-09-07T08:14:19Z,0.0009818,1.0000000,False,10000000,9818,liquidity_pool
LIBRE:GAYCCWKECNGDRHYU3UTREBD2XLC3CUQN6FV22TKM4WCQER3IWR7TF5CY,276222880248053762-0,2026-09-07T07:47:08Z,0.0009758,1.0000000,True,10000000,9758,liquidity_pool
LIBRE:GAYCCWKECNGDRHYU3UTREBD2XLC3CUQN6FV22TKM4WCQER3IWR7TF5CY,276221999779782658-0,2026-09-07T07:28:00Z,0.0009784,1.0000000,True,10000000,9784,liquidity_pool
LIBRE:GAYCCWKECNGDRHYU3UTREBD2XLC3CUQN6FV22TKM4WCQER3IWR7TF5CY,276221166556270594-1,2026-09-07T07:09:56Z,0.0009844,1.0000000,False,10000000,9844,liquidity_pool
LIBRE:GAYCCWKECNGDRHYU3UTREBD2XLC3CUQN6FV22TKM4WCQER3IWR7TF5CY,276220329037447170-1,2026-09-07T06:51:48Z,0.0009817,1.0000000,False,10000000,9817,liquidity_pool
LIBRE:GAYCCWKECNGDRHYU3UTREBD2XLC3CUQN6FV22TKM4WCQER3IWR7TF5CY,276218821503680514-0,2026-09-07T06:19:17Z,0.0009758,1.0000000,True,10000000,9758,liquidity_pool
PYUSD:GDQE7IXJ4HUHV6RQHIUPRJSEZE4DRS5WY577O2FY6YQ5LVWZ7JZTU2V5,276260946543411203-1,2026-09-07T21:32:15Z,0.0011026,0.0012543,True,12543,11026,liquidity_pool
PYUSD:GDQE7IXJ4HUHV6RQHIUPRJSEZE4DRS5WY577O2FY6YQ5LVWZ7JZTU2V5,276260710320365571-1,2026-09-07T21:27:06Z,0.0011002,0.0012501,True,12501,11002,liquidity_pool
PYUSD:GDQE7IXJ4HUHV6RQHIUPRJSEZE4DRS5WY577O2FY6YQ5LVWZ7JZTU2V5,276241580535656449-1,2026-09-07T14:31:37Z,0.0016961,0.0019161,False,19161,16961,liquidity_pool
PYUSD:GDQE7IXJ4HUHV6RQHIUPRJSEZE4DRS5WY577O2FY6YQ5LVWZ7JZTU2V5,276241580535599105-1,2026-09-07T14:31:37Z,0.0010607,0.0012000,False,12000,10607,liquidity_pool
PYUSD:GDQE7IXJ4HUHV6RQHIUPRJSEZE4DRS5WY577O2FY6YQ5LVWZ7JZTU2V5,276222266068787201-1,2026-09-07T07:33:48Z,0.0010428,0.0011811,False,11811,10428,liquidity_pool
PYUSD:GDQE7IXJ4HUHV6RQHIUPRJSEZE4DRS5WY577O2FY6YQ5LVWZ7JZTU2V5,276222261772996609-1,2026-09-07T07:33:42Z,0.0016717,0.0018961,False,18961,16717,liquidity_pool
Pepe:GBVYKIM4QGW7NK3Q5S76GWMZMLAWYB6FB43JQ4J7ZOXHAA3LEZZGYHSD,276237345698414593-1,2026-09-07T12:59:39Z,0.0017020,0.0084675,False,84675,17020,liquidity_pool
Pepe:GBVYKIM4QGW7NK3Q5S76GWMZMLAWYB6FB43JQ4J7ZOXHAA3LEZZGYHSD,276236830302117889-1,2026-09-07T12:48:27Z,0.0016907,0.0084404,False,84404,16907,liquidity_pool
Pepe:GBVYKIM4QGW7NK3Q5S76GWMZMLAWYB6FB43JQ4J7ZOXHAA3LEZZGYHSD,276235928359428097-1,2026-09-07T12:28:57Z,0.0016884,0.0084579,False,84579,16884,liquidity_pool
Pepe:GBVYKIM4QGW7NK3Q5S76GWMZMLAWYB6FB43JQ4J7ZOXHAA3LEZZGYHSD,276235395782443009-1,2026-09-07T12:17:22Z,0.0010582,0.0053158,False,53158,10582,liquidity_pool
RUV:GBJGR7HDC4QPCZ6SA5VBH73V7L5SSZ5GAS6US23PFSGV4SQXJLYGERYX,276277198699728897-1,2026-09-08T03:24:23Z,0.0099047,5.1457609,True,51457609,99047,liquidity_pool
RUV:GBJGR7HDC4QPCZ6SA5VBH73V7L5SSZ5GAS6US23PFSGV4SQXJLYGERYX,276263222875766785-1,2026-09-07T22:21:38Z,0.0093999,4.8536458,False,48536458,93999,liquidity_pool
RUV:GBJGR7HDC4QPCZ6SA5VBH73V7L5SSZ5GAS6US23PFSGV4SQXJLYGERYX,276247202647859201-2,2026-09-07T16:33:35Z,0.0101781,5.2860915,True,52860915,101781,liquidity_pool
RUV:GBJGR7HDC4QPCZ6SA5VBH73V7L5SSZ5GAS6US23PFSGV4SQXJLYGERYX,276237264093757441-1,2026-09-07T12:57:53Z,0.0130723,6.7532867,False,67532867,130723,liquidity_pool
SBB:GCJJT5KK5AHQOZ2P33AO2G36KJVTHSACOR3I7U4UISKDC6TMZ2BIRFSD,276277069850218497-2,2026-09-08T03:21:35Z,0.0098016,1425.7175221,True,14257175221,98016,liquidity_pool
SBB:GCJJT5KK5AHQOZ2P33AO2G36KJVTHSACOR3I7U4UISKDC6TMZ2BIRFSD,276263141271605249-1,2026-09-07T22:19:52Z,0.0028972,418.3703655,False,4183703655,28972,liquidity_pool
SBB:GCJJT5KK5AHQOZ2P33AO2G36KJVTHSACOR3I7U4UISKDC6TMZ2BIRFSD,276244887660814337-2,2026-09-07T15:43:23Z,0.0125360,1817.9949005,True,18179949005,125360,liquidity_pool
SBB:GCJJT5KK5AHQOZ2P33AO2G36KJVTHSACOR3I7U4UISKDC6TMZ2BIRFSD,276243689364877313-2,2026-09-07T15:17:25Z,0.0117448,1695.8028326,True,16958028326,117448,liquidity_pool
SBB:GCJJT5KK5AHQOZ2P33AO2G36KJVTHSACOR3I7U4UISKDC6TMZ2BIRFSD,276239531836444673-1,2026-09-07T13:46:57Z,0.0115052,1651.1650585,False,16511650585,115052,liquidity_pool
SBB:GCJJT5KK5AHQOZ2P33AO2G36KJVTHSACOR3I7U4UISKDC6TMZ2BIRFSD,276237208259342337-2,2026-09-07T12:56:40Z,0.0188125,2714.6861476,False,27146861476,188125,liquidity_pool
SBB:GCJJT5KK5AHQOZ2P33AO2G36KJVTHSACOR3I7U4UISKDC6TMZ2BIRFSD,276237002100387841-1,2026-09-07T12:52:10Z,0.0047439,687.4671422,False,6874671422,47439,liquidity_pool
SBB:GCJJT5KK5AHQOZ2P33AO2G36KJVTHSACOR3I7U4UISKDC6TMZ2BIRFSD,276224353421504513-1,2026-09-07T08:18:59Z,0.0081650,1189.6413807,True,11896413807,81650,liquidity_pool
SEX:GBVYKIM4QGW7NK3Q5S76GWMZMLAWYB6FB43JQ4J7ZOXHAA3LEZZGYHSD,276237302748041217-1,2026-09-07T12:58:43Z,0.0004258,0.0019032,False,19032,4258,liquidity_pool
SEX:GBVYKIM4QGW7NK3Q5S76GWMZMLAWYB6FB43JQ4J7ZOXHAA3LEZZGYHSD,276235387192705025-1,2026-09-07T12:17:11Z,0.0010378,0.0046739,False,46739,10378,liquidity_pool
SHX:GDSTRSHXHGJ7ZIVRBXEYE5Q74XUVCUSEKEBR7UCHEUUEK72N7I7KJ6JH,276277623901327361-1,2026-09-08T03:33:35Z,0.0084282,2.4869086,True,24869086,84282,liquidity_pool
SHX:GDSTRSHXHGJ7ZIVRBXEYE5Q74XUVCUSEKEBR7UCHEUUEK72N7I7KJ6JH,276277593837219841-1,2026-09-08T03:32:56Z,0.0016935,0.4954143,True,4954143,16935,liquidity_pool
SHX:GDSTRSHXHGJ7ZIVRBXEYE5Q74XUVCUSEKEBR7UCHEUUEK72N7I7KJ6JH,276274432740900865-5,2026-09-08T02:24:26Z,0.0039192,1.1410077,True,11410077,39192,liquidity_pool
SHX:GDSTRSHXHGJ7ZIVRBXEYE5Q74XUVCUSEKEBR7UCHEUUEK72N7I7KJ6JH,276274424151142401-4,2026-09-08T02:24:15Z,0.0039150,1.1322278,True,11322278,39150,liquidity_pool
SHX:GDSTRSHXHGJ7ZIVRBXEYE5Q74XUVCUSEKEBR7UCHEUUEK72N7I7KJ6JH,276272074803757057-1,2026-09-08T01:33:24Z,0.0052214,1.4984289,True,14984289,52214,liquidity_pool
SHX:GDSTRSHXHGJ7ZIVRBXEYE5Q74XUVCUSEKEBR7UCHEUUEK72N7I7KJ6JH,276272070508347393-1,2026-09-08T01:33:19Z,0.0017057,0.4866436,True,4866436,17057,liquidity_pool
SHX:GDSTRSHXHGJ7ZIVRBXEYE5Q74XUVCUSEKEBR7UCHEUUEK72N7I7KJ6JH,276272040444305409-1,2026-09-08T01:32:40Z,0.0017106,0.4866476,True,4866476,17106,liquidity_pool
SHX:GDSTRSHXHGJ7ZIVRBXEYE5Q74XUVCUSEKEBR7UCHEUUEK72N7I7KJ6JH,276271928774324225-1,2026-09-08T01:30:13Z,0.0017042,0.4834420,True,4834420,17042,liquidity_pool
SHX:GDSTRSHXHGJ7ZIVRBXEYE5Q74XUVCUSEKEBR7UCHEUUEK72N7I7KJ6JH,276271842875662337-1,2026-09-08T01:28:21Z,0.0017021,0.4814655,True,4814655,17021,liquidity_pool
SHX:GDSTRSHXHGJ7ZIVRBXEYE5Q74XUVCUSEKEBR7UCHEUUEK72N7I7KJ6JH,276267513548365825-2,2026-09-07T23:54:34Z,0.0021116,0.5953832,True,5953832,21116,liquidity_pool
SHX:GDSTRSHXHGJ7ZIVRBXEYE5Q74XUVCUSEKEBR7UCHEUUEK72N7I7KJ6JH,276266787698556929-1,2026-09-07T23:38:54Z,0.0010439,0.2935704,True,2935704,10439,liquidity_pool
SHX:GDSTRSHXHGJ7ZIVRBXEYE5Q74XUVCUSEKEBR7UCHEUUEK72N7I7KJ6JH,276266641670148097-1,2026-09-07T23:35:45Z,0.0017048,0.4783319,True,4783319,17048,liquidity_pool
SHX:GDSTRSHXHGJ7ZIVRBXEYE5Q74XUVCUSEKEBR7UCHEUUEK72N7I7KJ6JH,276262698889768963-1,2026-09-07T22:10:17Z,0.0010986,0.3075301,True,3075301,10986,liquidity_pool
SHX:GDSTRSHXHGJ7ZIVRBXEYE5Q74XUVCUSEKEBR7UCHEUUEK72N7I7KJ6JH,276262522796457985-1,2026-09-07T22:06:28Z,0.0010488,0.2930767,True,2930767,10488,liquidity_pool
SHX:GDSTRSHXHGJ7ZIVRBXEYE5Q74XUVCUSEKEBR7UCHEUUEK72N7I7KJ6JH,276262342407737345-1,2026-09-07T22:02:32Z,0.0017010,0.4742052,True,4742052,17010,liquidity_pool
SHX:GDSTRSHXHGJ7ZIVRBXEYE5Q74XUVCUSEKEBR7UCHEUUEK72N7I7KJ6JH,276261320205017091-1,2026-09-07T21:40:26Z,0.0010992,0.3057333,True,3057333,10992,liquidity_pool
SHX:GDSTRSHXHGJ7ZIVRBXEYE5Q74XUVCUSEKEBR7UCHEUUEK72N7I7KJ6JH,276260607240495105-1,2026-09-07T21:24:53Z,0.0010430,0.2895816,True,2895816,10430,liquidity_pool
SHX:GDSTRSHXHGJ7ZIVRBXEYE5Q74XUVCUSEKEBR7UCHEUUEK72N7I7KJ6JH,276260499866705921-1,2026-09-07T21:22:32Z,0.0017028,0.4716860,True,4716860,17028,liquidity_pool
SHX:GDSTRSHXHGJ7ZIVRBXEYE5Q74XUVCUSEKEBR7UCHEUUEK72N7I7KJ6JH,276260109024804867-1,2026-09-07T21:14:04Z,0.0011008,0.3042356,True,3042356,11008,liquidity_pool
SHX:GDSTRSHXHGJ7ZIVRBXEYE5Q74XUVCUSEKEBR7UCHEUUEK72N7I7KJ6JH,276253653689032705-5,2026-09-07T18:53:33Z,0.0040451,1.1139054,False,11139054,40451,liquidity_pool
SHX:GDSTRSHXHGJ7ZIVRBXEYE5Q74XUVCUSEKEBR7UCHEUUEK72N7I7KJ6JH,276252558472134657-1,2026-09-07T18:29:51Z,0.0016694,0.4618837,False,4618837,16694,liquidity_pool
SHX:GDSTRSHXHGJ7ZIVRBXEYE5Q74XUVCUSEKEBR7UCHEUUEK72N7I7KJ6JH,276250213420421121-1,2026-09-07T17:39:08Z,0.0010450,0.2897784,False,2897784,10450,liquidity_pool
SHX:GDSTRSHXHGJ7ZIVRBXEYE5Q74XUVCUSEKEBR7UCHEUUEK72N7I7KJ6JH,276250213420269569-1,2026-09-07T17:39:08Z,0.0016701,0.4641648,False,4641648,16701,liquidity_pool
SHX:GDSTRSHXHGJ7ZIVRBXEYE5Q74XUVCUSEKEBR7UCHEUUEK72N7I7KJ6JH,276249088138743809-1,2026-09-07T17:14:32Z,0.0032213,0.8989377,False,8989377,32213,liquidity_pool
SHX:GDSTRSHXHGJ7ZIVRBXEYE5Q74XUVCUSEKEBR7UCHEUUEK72N7I7KJ6JH,276244715861667841-3,2026-09-07T15:39:41Z,0.0094348,2.6350285,True,26350285,94348,liquidity_pool
SHX:GDSTRSHXHGJ7ZIVRBXEYE5Q74XUVCUSEKEBR7UCHEUUEK72N7I7KJ6JH,276243388716736513-1,2026-09-07T15:10:54Z,0.0017023,0.4710562,True,4710562,17023,liquidity_pool
SHX:GDSTRSHXHGJ7ZIVRBXEYE5Q74XUVCUSEKEBR7UCHEUUEK72N7I7KJ6JH,276243341472026625-1,2026-09-07T15:09:53Z,0.0017071,0.4710578,True,4710578,17071,liquidity_pool
SHX:GDSTRSHXHGJ7ZIVRBXEYE5Q74XUVCUSEKEBR7UCHEUUEK72N7I7KJ6JH,276243311408304129-1,2026-09-07T15:09:14Z,0.0017120,0.4710682,True,4710682,17120,liquidity_pool
SHX:GDSTRSHXHGJ7ZIVRBXEYE5Q74XUVCUSEKEBR7UCHEUUEK72N7I7KJ6JH,276243105249075201-1,2026-09-07T15:04:42Z,0.0017069,0.4683563,True,4683563,17069,liquidity_pool
SHX:GDSTRSHXHGJ7ZIVRBXEYE5Q74XUVCUSEKEBR7UCHEUUEK72N7I7KJ6JH,276243083773988865-1,2026-09-07T15:04:14Z,0.0017118,0.4683596,True,4683596,17118,liquidity_pool
SHX:GDSTRSHXHGJ7ZIVRBXEYE5Q74XUVCUSEKEBR7UCHEUUEK72N7I7KJ6JH,276242649983254529-1,2026-09-07T14:54:46Z,0.0085339,2.3153293,True,23153293,85339,liquidity_pool
SHX:GDSTRSHXHGJ7ZIVRBXEYE5Q74XUVCUSEKEBR7UCHEUUEK72N7I7KJ6JH,276242628508561409-1,2026-09-07T14:54:18Z,0.0017240,0.4638403,True,4638403,17240,liquidity_pool
SHX:GDSTRSHXHGJ7ZIVRBXEYE5Q74XUVCUSEKEBR7UCHEUUEK72N7I7KJ6JH,276242572673904641-1,2026-09-07T14:53:06Z,0.0017059,0.4576842,True,4576842,17059,liquidity_pool
SHX:GDSTRSHXHGJ7ZIVRBXEYE5Q74XUVCUSEKEBR7UCHEUUEK72N7I7KJ6JH,276242542608117761-1,2026-09-07T14:52:26Z,0.0017107,0.4576968,True,4576968,17107,liquidity_pool
SHX:GDSTRSHXHGJ7ZIVRBXEYE5Q74XUVCUSEKEBR7UCHEUUEK72N7I7KJ6JH,276242521134211073-1,2026-09-07T14:51:58Z,0.0017137,0.4572240,True,4572240,17137,liquidity_pool
SHX:GDSTRSHXHGJ7ZIVRBXEYE5Q74XUVCUSEKEBR7UCHEUUEK72N7I7KJ6JH,276242400875413505-1,2026-09-07T14:49:22Z,0.0017074,0.4542674,True,4542674,17074,liquidity_pool
SHX:GDSTRSHXHGJ7ZIVRBXEYE5Q74XUVCUSEKEBR7UCHEUUEK72N7I7KJ6JH,276242327860473857-1,2026-09-07T14:47:47Z,0.0017054,0.4524650,True,4524650,17054,liquidity_pool
SHX:GDSTRSHXHGJ7ZIVRBXEYE5Q74XUVCUSEKEBR7UCHEUUEK72N7I7KJ6JH,276241713679986689-3,2026-09-07T14:34:29Z,0.0045722,1.2068970,True,12068970,45722,liquidity_pool
SHX:GDSTRSHXHGJ7ZIVRBXEYE5Q74XUVCUSEKEBR7UCHEUUEK72N7I7KJ6JH,276241155333603329-1,2026-09-07T14:22:20Z,0.0014556,0.3823678,True,3823678,14556,liquidity_pool
SHX:GDSTRSHXHGJ7ZIVRBXEYE5Q74XUVCUSEKEBR7UCHEUUEK72N7I7KJ6JH,276240841801887745-1,2026-09-07T14:15:27Z,0.0014596,0.3825133,True,3825133,14596,liquidity_pool
SHX:GDSTRSHXHGJ7ZIVRBXEYE5Q74XUVCUSEKEBR7UCHEUUEK72N7I7KJ6JH,276223580328001537-3,2026-09-07T08:02:16Z,0.0022562,0.5894962,True,5894962,22562,liquidity_pool
SHX:GDSTRSHXHGJ7ZIVRBXEYE5Q74XUVCUSEKEBR7UCHEUUEK72N7I7KJ6JH,276222429276303361-1,2026-09-07T07:37:19Z,0.0063597,1.6571733,False,16571733,63597,liquidity_pool
SHX:GDSTRSHXHGJ7ZIVRBXEYE5Q74XUVCUSEKEBR7UCHEUUEK72N7I7KJ6JH,276222102859055105-1,2026-09-07T07:30:15Z,0.0010379,0.2720637,False,2720637,10379,liquidity_pool
SHX:GDSTRSHXHGJ7ZIVRBXEYE5Q74XUVCUSEKEBR7UCHEUUEK72N7I7KJ6JH,276219809346555905-1,2026-09-07T06:40:36Z,0.0010633,0.2791952,False,2791952,10633,liquidity_pool
SHX:GDSTRSHXHGJ7ZIVRBXEYE5Q74XUVCUSEKEBR7UCHEUUEK72N7I7KJ6JH,276219676202676225-1,2026-09-07T06:37:45Z,0.0010414,0.2739103,False,2739103,10414,liquidity_pool
SOLARIS:GBVYKIM4QGW7NK3Q5S76GWMZMLAWYB6FB43JQ4J7ZOXHAA3LEZZGYHSD,276237500316434433-1,2026-09-07T13:03:01Z,0.0017011,0.0073805,False,73805,17011,liquidity_pool
SOLARIS:GBVYKIM4QGW7NK3Q5S76GWMZMLAWYB6FB43JQ4J7ZOXHAA3LEZZGYHSD,276237251209162753-1,2026-09-07T12:57:36Z,0.0017042,0.0074187,False,74187,17042,liquidity_pool
SOLARIS:GBVYKIM4QGW7NK3Q5S76GWMZMLAWYB6FB43JQ4J7ZOXHAA3LEZZGYHSD,276235936949325825-1,2026-09-07T12:29:08Z,0.0016876,0.0073709,False,73709,16876,liquidity_pool
SOLARIS:GBVYKIM4QGW7NK3Q5S76GWMZMLAWYB6FB43JQ4J7ZOXHAA3LEZZGYHSD,276220741354004482-1,2026-09-07T07:00:42Z,0.0010836,0.0047457,False,47457,10836,liquidity_pool
SSLX:GBHFGY3ZNEJWLNO4LBUKLYOCEK4V7ENEBJGPRHHX7JU47GWHBREH37UR,276251274276859905-1,2026-09-07T18:02:02Z,0.0004988,3.8096462,True,38096462,4988,liquidity_pool
SSLX:GBHFGY3ZNEJWLNO4LBUKLYOCEK4V7ENEBJGPRHHX7JU47GWHBREH37UR,276242448119046146-1,2026-09-07T14:50:23Z,0.0001199,0.9078436,True,9078436,1199,liquidity_pool
SSLX:GBHFGY3ZNEJWLNO4LBUKLYOCEK4V7ENEBJGPRHHX7JU47GWHBREH37UR,276241636370292738-1,2026-09-07T14:32:50Z,0.0001203,0.9078624,True,9078624,1203,liquidity_pool
SSLX:GBHFGY3ZNEJWLNO4LBUKLYOCEK4V7ENEBJGPRHHX7JU47GWHBREH37UR,276239875433574403-1,2026-09-07T13:54:24Z,0.0001207,0.9079001,True,9079001,1207,liquidity_pool
SSLX:GBHFGY3ZNEJWLNO4LBUKLYOCEK4V7ENEBJGPRHHX7JU47GWHBREH37UR,276239785239113730-1,2026-09-07T13:52:26Z,0.0001211,0.9079829,True,9079829,1211,liquidity_pool
SSLX:GBHFGY3ZNEJWLNO4LBUKLYOCEK4V7ENEBJGPRHHX7JU47GWHBREH37UR,276237113769693185-1,2026-09-07T12:54:35Z,0.0004329,3.2204996,True,32204996,4329,liquidity_pool
STK:GB6W5SDKRQC6VGZJ2LQOHUM5BAZRKFTAOOBBI6EZQI65WIO3K7AQZSTK,276239793829732353-1,2026-09-07T13:52:38Z,0.0004241,13.5356282,False,135356282,4241,liquidity_pool
Shitcoinz:GBVYKIM4QGW7NK3Q5S76GWMZMLAWYB6FB43JQ4J7ZOXHAA3LEZZGYHSD,276278938161328129-1,2026-09-08T04:01:53Z,0.0016844,7.9639953,True,79639953,16844,liquidity_pool
Shitcoinz:GBVYKIM4QGW7NK3Q5S76GWMZMLAWYB6FB43JQ4J7ZOXHAA3LEZZGYHSD,276278379815333892-1,2026-09-08T03:49:51Z,0.0009830,4.6180067,False,46180067,9830,liquidity_pool
Shitcoinz:GBVYKIM4QGW7NK3Q5S76GWMZMLAWYB6FB43JQ4J7ZOXHAA3LEZZGYHSD,276267655281795076-0,2026-09-07T23:57:39Z,0.0009863,4.6614118,True,46614118,9863,liquidity_pool
Shitcoinz:GBVYKIM4QGW7NK3Q5S76GWMZMLAWYB6FB43JQ4J7ZOXHAA3LEZZGYHSD,276261406104735748-1,2026-09-07T21:42:19Z,0.0009856,4.6301948,False,46301948,9856,liquidity_pool
Shitcoinz:GBVYKIM4QGW7NK3Q5S76GWMZMLAWYB6FB43JQ4J7ZOXHAA3LEZZGYHSD,276259486254059524-0,2026-09-07T21:00:28Z,0.0009890,4.6741455,True,46741455,9890,liquidity_pool
Shitcoinz:GBVYKIM4QGW7NK3Q5S76GWMZMLAWYB6FB43JQ4J7ZOXHAA3LEZZGYHSD,276253653689032705-4,2026-09-07T18:53:33Z,0.0040451,19.0627145,True,190627145,40451,liquidity_pool
Shitcoinz:GBVYKIM4QGW7NK3Q5S76GWMZMLAWYB6FB43JQ4J7ZOXHAA3LEZZGYHSD,276244621372186625-1,2026-09-07T15:37:39Z,0.0045113,21.1552852,True,211552852,45113,liquidity_pool
Shitcoinz:GBVYKIM4QGW7NK3Q5S76GWMZMLAWYB6FB43JQ4J7ZOXHAA3LEZZGYHSD,276242186126454785-1,2026-09-07T14:44:42Z,0.0051998,24.2488475,True,242488475,51998,liquidity_pool
Shitcoinz:GBVYKIM4QGW7NK3Q5S76GWMZMLAWYB6FB43JQ4J7ZOXHAA3LEZZGYHSD,276237637756329985-1,2026-09-07T13:05:58Z,0.0099368,46.1868014,False,461868014,99368,liquidity_pool
Shitcoinz:GBVYKIM4QGW7NK3Q5S76GWMZMLAWYB6FB43JQ4J7ZOXHAA3LEZZGYHSD,276236881841278980-0,2026-09-07T12:49:33Z,0.0009871,4.6393148,True,46393148,9871,liquidity_pool
Shitcoinz:GBVYKIM4QGW7NK3Q5S76GWMZMLAWYB6FB43JQ4J7ZOXHAA3LEZZGYHSD,276236752992595972-0,2026-09-07T12:46:47Z,0.0009844,4.6213974,True,46213974,9844,liquidity_pool
Shitcoinz:GBVYKIM4QGW7NK3Q5S76GWMZMLAWYB6FB43JQ4J7ZOXHAA3LEZZGYHSD,276236722928177153-1,2026-09-07T12:46:09Z,0.0093379,43.7848067,False,437848067,93379,liquidity_pool
TRUMP:GBVYKIM4QGW7NK3Q5S76GWMZMLAWYB6FB43JQ4J7ZOXHAA3LEZZGYHSD,276255762517737475-1,2026-09-07T19:39:28Z,0.0010965,0.0064842,True,64842,10965,liquidity_pool
TRUMP:GBVYKIM4QGW7NK3Q5S76GWMZMLAWYB6FB43JQ4J7ZOXHAA3LEZZGYHSD,276237311338516481-1,2026-09-07T12:58:54Z,0.0041571,0.0245265,False,245265,41571,liquidity_pool
Trinity:GBVYKIM4QGW7NK3Q5S76GWMZMLAWYB6FB43JQ4J7ZOXHAA3LEZZGYHSD,276237255504105473-1,2026-09-07T12:57:42Z,0.0010606,0.0005609,False,5609,10606,liquidity_pool
Trinity:GBVYKIM4QGW7NK3Q5S76GWMZMLAWYB6FB43JQ4J7ZOXHAA3LEZZGYHSD,276237251209535489-1,2026-09-07T12:57:36Z,0.0010465,0.0005549,False,5549,10465,liquidity_pool
Trinity:GBVYKIM4QGW7NK3Q5S76GWMZMLAWYB6FB43JQ4J7ZOXHAA3LEZZGYHSD,276237251209048065-1,2026-09-07T12:57:36Z,0.0017046,0.0009069,False,9069,17046,liquidity_pool
USDC:GA5ZSEJYB37JRC5AVCIA5MOP4RHTM335X2KGX3IHOJAPP5RE34K4KZVN,276280531594285057-2,2026-09-08T04:36:18Z,0.0104594,0.0118191,False,11300003,10000000,orderbook
USDC:GA5ZSEJYB37JRC5AVCIA5MOP4RHTM335X2KGX3IHOJAPP5RE34K4KZVN,276278281031188481-3,2026-09-08T03:47:44Z,0.0098471,0.0111272,False,11300003,10000000,orderbook
USDC:GA5ZSEJYB37JRC5AVCIA5MOP4RHTM335X2KGX3IHOJAPP5RE34K4KZVN,276278246671605761-3,2026-09-08T03:47:00Z,0.0114853,0.0129783,False,11300003,10000000,orderbook
USDC:GA5ZSEJYB37JRC5AVCIA5MOP4RHTM335X2KGX3IHOJAPP5RE34K4KZVN,276277675440721921-2,2026-09-08T03:34:44Z,0.0231793,0.0261926,False,11300003,10000000,orderbook
USDC:GA5ZSEJYB37JRC5AVCIA5MOP4RHTM335X2KGX3IHOJAPP5RE34K4KZVN,276277619606818817-3,2026-09-08T03:33:30Z,0.0105432,0.0119138,False,11300003,10000000,orderbook
USDC:GA5ZSEJYB37JRC5AVCIA5MOP4RHTM335X2KGX3IHOJAPP5RE34K4KZVN,276277589542076417-3,2026-09-08T03:32:50Z,0.0545716,0.0616659,False,11300003,10000000,orderbook
USDC:GA5ZSEJYB37JRC5AVCIA5MOP4RHTM335X2KGX3IHOJAPP5RE34K4KZVN,276277404857561090-2,2026-09-08T03:28:49Z,0.0144897,0.0163733,False,11300003,10000000,orderbook
USDC:GA5ZSEJYB37JRC5AVCIA5MOP4RHTM335X2KGX3IHOJAPP5RE34K4KZVN,276277198699728897-2,2026-09-08T03:24:23Z,0.0099047,0.0111923,False,11300003,10000000,orderbook
USDC:GA5ZSEJYB37JRC5AVCIA5MOP4RHTM335X2KGX3IHOJAPP5RE34K4KZVN,276277172929892353-2,2026-09-08T03:23:49Z,0.0210110,0.0237424,False,11300003,10000000,orderbook
USDC:GA5ZSEJYB37JRC5AVCIA5MOP4RHTM335X2KGX3IHOJAPP5RE34K4KZVN,276277069850218497-3,2026-09-08T03:21:35Z,0.0098016,0.0110758,False,11300003,10000000,orderbook
USDC:GA5ZSEJYB37JRC5AVCIA5MOP4RHTM335X2KGX3IHOJAPP5RE34K4KZVN,276277065555582977-2,2026-09-08T03:21:30Z,0.0025895,0.0029272,False,29272,25895,liquidity_pool
USDC:GA5ZSEJYB37JRC5AVCIA5MOP4RHTM335X2KGX3IHOJAPP5RE34K4KZVN,276276425605439489-3,2026-09-08T03:07:37Z,0.0104701,0.0118312,False,11300003,10000000,orderbook
USDC:GA5ZSEJYB37JRC5AVCIA5MOP4RHTM335X2KGX3IHOJAPP5RE34K4KZVN,276276288166707201-1,2026-09-08T03:04:40Z,0.0106540,0.0120390,False,11300003,10000000,orderbook
USDC:GA5ZSEJYB37JRC5AVCIA5MOP4RHTM335X2KGX3IHOJAPP5RE34K4KZVN,276276146432602113-2,2026-09-08T03:01:36Z,0.0211686,0.0239205,False,11300003,10000000,orderbook
USDC:GA5ZSEJYB37JRC5AVCIA5MOP4RHTM335X2KGX3IHOJAPP5RE34K4KZVN,276276137842384897-2,2026-09-08T03:01:25Z,0.0155456,0.0175665,False,11300003,10000000,orderbook
USDC:GA5ZSEJYB37JRC5AVCIA5MOP4RHTM335X2KGX3IHOJAPP5RE34K4KZVN,276276004699004929-2,2026-09-08T02:58:32Z,0.0640323,0.0723565,False,11300003,10000000,orderbook
USDC:GA5ZSEJYB37JRC5AVCIA5MOP4RHTM335X2KGX3IHOJAPP5RE34K4KZVN,276275987519508481-2,2026-09-08T02:58:09Z,0.0640192,0.0723417,False,11300003,10000000,orderbook
USDC:GA5ZSEJYB37JRC5AVCIA5MOP4RHTM335X2KGX3IHOJAPP5RE34K4KZVN,276275978928869377-1,2026-09-08T02:57:58Z,0.1507052,0.1702969,False,11300003,10000000,orderbook
USDC:GA5ZSEJYB37JRC5AVCIA5MOP4RHTM335X2KGX3IHOJAPP5RE34K4KZVN,276275923094958081-1,2026-09-08T02:56:46Z,0.0167593,0.0189380,False,11300003,10000000,orderbook
USDC:GA5ZSEJYB37JRC5AVCIA5MOP4RHTM335X2KGX3IHOJAPP5RE34K4KZVN,276275923094413313-1,2026-09-08T02:56:46Z,0.0105539,0.0119259,False,11300003,10000000,orderbook
USDC:GA5ZSEJYB37JRC5AVCIA5MOP4RHTM335X2KGX3IHOJAPP5RE34K4KZVN,276275884440100865-3,2026-09-08T02:55:56Z,0.0172246,0.0194638,False,11300003,10000000,orderbook
USDC:GA5ZSEJYB37JRC5AVCIA5MOP4RHTM335X2KGX3IHOJAPP5RE34K4KZVN,276275854375038977-1,2026-09-08T02:55:18Z,0.1277475,0.1443547,False,11300003,10000000,orderbook
USDC:GA5ZSEJYB37JRC5AVCIA5MOP4RHTM335X2KGX3IHOJAPP5RE34K4KZVN,276275811424862209-1,2026-09-08T02:54:22Z,0.0168248,0.0190120,False,11300003,10000000,orderbook
USDC:GA5ZSEJYB37JRC5AVCIA5MOP4RHTM335X2KGX3IHOJAPP5RE34K4KZVN,276275777065361409-3,2026-09-08T02:53:38Z,0.0156285,0.0176602,False,11300003,10000000,orderbook
USDC:GA5ZSEJYB37JRC5AVCIA5MOP4RHTM335X2KGX3IHOJAPP5RE34K4KZVN,276275751295975425-3,2026-09-08T02:53:05Z,0.0649690,0.0734149,False,11300003,10000000,orderbook
USDC:GA5ZSEJYB37JRC5AVCIA5MOP4RHTM335X2KGX3IHOJAPP5RE34K4KZVN,276275751295807489-1,2026-09-08T02:53:05Z,0.0016847,0.0019070,False,19070,16847,liquidity_pool
USDC:GA5ZSEJYB37JRC5AVCIA5MOP4RHTM335X2KGX3IHOJAPP5RE34K4KZVN,276275704051122177-1,2026-09-08T02:52:03Z,0.0386508,0.0436754,False,11300003,10000000,orderbook
USDC:GA5ZSEJYB37JRC5AVCIA5MOP4RHTM335X2KGX3IHOJAPP5RE34K4KZVN,276268170678128642-1,2026-09-08T00:08:49Z,0.0003320,0.0003783,True,3783,3320,liquidity_pool
USDC:GA5ZSEJYB37JRC5AVCIA5MOP4RHTM335X2KGX3IHOJAPP5RE34K4KZVN,276266693209890828-1,2026-09-07T23:36:53Z,0.0003332,0.0003796,True,3796,3332,liquidity_pool
USDC:GA5ZSEJYB37JRC5AVCIA5MOP4RHTM335X2KGX3IHOJAPP5RE34K4KZVN,276266693209890827-1,2026-09-07T23:36:53Z,0.0003333,0.0003796,True,3796,3333,liquidity_pool
USDC:GA5ZSEJYB37JRC5AVCIA5MOP4RHTM335X2KGX3IHOJAPP5RE34K4KZVN,276266693209890826-1,2026-09-07T23:36:53Z,0.0003334,0.0003796,True,3796,3334,liquidity_pool
USDC:GA5ZSEJYB37JRC5AVCIA5MOP4RHTM335X2KGX3IHOJAPP5RE34K4KZVN,276266693209890825-1,2026-09-07T23:36:53Z,0.0003334,0.0003796,True,3796,3334,liquidity_pool
USDC:GA5ZSEJYB37JRC5AVCIA5MOP4RHTM335X2KGX3IHOJAPP5RE34K4KZVN,276266693209890824-1,2026-09-07T23:36:53Z,0.0003335,0.0003796,True,3796,3335,liquidity_pool
USDC:GA5ZSEJYB37JRC5AVCIA5MOP4RHTM335X2KGX3IHOJAPP5RE34K4KZVN,276266693209890823-1,2026-09-07T23:36:53Z,0.0003336,0.0003796,True,3796,3336,liquidity_pool
USDC:GA5ZSEJYB37JRC5AVCIA5MOP4RHTM335X2KGX3IHOJAPP5RE34K4KZVN,276266693209890822-1,2026-09-07T23:36:53Z,0.0003336,0.0003796,True,3796,3336,liquidity_pool
USDC:GA5ZSEJYB37JRC5AVCIA5MOP4RHTM335X2KGX3IHOJAPP5RE34K4KZVN,276266693209890817-1,2026-09-07T23:36:53Z,0.0003337,0.0003796,True,3796,3337,liquidity_pool
USDC:GA5ZSEJYB37JRC5AVCIA5MOP4RHTM335X2KGX3IHOJAPP5RE34K4KZVN,276266379676852226-1,2026-09-07T23:30:07Z,0.0003341,0.0003799,True,3799,3341,liquidity_pool
USDC:GA5ZSEJYB37JRC5AVCIA5MOP4RHTM335X2KGX3IHOJAPP5RE34K4KZVN,276264425466585089-2,2026-09-07T22:47:43Z,0.0169402,0.0191424,False,11300003,10000000,orderbook
USDC:GA5ZSEJYB37JRC5AVCIA5MOP4RHTM335X2KGX3IHOJAPP5RE34K4KZVN,276264021739806721-1,2026-09-07T22:38:57Z,0.0802561,0.0906894,False,11300003,10000000,orderbook
USDC:GA5ZSEJYB37JRC5AVCIA5MOP4RHTM335X2KGX3IHOJAPP5RE34K4KZVN,276263983084785665-1,2026-09-07T22:38:08Z,8.1236871,9.1797688,False,11300003,10000000,orderbook
USDC:GA5ZSEJYB37JRC5AVCIA5MOP4RHTM335X2KGX3IHOJAPP5RE34K4KZVN,276263291595911169-1,2026-09-07T22:23:07Z,0.0070257,0.0079580,False,79580,70257,liquidity_pool
USDC:GA5ZSEJYB37JRC5AVCIA5MOP4RHTM335X2KGX3IHOJAPP5RE34K4KZVN,276262106184388609-0,2026-09-07T21:57:26Z,0.0108467,0.0123795,True,2853271,2500000,orderbook
USDC:GA5ZSEJYB37JRC5AVCIA5MOP4RHTM335X2KGX3IHOJAPP5RE34K4KZVN,276262101889544193-2,2026-09-07T21:57:20Z,0.0275615,0.0314562,True,2853271,2500000,orderbook
USDC:GA5ZSEJYB37JRC5AVCIA5MOP4RHTM335X2KGX3IHOJAPP5RE34K4KZVN,276260310887809025-2,2026-09-07T21:18:25Z,0.0417353,0.0476330,True,17833,15625,orderbook
USDC:GA5ZSEJYB37JRC5AVCIA5MOP4RHTM335X2KGX3IHOJAPP5RE34K4KZVN,276260306593435649-0,2026-09-07T21:18:20Z,0.0115246,0.0131532,True,17833,15625,orderbook
USDC:GA5ZSEJYB37JRC5AVCIA5MOP4RHTM335X2KGX3IHOJAPP5RE34K4KZVN,276257862756786177-0,2026-09-07T20:25:18Z,0.1085256,0.1238622,True,1141317,1000000,orderbook
USDC:GA5ZSEJYB37JRC5AVCIA5MOP4RHTM335X2KGX3IHOJAPP5RE34K4KZVN,276256913568755713-0,2026-09-07T20:04:37Z,0.0107622,0.0122832,True,11413191,10000000,orderbook
USDC:GA5ZSEJYB37JRC5AVCIA5MOP4RHTM335X2KGX3IHOJAPP5RE34K4KZVN,276256827669716993-1,2026-09-07T20:02:43Z,0.0423380,0.0483213,True,2853299,2500000,orderbook
USDC:GA5ZSEJYB37JRC5AVCIA5MOP4RHTM335X2KGX3IHOJAPP5RE34K4KZVN,276256767539834881-1,2026-09-07T20:01:25Z,0.0422507,0.0482216,True,2853299,2500000,orderbook
USDC:GA5ZSEJYB37JRC5AVCIA5MOP4RHTM335X2KGX3IHOJAPP5RE34K4KZVN,276256630101008385-2,2026-09-07T19:58:23Z,0.0205702,0.0234772,True,11413201,10000000,orderbook
USDC:GA5ZSEJYB37JRC5AVCIA5MOP4RHTM335X2KGX3IHOJAPP5RE34K4KZVN,276256428237484033-0,2026-09-07T19:54:00Z,0.0114699,0.0130909,True,5706603,5000000,orderbook
USDC:GA5ZSEJYB37JRC5AVCIA5MOP4RHTM335X2KGX3IHOJAPP5RE34K4KZVN,276256157654855681-1,2026-09-07T19:48:07Z,0.0138350,0.0157902,True,11413211,10000000,orderbook
USDC:GA5ZSEJYB37JRC5AVCIA5MOP4RHTM335X2KGX3IHOJAPP5RE34K4KZVN,276256136179818497-1,2026-09-07T19:47:38Z,0.0264723,0.0302134,True,11413211,10000000,orderbook
USDC:GA5ZSEJYB37JRC5AVCIA5MOP4RHTM335X2KGX3IHOJAPP5RE34K4KZVN,276255753927790593-0,2026-09-07T19:39:17Z,0.0112281,0.0128149,True,11413221,10000000,orderbook
USDC:GA5ZSEJYB37JRC5AVCIA5MOP4RHTM335X2KGX3IHOJAPP5RE34K4KZVN,276255741042647041-1,2026-09-07T19:39:01Z,0.0539526,0.0615773,True,11413221,10000000,orderbook
USDC:GA5ZSEJYB37JRC5AVCIA5MOP4RHTM335X2KGX3IHOJAPP5RE34K4KZVN,276252876300021761-2,2026-09-07T18:36:44Z,0.0021833,0.0024803,False,24803,21833,liquidity_pool
USDC:GA5ZSEJYB37JRC5AVCIA5MOP4RHTM335X2KGX3IHOJAPP5RE34K4KZVN,276251274276859905-2,2026-09-07T18:02:02Z,0.0004988,0.0005671,False,5671,4988,liquidity_pool
USDC:GA5ZSEJYB37JRC5AVCIA5MOP4RHTM335X2KGX3IHOJAPP5RE34K4KZVN,276249238462586881-1,2026-09-07T17:17:50Z,0.0322296,0.0367849,True,11413363,10000000,orderbook
USDC:GA5ZSEJYB37JRC5AVCIA5MOP4RHTM335X2KGX3IHOJAPP5RE34K4KZVN,276249204103970817-1,2026-09-07T17:17:04Z,0.0080099,0.0091402,True,91402,80099,liquidity_pool
USDC:GA5ZSEJYB37JRC5AVCIA5MOP4RHTM335X2KGX3IHOJAPP5RE34K4KZVN,276245686524928001-2,2026-09-07T16:00:43Z,0.0240056,0.0271263,False,11300003,10000000,orderbook
USDC:GA5ZSEJYB37JRC5AVCIA5MOP4RHTM335X2KGX3IHOJAPP5RE34K4KZVN,276245622099939329-2,2026-09-07T15:59:19Z,0.0643421,0.0727065,False,11300003,10000000,orderbook
USDC:GA5ZSEJYB37JRC5AVCIA5MOP4RHTM335X2KGX3IHOJAPP5RE34K4KZVN,276245437416206337-1,2026-09-07T15:55:18Z,0.0083468,0.0094318,False,11300003,10000000,orderbook
USDC:GA5ZSEJYB37JRC5AVCIA5MOP4RHTM335X2KGX3IHOJAPP5RE34K4KZVN,276244973560123393-3,2026-09-07T15:45:14Z,0.0283124,0.0319930,False,11300003,10000000,orderbook
USDC:GA5ZSEJYB37JRC5AVCIA5MOP4RHTM335X2KGX3IHOJAPP5RE34K4KZVN,276244934905229313-3,2026-09-07T15:44:24Z,0.0157765,0.0178274,False,11300003,10000000,orderbook
USDC:GA5ZSEJYB37JRC5AVCIA5MOP4RHTM335X2KGX3IHOJAPP5RE34K4KZVN,276244930610663425-3,2026-09-07T15:44:19Z,0.0099033,0.0111907,False,11300003,10000000,orderbook
USDC:GA5ZSEJYB37JRC5AVCIA5MOP4RHTM335X2KGX3IHOJAPP5RE34K4KZVN,276244887660814337-3,2026-09-07T15:43:23Z,0.0125360,0.0141656,False,11300003,10000000,orderbook
USDC:GA5ZSEJYB37JRC5AVCIA5MOP4RHTM335X2KGX3IHOJAPP5RE34K4KZVN,276244857596784641-1,2026-09-07T15:42:43Z,0.0083567,0.0094430,False,11300003,10000000,orderbook
USDC:GA5ZSEJYB37JRC5AVCIA5MOP4RHTM335X2KGX3IHOJAPP5RE34K4KZVN,276244857595637761-3,2026-09-07T15:42:43Z,0.0641015,0.0724347,False,11300003,10000000,orderbook
USDC:GA5ZSEJYB37JRC5AVCIA5MOP4RHTM335X2KGX3IHOJAPP5RE34K4KZVN,276244853301190657-1,2026-09-07T15:42:38Z,0.0642390,0.0725900,False,11300003,10000000,orderbook
USDC:GA5ZSEJYB37JRC5AVCIA5MOP4RHTM335X2KGX3IHOJAPP5RE34K4KZVN,276244754516787201-1,2026-09-07T15:40:31Z,0.0104288,0.0117845,False,11300003,10000000,orderbook
USDC:GA5ZSEJYB37JRC5AVCIA5MOP4RHTM335X2KGX3IHOJAPP5RE34K4KZVN,276244720156565505-1,2026-09-07T15:39:46Z,0.0637008,0.0719819,False,11300003,10000000,orderbook
USDC:GA5ZSEJYB37JRC5AVCIA5MOP4RHTM335X2KGX3IHOJAPP5RE34K4KZVN,276244715862163457-3,2026-09-07T15:39:41Z,0.0318560,0.0359972,False,11300003,10000000,orderbook
USDC:GA5ZSEJYB37JRC5AVCIA5MOP4RHTM335X2KGX3IHOJAPP5RE34K4KZVN,276244715861667841-4,2026-09-07T15:39:41Z,0.0094348,0.0106613,False,11300003,10000000,orderbook
USDC:GA5ZSEJYB37JRC5AVCIA5MOP4RHTM335X2KGX3IHOJAPP5RE34K4KZVN,276244694386810881-3,2026-09-07T15:39:13Z,0.0419677,0.0474235,False,11300003,10000000,orderbook
USDC:GA5ZSEJYB37JRC5AVCIA5MOP4RHTM335X2KGX3IHOJAPP5RE34K4KZVN,276244672912048129-1,2026-09-07T15:38:45Z,0.0106377,0.0120206,False,11300003,10000000,orderbook
USDC:GA5ZSEJYB37JRC5AVCIA5MOP4RHTM335X2KGX3IHOJAPP5RE34K4KZVN,276244625667928065-1,2026-09-07T15:37:45Z,0.0440450,0.0497708,False,5000000,4424779,orderbook
USDC:GA5ZSEJYB37JRC5AVCIA5MOP4RHTM335X2KGX3IHOJAPP5RE34K4KZVN,276244621372186625-2,2026-09-07T15:37:39Z,0.0045113,0.0050977,False,11300003,10000000,orderbook
USDC:GA5ZSEJYB37JRC5AVCIA5MOP4RHTM335X2KGX3IHOJAPP5RE34K4KZVN,276244432394850305-3,2026-09-07T15:33:34Z,0.0639725,0.0722889,False,11300003,10000000,orderbook
USDC:GA5ZSEJYB37JRC5AVCIA5MOP4RHTM335X2KGX3IHOJAPP5RE34K4KZVN,276244432394072065-1,2026-09-07T15:33:34Z,0.0083919,0.0094828,False,11300003,10000000,orderbook
USDC:GA5ZSEJYB37JRC5AVCIA5MOP4RHTM335X2KGX3IHOJAPP5RE34K4KZVN,276244398034931713-1,2026-09-07T15:32:49Z,0.0641596,0.0725003,False,11300003,10000000,orderbook
USDC:GA5ZSEJYB37JRC5AVCIA5MOP4RHTM335X2KGX3IHOJAPP5RE34K4KZVN,276244303545901057-1,2026-09-07T15:30:47Z,0.0321570,0.0363374,False,11300003,10000000,orderbook
USDC:GA5ZSEJYB37JRC5AVCIA5MOP4RHTM335X2KGX3IHOJAPP5RE34K4KZVN,276244286365749249-3,2026-09-07T15:30:24Z,0.0091040,0.0102875,False,11300003,10000000,orderbook
USDC:GA5ZSEJYB37JRC5AVCIA5MOP4RHTM335X2KGX3IHOJAPP5RE34K4KZVN,276243856868564993-2,2026-09-07T15:21:04Z,0.0265394,0.0299895,False,11300003,10000000,orderbook
USDC:GA5ZSEJYB37JRC5AVCIA5MOP4RHTM335X2KGX3IHOJAPP5RE34K4KZVN,276243745199071233-1,2026-09-07T15:18:38Z,0.0168141,0.0189999,False,11300003,10000000,orderbook
USDC:GA5ZSEJYB37JRC5AVCIA5MOP4RHTM335X2KGX3IHOJAPP5RE34K4KZVN,276243736610656257-2,2026-09-07T15:18:26Z,0.0321480,0.0363272,False,11300003,10000000,orderbook
USDC:GA5ZSEJYB37JRC5AVCIA5MOP4RHTM335X2KGX3IHOJAPP5RE34K4KZVN,276243689364877313-3,2026-09-07T15:17:25Z,0.0117448,0.0132716,False,11300003,10000000,orderbook
USDC:GA5ZSEJYB37JRC5AVCIA5MOP4RHTM335X2KGX3IHOJAPP5RE34K4KZVN,276243676479373313-1,2026-09-07T15:17:09Z,0.0573517,0.0648074,False,11300003,10000000,orderbook
USDC:GA5ZSEJYB37JRC5AVCIA5MOP4RHTM335X2KGX3IHOJAPP5RE34K4KZVN,276243607760154625-3,2026-09-07T15:15:40Z,0.0651264,0.0735928,False,11300003,10000000,orderbook
USDC:GA5ZSEJYB37JRC5AVCIA5MOP4RHTM335X2KGX3IHOJAPP5RE34K4KZVN,276243590581448705-3,2026-09-07T15:15:17Z,0.0090277,0.0102013,False,5000000,4424779,orderbook
USDC:GA5ZSEJYB37JRC5AVCIA5MOP4RHTM335X2KGX3IHOJAPP5RE34K4KZVN,276243586285543425-1,2026-09-07T15:15:12Z,0.0168545,0.0190455,False,11300003,10000000,orderbook
USDC:GA5ZSEJYB37JRC5AVCIA5MOP4RHTM335X2KGX3IHOJAPP5RE34K4KZVN,276243474615967745-1,2026-09-07T15:12:45Z,0.0104332,0.0117895,False,11300003,10000000,orderbook
USDC:GA5ZSEJYB37JRC5AVCIA5MOP4RHTM335X2KGX3IHOJAPP5RE34K4KZVN,276243380127543297-1,2026-09-07T15:10:43Z,0.0372064,0.0420432,False,11300003,10000000,orderbook
USDC:GA5ZSEJYB37JRC5AVCIA5MOP4RHTM335X2KGX3IHOJAPP5RE34K4KZVN,276243216918564865-1,2026-09-07T15:07:08Z,0.0253625,0.0286596,False,11300003,10000000,orderbook
USDC:GA5ZSEJYB37JRC5AVCIA5MOP4RHTM335X2KGX3IHOJAPP5RE34K4KZVN,276243195443224577-3,2026-09-07T15:06:40Z,0.0736359,0.0832085,False,11300003,10000000,orderbook
USDC:GA5ZSEJYB37JRC5AVCIA5MOP4RHTM335X2KGX3IHOJAPP5RE34K4KZVN,276243092364500993-2,2026-09-07T15:04:25Z,0.0165670,0.0187207,False,11300003,10000000,orderbook
USDC:GA5ZSEJYB37JRC5AVCIA5MOP4RHTM335X2KGX3IHOJAPP5RE34K4KZVN,276242843256430593-3,2026-09-07T14:59:01Z,0.0115778,0.0130829,False,11300003,10000000,orderbook
USDC:GA5ZSEJYB37JRC5AVCIA5MOP4RHTM335X2KGX3IHOJAPP5RE34K4KZVN,276242654277713921-3,2026-09-07T14:54:52Z,0.0109262,0.0123466,False,11300003,10000000,orderbook
USDC:GA5ZSEJYB37JRC5AVCIA5MOP4RHTM335X2KGX3IHOJAPP5RE34K4KZVN,276242637097930753-3,2026-09-07T14:54:29Z,0.0090677,0.0102465,False,11300003,10000000,orderbook
USDC:GA5ZSEJYB37JRC5AVCIA5MOP4RHTM335X2KGX3IHOJAPP5RE34K4KZVN,276242482478632961-3,2026-09-07T14:51:07Z,0.0163547,0.0184808,False,11300003,10000000,orderbook
USDC:GA5ZSEJYB37JRC5AVCIA5MOP4RHTM335X2KGX3IHOJAPP5RE34K4KZVN,276242181830946817-1,2026-09-07T14:44:36Z,0.0168876,0.0190829,False,11300003,10000000,orderbook
USDC:GA5ZSEJYB37JRC5AVCIA5MOP4RHTM335X2KGX3IHOJAPP5RE34K4KZVN,276242173241094145-1,2026-09-07T14:44:25Z,0.1188374,0.1342862,False,11300003,10000000,orderbook
USDC:GA5ZSEJYB37JRC5AVCIA5MOP4RHTM335X2KGX3IHOJAPP5RE34K4KZVN,276242117406449665-1,2026-09-07T14:43:12Z,0.0107307,0.0121256,False,11300003,10000000,orderbook
USDC:GA5ZSEJYB37JRC5AVCIA5MOP4RHTM335X2KGX3IHOJAPP5RE34K4KZVN,276242010032062465-3,2026-09-07T14:40:52Z,0.0098447,0.0111245,False,11300003,10000000,orderbook
USDC:GA5ZSEJYB37JRC5AVCIA5MOP4RHTM335X2KGX3IHOJAPP5RE34K4KZVN,276242001442226177-1,2026-09-07T14:40:41Z,0.0105233,0.0118913,False,11300003,10000000,orderbook
USDC:GA5ZSEJYB37JRC5AVCIA5MOP4RHTM335X2KGX3IHOJAPP5RE34K4KZVN,276241816758685697-1,2026-09-07T14:36:43Z,0.0317986,0.0359324,False,11300003,10000000,orderbook
USDC:GA5ZSEJYB37JRC5AVCIA5MOP4RHTM335X2KGX3IHOJAPP5RE34K4KZVN,276241713679986689-4,2026-09-07T14:34:29Z,0.0045722,0.0051665,False,11300003,10000000,orderbook
USDC:GA5ZSEJYB37JRC5AVCIA5MOP4RHTM335X2KGX3IHOJAPP5RE34K4KZVN,276240841801887745-2,2026-09-07T14:15:27Z,0.0014596,0.0016521,False,16521,14596,liquidity_pool
USDC:GA5ZSEJYB37JRC5AVCIA5MOP4RHTM335X2KGX3IHOJAPP5RE34K4KZVN,276239793829195777-1,2026-09-07T13:52:38Z,0.0010614,0.0012023,False,12023,10614,liquidity_pool
USDC:GA5ZSEJYB37JRC5AVCIA5MOP4RHTM335X2KGX3IHOJAPP5RE34K4KZVN,276239793829085185-1,2026-09-07T13:52:38Z,0.0649655,0.0734110,False,11300003,10000000,orderbook
USDC:GA5ZSEJYB37JRC5AVCIA5MOP4RHTM335X2KGX3IHOJAPP5RE34K4KZVN,276239407282364417-1,2026-09-07T13:44:16Z,0.0010781,0.0012221,False,12221,10781,liquidity_pool
USDC:GA5ZSEJYB37JRC5AVCIA5MOP4RHTM335X2KGX3IHOJAPP5RE34K4KZVN,276239166763950081-1,2026-09-07T13:39:04Z,0.0010502,0.0011913,False,11913,10502,liquidity_pool
USDC:GA5ZSEJYB37JRC5AVCIA5MOP4RHTM335X2KGX3IHOJAPP5RE34K4KZVN,276237637756329985-0,2026-09-07T13:05:58Z,0.0099368,0.0113415,True,89169,78125,orderbook
USDC:GA5ZSEJYB37JRC5AVCIA5MOP4RHTM335X2KGX3IHOJAPP5RE34K4KZVN,276237319927840769-1,2026-09-07T12:59:05Z,0.0427618,0.0488069,True,5706821,5000000,orderbook
USDC:GA5ZSEJYB37JRC5AVCIA5MOP4RHTM335X2KGX3IHOJAPP5RE34K4KZVN,276237315633901569-1,2026-09-07T12:59:00Z,0.0427620,0.0488071,True,5706821,5000000,orderbook
USDC:GA5ZSEJYB37JRC5AVCIA5MOP4RHTM335X2KGX3IHOJAPP5RE34K4KZVN,276237251209166849-1,2026-09-07T12:57:36Z,0.0656631,0.0749456,True,5706821,5000000,orderbook
USDC:GA5ZSEJYB37JRC5AVCIA5MOP4RHTM335X2KGX3IHOJAPP5RE34K4KZVN,276237238323482625-1,2026-09-07T12:57:20Z,0.0649576,0.0741403,True,5706821,5000000,orderbook
USDC:GA5ZSEJYB37JRC5AVCIA5MOP4RHTM335X2KGX3IHOJAPP5RE34K4KZVN,276237229734330369-1,2026-09-07T12:57:08Z,0.0652348,0.0744567,True,5706821,5000000,orderbook
USDC:GA5ZSEJYB37JRC5AVCIA5MOP4RHTM335X2KGX3IHOJAPP5RE34K4KZVN,276237203964551169-4,2026-09-07T12:56:34Z,0.1118356,0.1276452,True,5706821,5000000,orderbook
USDC:GA5ZSEJYB37JRC5AVCIA5MOP4RHTM335X2KGX3IHOJAPP5RE34K4KZVN,276237203964235777-4,2026-09-07T12:56:34Z,0.0433557,0.0494847,True,5706821,5000000,orderbook
USDC:GA5ZSEJYB37JRC5AVCIA5MOP4RHTM335X2KGX3IHOJAPP5RE34K4KZVN,276237178194640897-1,2026-09-07T12:56:00Z,0.0428842,0.0489466,True,5706821,5000000,orderbook
USDC:GA5ZSEJYB37JRC5AVCIA5MOP4RHTM335X2KGX3IHOJAPP5RE34K4KZVN,276237006396022785-1,2026-09-07T12:52:16Z,0.0327800,0.0374140,True,11413647,10000000,orderbook
USDC:GA5ZSEJYB37JRC5AVCIA5MOP4RHTM335X2KGX3IHOJAPP5RE34K4KZVN,276237002100600833-1,2026-09-07T12:52:10Z,0.0170559,0.0194671,True,11413647,10000000,orderbook
USDC:GA5ZSEJYB37JRC5AVCIA5MOP4RHTM335X2KGX3IHOJAPP5RE34K4KZVN,276236826007351298-1,2026-09-07T12:48:22Z,0.0146578,0.0167299,True,11413647,10000000,orderbook
USDC:GA5ZSEJYB37JRC5AVCIA5MOP4RHTM335X2KGX3IHOJAPP5RE34K4KZVN,276236757287096321-1,2026-09-07T12:46:53Z,0.0170385,0.0194472,True,2853413,2500000,orderbook
USDC:GA5ZSEJYB37JRC5AVCIA5MOP4RHTM335X2KGX3IHOJAPP5RE34K4KZVN,276236667093536769-1,2026-09-07T12:44:56Z,0.0658236,0.0751288,True,2853413,2500000,orderbook
USDC:GA5ZSEJYB37JRC5AVCIA5MOP4RHTM335X2KGX3IHOJAPP5RE34K4KZVN,276236662797811713-1,2026-09-07T12:44:50Z,0.0851052,0.0971362,True,2853413,2500000,orderbook
USDC:GA5ZSEJYB37JRC5AVCIA5MOP4RHTM335X2KGX3IHOJAPP5RE34K4KZVN,276235932653826049-1,2026-09-07T12:29:03Z,0.0651270,0.0743339,True,1426709,1250000,orderbook
USDC:GA5ZSEJYB37JRC5AVCIA5MOP4RHTM335X2KGX3IHOJAPP5RE34K4KZVN,276235915474968577-1,2026-09-07T12:28:40Z,0.0408807,0.0466600,True,1426709,1250000,orderbook
USDC:GA5ZSEJYB37JRC5AVCIA5MOP4RHTM335X2KGX3IHOJAPP5RE34K4KZVN,276235795215491073-1,2026-09-07T12:26:04Z,0.0647616,0.0739168,True,11413677,10000000,orderbook
USDC:GA5ZSEJYB37JRC5AVCIA5MOP4RHTM335X2KGX3IHOJAPP5RE34K4KZVN,276235790919671809-1,2026-09-07T12:25:59Z,0.0849336,0.0969405,True,11413677,10000000,orderbook
USDC:GA5ZSEJYB37JRC5AVCIA5MOP4RHTM335X2KGX3IHOJAPP5RE34K4KZVN,276235756561113089-1,2026-09-07T12:25:14Z,0.0423790,0.0483701,True,11413677,10000000,orderbook
USDC:GA5ZSEJYB37JRC5AVCIA5MOP4RHTM335X2KGX3IHOJAPP5RE34K4KZVN,276235726495477761-1,2026-09-07T12:24:35Z,0.0169342,0.0193282,True,11413677,10000000,orderbook
USDC:GA5ZSEJYB37JRC5AVCIA5MOP4RHTM335X2KGX3IHOJAPP5RE34K4KZVN,276235653480906753-1,2026-09-07T12:22:58Z,0.0422902,0.0482688,True,11413683,10000000,orderbook
USDC:GA5ZSEJYB37JRC5AVCIA5MOP4RHTM335X2KGX3IHOJAPP5RE34K4KZVN,276235632006565889-1,2026-09-07T12:22:30Z,0.0423121,0.0482937,True,11413683,10000000,orderbook
USDC:GA5ZSEJYB37JRC5AVCIA5MOP4RHTM335X2KGX3IHOJAPP5RE34K4KZVN,276235189624197121-1,2026-09-07T12:12:56Z,0.0422058,0.0481725,True,11413693,10000000,orderbook
USDC:GA5ZSEJYB37JRC5AVCIA5MOP4RHTM335X2KGX3IHOJAPP5RE34K4KZVN,276235116609794049-1,2026-09-07T12:11:22Z,0.0421840,0.0481476,True,11413693,10000000,orderbook
USDC:GA5ZSEJYB37JRC5AVCIA5MOP4RHTM335X2KGX3IHOJAPP5RE34K4KZVN,276231229664317441-1,2026-09-07T10:47:22Z,0.0252252,0.0287916,True,1426723,1250000,orderbook
USDC:GA5ZSEJYB37JRC5AVCIA5MOP4RHTM335X2KGX3IHOJAPP5RE34K4KZVN,276230731448262657-0,2026-09-07T10:36:38Z,16.0631240,18.1513349,False,11300003,10000000,orderbook
USDC:GA5ZSEJYB37JRC5AVCIA5MOP4RHTM335X2KGX3IHOJAPP5RE34K4KZVN,276230619779264513-0,2026-09-07T10:34:14Z,15.0813700,17.0432270,False,706303,625000,orderbook
USDC:GA5ZSEJYB37JRC5AVCIA5MOP4RHTM335X2KGX3IHOJAPP5RE34K4KZVN,276230332016427009-1,2026-09-07T10:28:02Z,0.0167672,0.0191378,True,11413809,10000000,orderbook
USDC:GA5ZSEJYB37JRC5AVCIA5MOP4RHTM335X2KGX3IHOJAPP5RE34K4KZVN,276230332016324609-1,2026-09-07T10:28:02Z,0.0106803,0.0121903,True,11413809,10000000,orderbook
USDC:GA5ZSEJYB37JRC5AVCIA5MOP4RHTM335X2KGX3IHOJAPP5RE34K4KZVN,276227329834287116-1,2026-09-07T09:23:09Z,0.0003555,0.0004058,True,89171,78125,orderbook
USDC:GA5ZSEJYB37JRC5AVCIA5MOP4RHTM335X2KGX3IHOJAPP5RE34K4KZVN,276227329834287115-1,2026-09-07T09:23:09Z,0.0003555,0.0004058,True,89171,78125,orderbook
USDC:GA5ZSEJYB37JRC5AVCIA5MOP4RHTM335X2KGX3IHOJAPP5RE34K4KZVN,276227329834287114-1,2026-09-07T09:23:09Z,0.0003555,0.0004058,True,89171,78125,orderbook
USDC:GA5ZSEJYB37JRC5AVCIA5MOP4RHTM335X2KGX3IHOJAPP5RE34K4KZVN,276227329834287113-1,2026-09-07T09:23:09Z,0.0003555,0.0004058,True,89171,78125,orderbook
USDC:GA5ZSEJYB37JRC5AVCIA5MOP4RHTM335X2KGX3IHOJAPP5RE34K4KZVN,276227329834287112-1,2026-09-07T09:23:09Z,0.0003555,0.0004058,True,89171,78125,orderbook
USDC:GA5ZSEJYB37JRC5AVCIA5MOP4RHTM335X2KGX3IHOJAPP5RE34K4KZVN,276227329834287111-1,2026-09-07T09:23:09Z,0.0003555,0.0004058,True,89171,78125,orderbook
USDC:GA5ZSEJYB37JRC5AVCIA5MOP4RHTM335X2KGX3IHOJAPP5RE34K4KZVN,276227329834287110-1,2026-09-07T09:23:09Z,0.0003555,0.0004058,True,89171,78125,orderbook
USDC:GA5ZSEJYB37JRC5AVCIA5MOP4RHTM335X2KGX3IHOJAPP5RE34K4KZVN,276227329834287105-1,2026-09-07T09:23:09Z,0.0003555,0.0004058,True,89171,78125,orderbook
USDC:GA5ZSEJYB37JRC5AVCIA5MOP4RHTM335X2KGX3IHOJAPP5RE34K4KZVN,276227329834209334-1,2026-09-07T09:23:09Z,0.0003555,0.0004058,True,89171,78125,orderbook
USDC:GA5ZSEJYB37JRC5AVCIA5MOP4RHTM335X2KGX3IHOJAPP5RE34K4KZVN,276227329834209333-1,2026-09-07T09:23:09Z,0.0003555,0.0004058,True,89171,78125,orderbook
USDC:GA5ZSEJYB37JRC5AVCIA5MOP4RHTM335X2KGX3IHOJAPP5RE34K4KZVN,276227329834209332-1,2026-09-07T09:23:09Z,0.0003555,0.0004058,True,89171,78125,orderbook
USDC:GA5ZSEJYB37JRC5AVCIA5MOP4RHTM335X2KGX3IHOJAPP5RE34K4KZVN,276227329834209331-1,2026-09-07T09:23:09Z,0.0003555,0.0004058,True,89171,78125,orderbook
USDC:GA5ZSEJYB37JRC5AVCIA5MOP4RHTM335X2KGX3IHOJAPP5RE34K4KZVN,276227329834209330-1,2026-09-07T09:23:09Z,0.0003555,0.0004058,True,89171,78125,orderbook
USDC:GA5ZSEJYB37JRC5AVCIA5MOP4RHTM335X2KGX3IHOJAPP5RE34K4KZVN,276227329834209329-1,2026-09-07T09:23:09Z,0.0003555,0.0004058,True,89171,78125,orderbook
USDC:GA5ZSEJYB37JRC5AVCIA5MOP4RHTM335X2KGX3IHOJAPP5RE34K4KZVN,276227329834209328-1,2026-09-07T09:23:09Z,0.0003555,0.0004058,True,89171,78125,orderbook
USDC:GA5ZSEJYB37JRC5AVCIA5MOP4RHTM335X2KGX3IHOJAPP5RE34K4KZVN,276227329834209327-1,2026-09-07T09:23:09Z,0.0003555,0.0004058,True,89171,78125,orderbook
USDC:GA5ZSEJYB37JRC5AVCIA5MOP4RHTM335X2KGX3IHOJAPP5RE34K4KZVN,276227329834209326-1,2026-09-07T09:23:09Z,0.0003555,0.0004058,True,89171,78125,orderbook
USDC:GA5ZSEJYB37JRC5AVCIA5MOP4RHTM335X2KGX3IHOJAPP5RE34K4KZVN,276227329834209325-1,2026-09-07T09:23:09Z,0.0003555,0.0004058,True,89171,78125,orderbook
USDC:GA5ZSEJYB37JRC5AVCIA5MOP4RHTM335X2KGX3IHOJAPP5RE34K4KZVN,276227329834209324-1,2026-09-07T09:23:09Z,0.0003555,0.0004058,True,89171,78125,orderbook
USDC:GA5ZSEJYB37JRC5AVCIA5MOP4RHTM335X2KGX3IHOJAPP5RE34K4KZVN,276227329834209323-1,2026-09-07T09:23:09Z,0.0003555,0.0004058,True,89171,78125,orderbook
USDC:GA5ZSEJYB37JRC5AVCIA5MOP4RHTM335X2KGX3IHOJAPP5RE34K4KZVN,276227329834209322-1,2026-09-07T09:23:09Z,0.0003555,0.0004058,True,89171,78125,orderbook
USDC:GA5ZSEJYB37JRC5AVCIA5MOP4RHTM335X2KGX3IHOJAPP5RE34K4KZVN,276227329834209321-1,2026-09-07T09:23:09Z,0.0003555,0.0004058,True,89171,78125,orderbook
USDC:GA5ZSEJYB37JRC5AVCIA5MOP4RHTM335X2KGX3IHOJAPP5RE34K4KZVN,276227329834209320-1,2026-09-07T09:23:09Z,0.0003555,0.0004058,True,89171,78125,orderbook
USDC:GA5ZSEJYB37JRC5AVCIA5MOP4RHTM335X2KGX3IHOJAPP5RE34K4KZVN,276227329834209319-1,2026-09-07T09:23:09Z,0.0003555,0.0004058,True,89171,78125,orderbook
USDC:GA5ZSEJYB37JRC5AVCIA5MOP4RHTM335X2KGX3IHOJAPP5RE34K4KZVN,276227329834209318-1,2026-09-07T09:23:09Z,0.0003555,0.0004058,True,89171,78125,orderbook
USDC:GA5ZSEJYB37JRC5AVCIA5MOP4RHTM335X2KGX3IHOJAPP5RE34K4KZVN,276227329834209317-1,2026-09-07T09:23:09Z,0.0003555,0.0004058,True,89171,78125,orderbook
USDC:GA5ZSEJYB37JRC5AVCIA5MOP4RHTM335X2KGX3IHOJAPP5RE34K4KZVN,276227329834209316-1,2026-09-07T09:23:09Z,0.0003555,0.0004058,True,89171,78125,orderbook
USDC:GA5ZSEJYB37JRC5AVCIA5MOP4RHTM335X2KGX3IHOJAPP5RE34K4KZVN,276227329834209315-1,2026-09-07T09:23:09Z,0.0003555,0.0004058,True,89171,78125,orderbook
USDC:GA5ZSEJYB37JRC5AVCIA5MOP4RHTM335X2KGX3IHOJAPP5RE34K4KZVN,276227329834209314-1,2026-09-07T09:23:09Z,0.0003555,0.0004058,True,89171,78125,orderbook
USDC:GA5ZSEJYB37JRC5AVCIA5MOP4RHTM335X2KGX3IHOJAPP5RE34K4KZVN,276227329834209313-1,2026-09-07T09:23:09Z,0.0003555,0.0004058,True,89171,78125,orderbook
USDC:GA5ZSEJYB37JRC5AVCIA5MOP4RHTM335X2KGX3IHOJAPP5RE34K4KZVN,276227329834209312-1,2026-09-07T09:23:09Z,0.0003555,0.0004058,True,89171,78125,orderbook
USDC:GA5ZSEJYB37JRC5AVCIA5MOP4RHTM335X2KGX3IHOJAPP5RE34K4KZVN,276227329834209311-1,2026-09-07T09:23:09Z,0.0003555,0.0004058,True,89171,78125,orderbook
USDC:GA5ZSEJYB37JRC5AVCIA5MOP4RHTM335X2KGX3IHOJAPP5RE34K4KZVN,276227329834209310-1,2026-09-07T09:23:09Z,0.0003555,0.0004058,True,89171,78125,orderbook
USDC:GA5ZSEJYB37JRC5AVCIA5MOP4RHTM335X2KGX3IHOJAPP5RE34K4KZVN,276227329834209309-1,2026-09-07T09:23:09Z,0.0003555,0.0004058,True,89171,78125,orderbook
USDC:GA5ZSEJYB37JRC5AVCIA5MOP4RHTM335X2KGX3IHOJAPP5RE34K4KZVN,276227329834209308-1,2026-09-07T09:23:09Z,0.0003555,0.0004058,True,89171,78125,orderbook
USDC:GA5ZSEJYB37JRC5AVCIA5MOP4RHTM335X2KGX3IHOJAPP5RE34K4KZVN,276227329834209307-1,2026-09-07T09:23:09Z,0.0003555,0.0004058,True,89171,78125,orderbook
USDC:GA5ZSEJYB37JRC5AVCIA5MOP4RHTM335X2KGX3IHOJAPP5RE34K4KZVN,276227329834209306-1,2026-09-07T09:23:09Z,0.0003555,0.0004058,True,89171,78125,orderbook
USDC:GA5ZSEJYB37JRC5AVCIA5MOP4RHTM335X2KGX3IHOJAPP5RE34K4KZVN,276227329834209305-1,2026-09-07T09:23:09Z,0.0003555,0.0004058,True,89171,78125,orderbook
USDC:GA5ZSEJYB37JRC5AVCIA5MOP4RHTM335X2KGX3IHOJAPP5RE34K4KZVN,276227329834209304-1,2026-09-07T09:23:09Z,0.0003555,0.0004058,True,89171,78125,orderbook
USDC:GA5ZSEJYB37JRC5AVCIA5MOP4RHTM335X2KGX3IHOJAPP5RE34K4KZVN,276227329834209303-1,2026-09-07T09:23:09Z,0.0003555,0.0004058,True,89171,78125,orderbook
USDC:GA5ZSEJYB37JRC5AVCIA5MOP4RHTM335X2KGX3IHOJAPP5RE34K4KZVN,276227329834209302-1,2026-09-07T09:23:09Z,0.0003555,0.0004058,True,89171,78125,orderbook
USDC:GA5ZSEJYB37JRC5AVCIA5MOP4RHTM335X2KGX3IHOJAPP5RE34K4KZVN,276227329834209301-1,2026-09-07T09:23:09Z,0.0003555,0.0004058,True,89171,78125,orderbook
USDC:GA5ZSEJYB37JRC5AVCIA5MOP4RHTM335X2KGX3IHOJAPP5RE34K4KZVN,276227329834209300-1,2026-09-07T09:23:09Z,0.0003555,0.0004058,True,89171,78125,orderbook
USDC:GA5ZSEJYB37JRC5AVCIA5MOP4RHTM335X2KGX3IHOJAPP5RE34K4KZVN,276227329834209299-1,2026-09-07T09:23:09Z,0.0003555,0.0004058,True,89171,78125,orderbook
USDC:GA5ZSEJYB37JRC5AVCIA5MOP4RHTM335X2KGX3IHOJAPP5RE34K4KZVN,276227329834209298-1,2026-09-07T09:23:09Z,0.0003555,0.0004058,True,89171,78125,orderbook
USDC:GA5ZSEJYB37JRC5AVCIA5MOP4RHTM335X2KGX3IHOJAPP5RE34K4KZVN,276227329834209297-1,2026-09-07T09:23:09Z,0.0003555,0.0004058,True,89171,78125,orderbook
USDC:GA5ZSEJYB37JRC5AVCIA5MOP4RHTM335X2KGX3IHOJAPP5RE34K4KZVN,276227329834209296-1,2026-09-07T09:23:09Z,0.0003555,0.0004058,True,4058,3555,liquidity_pool
USDC:GA5ZSEJYB37JRC5AVCIA5MOP4RHTM335X2KGX3IHOJAPP5RE34K4KZVN,276227329834209295-1,2026-09-07T09:23:09Z,0.0003555,0.0004058,True,4058,3555,liquidity_pool
USDC:GA5ZSEJYB37JRC5AVCIA5MOP4RHTM335X2KGX3IHOJAPP5RE34K4KZVN,276227329834209294-1,2026-09-07T09:23:09Z,0.0003556,0.0004058,True,4058,3556,liquidity_pool
USDC:GA5ZSEJYB37JRC5AVCIA5MOP4RHTM335X2KGX3IHOJAPP5RE34K4KZVN,276227329834209293-1,2026-09-07T09:23:09Z,0.0003557,0.0004058,True,4058,3557,liquidity_pool
USDC:GA5ZSEJYB37JRC5AVCIA5MOP4RHTM335X2KGX3IHOJAPP5RE34K4KZVN,276227329834209292-1,2026-09-07T09:23:09Z,0.0003558,0.0004058,True,4058,3558,liquidity_pool
USDC:GA5ZSEJYB37JRC5AVCIA5MOP4RHTM335X2KGX3IHOJAPP5RE34K4KZVN,276227329834209291-1,2026-09-07T09:23:09Z,0.0003559,0.0004058,True,4058,3559,liquidity_pool
USDC:GA5ZSEJYB37JRC5AVCIA5MOP4RHTM335X2KGX3IHOJAPP5RE34K4KZVN,276227329834209290-1,2026-09-07T09:23:09Z,0.0003560,0.0004058,True,4058,3560,liquidity_pool
USDC:GA5ZSEJYB37JRC5AVCIA5MOP4RHTM335X2KGX3IHOJAPP5RE34K4KZVN,276227329834209289-1,2026-09-07T09:23:09Z,0.0003560,0.0004058,True,4058,3560,liquidity_pool
USDC:GA5ZSEJYB37JRC5AVCIA5MOP4RHTM335X2KGX3IHOJAPP5RE34K4KZVN,276227329834209288-1,2026-09-07T09:23:09Z,0.0003561,0.0004058,True,4058,3561,liquidity_pool
USDC:GA5ZSEJYB37JRC5AVCIA5MOP4RHTM335X2KGX3IHOJAPP5RE34K4KZVN,276227329834209287-1,2026-09-07T09:23:09Z,0.0003562,0.0004058,True,4058,3562,liquidity_pool
USDC:GA5ZSEJYB37JRC5AVCIA5MOP4RHTM335X2KGX3IHOJAPP5RE34K4KZVN,276227329834209286-1,2026-09-07T09:23:09Z,0.0003563,0.0004058,True,4058,3563,liquidity_pool
USDC:GA5ZSEJYB37JRC5AVCIA5MOP4RHTM335X2KGX3IHOJAPP5RE34K4KZVN,276227329834209281-1,2026-09-07T09:23:09Z,0.0003564,0.0004058,True,4058,3564,liquidity_pool
USDC:GA5ZSEJYB37JRC5AVCIA5MOP4RHTM335X2KGX3IHOJAPP5RE34K4KZVN,276226994826940418-1,2026-09-07T09:15:53Z,0.0003566,0.0004060,True,4060,3566,liquidity_pool
USDC:GA5ZSEJYB37JRC5AVCIA5MOP4RHTM335X2KGX3IHOJAPP5RE34K4KZVN,276226994826420226-1,2026-09-07T09:15:53Z,0.0003567,0.0004060,True,4060,3567,liquidity_pool
USDC:GA5ZSEJYB37JRC5AVCIA5MOP4RHTM335X2KGX3IHOJAPP5RE34K4KZVN,276222601075482625-1,2026-09-07T07:41:01Z,0.0198768,0.0224619,False,88286,78125,orderbook
USDC:GA5ZSEJYB37JRC5AVCIA5MOP4RHTM335X2KGX3IHOJAPP5RE34K4KZVN,276222596780294145-1,2026-09-07T07:40:55Z,0.0166074,0.0187673,False,88286,78125,orderbook
USDC:GA5ZSEJYB37JRC5AVCIA5MOP4RHTM335X2KGX3IHOJAPP5RE34K4KZVN,276222566716129281-1,2026-09-07T07:40:17Z,0.1264621,0.1429098,False,88286,78125,orderbook
USDC:GA5ZSEJYB37JRC5AVCIA5MOP4RHTM335X2KGX3IHOJAPP5RE34K4KZVN,276222424981975041-1,2026-09-07T07:37:14Z,0.0104274,0.0117835,False,5650301,5000000,orderbook
USDC:GA5ZSEJYB37JRC5AVCIA5MOP4RHTM335X2KGX3IHOJAPP5RE34K4KZVN,276222420686766081-1,2026-09-07T07:37:08Z,0.1273126,0.1438709,False,5650301,5000000,orderbook
USDC:GA5ZSEJYB37JRC5AVCIA5MOP4RHTM335X2KGX3IHOJAPP5RE34K4KZVN,276222420686417921-1,2026-09-07T07:37:08Z,0.0016710,0.0018910,False,18910,16710,liquidity_pool
USDC:GA5ZSEJYB37JRC5AVCIA5MOP4RHTM335X2KGX3IHOJAPP5RE34K4KZVN,276221072066985985-1,2026-09-07T07:07:54Z,0.0035294,0.0040009,False,40009,35294,liquidity_pool
V:GDQJXPESRTKBHMTLPHKZNVFGQA77HPCGYW2NPUORVMDMPJBCFGGBYNS2,276239793829154817-1,2026-09-07T13:52:38Z,0.0001074,5.6760890,False,56760890,1074,liquidity_pool
V:GDQJXPESRTKBHMTLPHKZNVFGQA77HPCGYW2NPUORVMDMPJBCFGGBYNS2,276232290521096193-1,2026-09-07T11:10:20Z,0.0001039,5.5715382,False,55715382,1039,liquidity_pool
Vol:GAUZ24CWEUNVIOWD6K7SXEQ6FQT6K6LLDJJEBRS7QHUDJORQB7SMSQ7O,276246700137181187-1,2026-09-07T16:22:42Z,0.0010985,457.6584653,True,4576584653,10985,liquidity_pool
Vol:GAUZ24CWEUNVIOWD6K7SXEQ6FQT6K6LLDJJEBRS7QHUDJORQB7SMSQ7O,276246558402494467-1,2026-09-07T16:19:39Z,0.0011002,457.0893403,True,4570893403,11002,liquidity_pool
Vol:GAUZ24CWEUNVIOWD6K7SXEQ6FQT6K6LLDJJEBRS7QHUDJORQB7SMSQ7O,276237242619142145-1,2026-09-07T12:57:25Z,0.0041685,1728.1362447,False,17281362447,41685,liquidity_pool
Vol:GAUZ24CWEUNVIOWD6K7SXEQ6FQT6K6LLDJJEBRS7QHUDJORQB7SMSQ7O,276237238324654081-1,2026-09-07T12:57:20Z,0.0017081,713.4158343,False,7134158343,17081,liquidity_pool
WLFI:GA6KE37WWWB6GUAKDEH7EFM2NN2JFFBR33L4Y7BSLIOUH3DACBCJZPOS,276235924064686081-1,2026-09-07T12:28:51Z,0.0001056,6581.7180384,False,65817180384,1056,liquidity_pool
WLFI:GA6KE37WWWB6GUAKDEH7EFM2NN2JFFBR33L4Y7BSLIOUH3DACBCJZPOS,276235919768530945-1,2026-09-07T12:28:46Z,0.0004221,26417.3435546,False,264173435546,4221,liquidity_pool
XLD:GBE6IZPK5MPLVPMD3NZ2YW5BY4GBB5IDYDXTIERGA3A5S2XANCUCTXLD,276277065555582977-1,2026-09-08T03:21:30Z,0.0025895,0.0026200,True,26200,25895,liquidity_pool
XLD:GBE6IZPK5MPLVPMD3NZ2YW5BY4GBB5IDYDXTIERGA3A5S2XANCUCTXLD,276256960813256705-1,2026-09-07T20:05:40Z,0.0085098,0.0085670,True,85670,85098,liquidity_pool
XLD:GBE6IZPK5MPLVPMD3NZ2YW5BY4GBB5IDYDXTIERGA3A5S2XANCUCTXLD,276227334129004545-1,2026-09-07T09:23:15Z,0.0061448,0.0061456,True,61456,61448,liquidity_pool
native,276278938161328129-2,2026-09-08T04:01:53Z,0.0016844,0.0100000,False,100000,16844,liquidity_pool
native,276277623901327361-2,2026-09-08T03:33:35Z,0.0084282,0.0500449,False,500449,84282,liquidity_pool
native,276277593837219841-2,2026-09-08T03:32:56Z,0.0016935,0.0100571,False,100571,16935,liquidity_pool
native,276275978928869377-0,2026-09-08T02:57:58Z,0.1507052,0.8984702,True,8984702,1507052,liquidity_pool
native,276275854375038977-0,2026-09-08T02:55:18Z,0.1277475,0.7585937,True,7585937,1277475,liquidity_pool
native,276275704051122177-0,2026-09-08T02:52:03Z,0.0386508,0.2289761,True,2289761,386508,liquidity_pool
native,276275459237572609-0,2026-09-08T02:46:46Z,0.0230174,0.1362417,True,1362417,230174,liquidity_pool
native,276274432740900865-6,2026-09-08T02:24:26Z,0.0039192,0.0230523,False,230523,39192,liquidity_pool
native,276274424151142401-5,2026-09-08T02:24:15Z,0.0039150,0.0230303,False,230303,39150,liquidity_pool
native,276274123502940161-3,2026-09-08T02:17:46Z,0.0109736,0.0645674,False,645674,109736,liquidity_pool
native,276274016128937985-3,2026-09-08T02:15:27Z,0.0100885,0.0593772,False,593772,100885,liquidity_pool
native,276272070508347393-2,2026-09-08T01:33:19Z,0.0017057,0.0100408,False,100408,17057,liquidity_pool
native,276272040444305409-2,2026-09-08T01:32:40Z,0.0017106,0.0100701,False,100701,17106,liquidity_pool
native,276271928774324225-2,2026-09-08T01:30:13Z,0.0017042,0.0100329,False,100329,17042,liquidity_pool
native,276271842875662337-2,2026-09-08T01:28:21Z,0.0017021,0.0100210,False,100210,17021,liquidity_pool
native,276267513548365825-3,2026-09-07T23:54:34Z,0.0021116,0.0124326,False,124326,21116,liquidity_pool
native,276267294504640513-3,2026-09-07T23:49:51Z,0.0160993,0.0948137,False,948137,160993,liquidity_pool
native,276267157066149889-1,2026-09-07T23:46:53Z,0.0074388,0.0438239,False,438239,74388,liquidity_pool
native,276266787698556929-2,2026-09-07T23:38:54Z,0.0010439,0.0061506,False,61506,10439,liquidity_pool
native,276266744749342721-1,2026-09-07T23:37:58Z,0.0066825,0.0393774,False,393774,66825,liquidity_pool
native,276266693209890828-2,2026-09-07T23:36:53Z,0.0003332,0.0019636,False,19636,3332,liquidity_pool
native,276266693209890827-2,2026-09-07T23:36:53Z,0.0003333,0.0019642,False,19642,3333,liquidity_pool
native,276266693209890826-2,2026-09-07T23:36:53Z,0.0003334,0.0019648,False,19648,3334,liquidity_pool
native,276266693209890825-2,2026-09-07T23:36:53Z,0.0003334,0.0019648,False,19648,3334,liquidity_pool
native,276266693209890824-2,2026-09-07T23:36:53Z,0.0003335,0.0019654,False,19654,3335,liquidity_pool
native,276266693209890823-2,2026-09-07T23:36:53Z,0.0003336,0.0019660,False,19660,3336,liquidity_pool
native,276266693209890822-2,2026-09-07T23:36:53Z,0.0003336,0.0019660,False,19660,3336,liquidity_pool
native,276266693209890817-2,2026-09-07T23:36:53Z,0.0003337,0.0019666,False,19666,3337,liquidity_pool
native,276266641670148097-2,2026-09-07T23:35:45Z,0.0017048,0.0100476,False,100476,17048,liquidity_pool
native,276266379676852226-2,2026-09-07T23:30:07Z,0.0003341,0.0019691,False,19691,3341,liquidity_pool
native,276264021739806721-0,2026-09-07T22:38:57Z,0.0802561,0.4728770,True,58921,10000,orderbook
native,276263983084785665-0,2026-09-07T22:38:08Z,8.1236871,47.8655768,True,58921,10000,orderbook
native,276263948726075393-0,2026-09-07T22:37:23Z,0.0151951,0.0895311,True,58921,10000,orderbook
native,276263441919508483-0,2026-09-07T22:26:24Z,0.0020952,0.0123456,True,58921,10000,orderbook
native,276263291595911169-0,2026-09-07T22:23:07Z,0.0070257,0.0413962,True,58921,10000,orderbook
native,276263248645718017-0,2026-09-07T22:22:12Z,0.0110090,0.0648667,True,58921,10000,orderbook
native,276263222875766785-0,2026-09-07T22:21:38Z,0.0093999,0.0553857,True,58921,10000,orderbook
native,276263218580660225-0,2026-09-07T22:21:33Z,0.0163813,0.0965203,True,58921,10000,orderbook
native,276263179926515713-0,2026-09-07T22:20:42Z,0.0143027,0.0842730,True,58921,10000,orderbook
native,276263162746015745-0,2026-09-07T22:20:20Z,0.0242819,0.1430714,True,58921,10000,orderbook
native,276263141271605249-0,2026-09-07T22:19:52Z,0.0028972,0.0170706,True,58921,10000,orderbook
native,276263128386936833-0,2026-09-07T22:19:34Z,0.0451044,0.2657597,True,58921,10000,orderbook
native,276263098321620993-0,2026-09-07T22:18:55Z,0.0102651,0.0604830,True,58921,10000,orderbook
native,276263021012979713-0,2026-09-07T22:17:15Z,0.0205350,0.1209943,True,58921,10000,orderbook
native,276262960882720769-0,2026-09-07T22:15:58Z,0.0191078,0.1125851,True,58921,10000,orderbook
native,276262922228416513-0,2026-09-07T22:15:08Z,0.0139773,0.0823562,True,58921,10000,orderbook
native,276262887868080133-0,2026-09-07T22:14:23Z,0.0020952,0.0123456,True,58921,10000,orderbook
native,276262612990500865-3,2026-09-07T22:08:25Z,0.0091258,0.0537940,False,537940,91258,liquidity_pool
native,276262522796457985-2,2026-09-07T22:06:28Z,0.0010488,0.0061832,False,61832,10488,liquidity_pool
native,276262342407737345-2,2026-09-07T22:02:32Z,0.0017010,0.0100287,False,100287,17010,liquidity_pool
native,276262101889544193-3,2026-09-07T21:57:20Z,0.0275615,0.1625644,False,1625644,275615,liquidity_pool
native,276260607240495105-2,2026-09-07T21:24:53Z,0.0010430,0.0061543,False,61543,10430,liquidity_pool
native,276260499866705921-2,2026-09-07T21:22:32Z,0.0017028,0.0100479,False,100479,17028,liquidity_pool
native,276260310887809025-3,2026-09-07T21:18:25Z,0.0417353,0.2464258,False,2464258,417353,liquidity_pool
native,276256960813256705-2,2026-09-07T20:05:40Z,0.0085098,0.0502817,False,502817,85098,liquidity_pool
native,276256827669716993-2,2026-09-07T20:02:43Z,0.0423380,0.2503426,False,2503426,423380,liquidity_pool
native,276256823375314945-0,2026-09-07T20:02:38Z,0.0182973,0.1081451,True,45808000,7750357,orderbook
native,276256767539834881-2,2026-09-07T20:01:25Z,0.0422507,0.2501261,False,2501261,422507,liquidity_pool
native,276256630101008385-3,2026-09-07T19:58:23Z,0.0205702,0.1218850,False,1218850,205702,liquidity_pool
native,276255741042647041-2,2026-09-07T19:39:01Z,0.0539526,0.3200249,False,3200249,539526,liquidity_pool
native,276255229941985281-0,2026-09-07T19:27:48Z,0.0135115,0.0803980,True,9161600,1539687,orderbook
native,276254534157561857-0,2026-09-07T19:12:44Z,0.0154194,0.0920636,True,920636,154194,liquidity_pool
native,276254405307699201-0,2026-09-07T19:09:56Z,0.0111348,0.0664563,True,664563,111348,liquidity_pool
native,276252876300021761-1,2026-09-07T18:36:44Z,0.0021833,0.0130283,True,130283,21833,liquidity_pool
native,276247786763563009-1,2026-09-07T16:46:17Z,0.0074836,0.0443920,False,443920,74836,liquidity_pool
native,276247640734281729-3,2026-09-07T16:43:08Z,0.0325984,0.1934808,False,1934808,325984,liquidity_pool
native,276247202647859201-3,2026-09-07T16:33:35Z,0.0101781,0.0604466,False,604466,101781,liquidity_pool
native,276246554107662337-1,2026-09-07T16:19:33Z,0.0075007,0.0445570,False,445570,75007,liquidity_pool
native,276244926315483137-0,2026-09-07T15:44:13Z,0.0000010,0.0000060,True,60,10,liquidity_pool
native,276244853301190657-0,2026-09-07T15:42:38Z,0.0642390,0.3835937,True,3835937,642390,liquidity_pool
native,276244720156565505-0,2026-09-07T15:39:46Z,0.0637008,0.3796875,True,3796875,637008,liquidity_pool
native,276244625667928065-0,2026-09-07T15:37:45Z,0.0440450,0.2621276,True,2621276,440450,liquidity_pool
native,276244398034931713-0,2026-09-07T15:32:49Z,0.0641596,0.3812500,True,3812500,641596,liquidity_pool
native,276244303545901057-0,2026-09-07T15:30:47Z,0.0321570,0.1908227,True,1908227,321570,liquidity_pool
native,276243676479373313-0,2026-09-07T15:17:09Z,0.0573517,0.3398983,True,3398983,573517,liquidity_pool
native,276243388716736513-2,2026-09-07T15:10:54Z,0.0017023,0.0100204,False,100204,17023,liquidity_pool
native,276243380127543297-0,2026-09-07T15:10:43Z,0.0372064,0.2202211,True,2202211,372064,liquidity_pool
native,276243341472026625-2,2026-09-07T15:09:53Z,0.0017071,0.0100385,False,100385,17071,liquidity_pool
native,276243311408304129-2,2026-09-07T15:09:14Z,0.0017120,0.0100678,False,100678,17120,liquidity_pool
native,276243216918564865-0,2026-09-07T15:07:08Z,0.0253625,0.1500000,True,1500000,253625,liquidity_pool
native,276243105249075201-2,2026-09-07T15:04:42Z,0.0017069,0.0100311,False,100311,17069,liquidity_pool
native,276243083773988865-2,2026-09-07T15:04:14Z,0.0017118,0.0100604,False,100604,17118,liquidity_pool
native,276242649983254529-2,2026-09-07T14:54:46Z,0.0085339,0.0501619,False,501619,85339,liquidity_pool
native,276242628508561409-2,2026-09-07T14:54:18Z,0.0017240,0.0101350,False,101350,17240,liquidity_pool
native,276242572673904641-2,2026-09-07T14:53:06Z,0.0017059,0.0100291,False,100291,17059,liquidity_pool
native,276242542608117761-2,2026-09-07T14:52:26Z,0.0017107,0.0100578,False,100578,17107,liquidity_pool
native,276242521134211073-2,2026-09-07T14:51:58Z,0.0017137,0.0100759,False,100759,17137,liquidity_pool
native,276242448119046146-2,2026-09-07T14:50:23Z,0.0001199,0.0007049,False,7049,1199,liquidity_pool
native,276242400875413505-2,2026-09-07T14:49:22Z,0.0017074,0.0100394,False,100394,17074,liquidity_pool
native,276242327860473857-2,2026-09-07T14:47:47Z,0.0017054,0.0100281,False,100281,17054,liquidity_pool
native,276242173241094145-0,2026-09-07T14:44:25Z,0.1188374,0.7018398,True,7018398,1188374,liquidity_pool
native,276241816758685697-0,2026-09-07T14:36:43Z,0.0317986,0.1873995,True,1873995,317986,liquidity_pool
native,276241636370292738-2,2026-09-07T14:32:50Z,0.0001203,0.0007044,False,7044,1203,liquidity_pool
native,276239875433574403-2,2026-09-07T13:54:24Z,0.0001207,0.0007067,False,7067,1207,liquidity_pool
native,276239793829625857-5,2026-09-07T13:52:38Z,0.0047817,0.0280005,False,280005,47817,liquidity_pool
native,276239789533962241-0,2026-09-07T13:52:32Z,0.0870673,0.5123248,True,5123248,870673,liquidity_pool
native,276239785239113730-2,2026-09-07T13:52:26Z,0.0001211,0.0007074,False,7074,1211,liquidity_pool
native,276239531836444673-0,2026-09-07T13:46:57Z,0.0115052,0.0676055,True,676055,115052,liquidity_pool
native,276239025030066177-0,2026-09-07T13:35:57Z,0.0391791,0.2300545,True,2300545,391791,liquidity_pool
native,276237319927840769-2,2026-09-07T12:59:05Z,0.0427618,0.2502960,False,45806000,7825721,orderbook
native,276237315633901569-2,2026-09-07T12:59:00Z,0.0427620,0.2501691,False,1174972337,200840777,orderbook
native,276237272683900929-0,2026-09-07T12:58:05Z,0.0099645,0.0582915,True,991465173,169484506,orderbook
native,276237264093757441-0,2026-09-07T12:57:53Z,0.0130723,0.0763552,True,1892872758,324069395,orderbook
native,276237212554539009-0,2026-09-07T12:56:45Z,0.0090628,0.0529331,True,1388000,237643,orderbook
native,276237212554014721-0,2026-09-07T12:56:45Z,0.0094287,0.0550703,True,1388000,237643,orderbook
native,276237203964551169-5,2026-09-07T12:56:34Z,0.1118356,0.6534186,False,6534186,1118356,liquidity_pool
native,276237203964235777-5,2026-09-07T12:56:34Z,0.0433557,0.2538673,False,2538673,433557,liquidity_pool
native,276237178194640897-2,2026-09-07T12:56:00Z,0.0428842,0.2514122,False,2514122,428842,liquidity_pool
native,276237113769693185-2,2026-09-07T12:54:35Z,0.0004329,0.0025394,False,25394,4329,liquidity_pool
native,276237002100600833-2,2026-09-07T12:52:10Z,0.0170559,0.1000774,False,1000774,170559,liquidity_pool
native,276237002100387841-0,2026-09-07T12:52:10Z,0.0047439,0.0278793,True,1092578811,185911828,orderbook
native,276236757287096321-2,2026-09-07T12:46:53Z,0.0170385,0.1000234,False,1000234,170385,liquidity_pool
native,276236722928177153-0,2026-09-07T12:46:09Z,0.0093379,0.0549316,True,45804000,7786303,orderbook
native,276236662797811713-2,2026-09-07T12:44:50Z,0.0851052,0.5003269,False,5003269,851052,liquidity_pool
native,276235790919671809-2,2026-09-07T12:25:59Z,0.0849336,0.5005199,False,5005199,849336,liquidity_pool
native,276235756561113089-2,2026-09-07T12:25:14Z,0.0423790,0.2501926,False,2501926,423790,liquidity_pool
native,276235726495477761-2,2026-09-07T12:24:35Z,0.0169342,0.1000582,False,1000582,169342,liquidity_pool
native,276235653480906753-2,2026-09-07T12:22:58Z,0.0422902,0.2500879,False,2500879,422902,liquidity_pool
native,276235632006565889-2,2026-09-07T12:22:30Z,0.0423121,0.2505177,False,2505177,423121,liquidity_pool
native,276235189624197121-2,2026-09-07T12:12:56Z,0.0422058,0.2501880,False,2501880,422058,liquidity_pool
native,276235116609794049-2,2026-09-07T12:11:22Z,0.0421840,0.2503585,False,2503585,421840,liquidity_pool
native,276230731448262658-0,2026-09-07T10:36:38Z,0.0807192,0.4798991,False,4798991,807192,liquidity_pool
native,276230619779264514-0,2026-09-07T10:34:14Z,0.0757857,0.4515716,False,4515716,757857,liquidity_pool
native,276230332016427009-2,2026-09-07T10:28:02Z,0.0167672,0.1000394,False,1000394,167672,liquidity_pool
native,276230332016324609-2,2026-09-07T10:28:02Z,0.0106803,0.0637475,False,637475,106803,liquidity_pool
native,276227329834287116-2,2026-09-07T09:23:09Z,0.0003555,0.0021222,False,21222,3555,liquidity_pool
native,276227329834287115-2,2026-09-07T09:23:09Z,0.0003555,0.0021222,False,21222,3555,liquidity_pool
native,276227329834287114-2,2026-09-07T09:23:09Z,0.0003555,0.0021222,False,21222,3555,liquidity_pool
native,276227329834287113-2,2026-09-07T09:23:09Z,0.0003555,0.0021222,False,21222,3555,liquidity_pool
native,276227329834287112-2,2026-09-07T09:23:09Z,0.0003555,0.0021222,False,21222,3555,liquidity_pool
native,276227329834287111-2,2026-09-07T09:23:09Z,0.0003555,0.0021223,False,21223,3555,liquidity_pool
native,276227329834287110-2,2026-09-07T09:23:09Z,0.0003555,0.0021223,False,21223,3555,liquidity_pool
native,276227329834287105-2,2026-09-07T09:23:09Z,0.0003555,0.0021223,False,21223,3555,liquidity_pool
native,276227329834209334-2,2026-09-07T09:23:09Z,0.0003555,0.0021223,False,21223,3555,liquidity_pool
native,276227329834209333-2,2026-09-07T09:23:09Z,0.0003555,0.0021224,False,21224,3555,liquidity_pool
native,276227329834209332-2,2026-09-07T09:23:09Z,0.0003555,0.0021224,False,21224,3555,liquidity_pool
native,276227329834209331-2,2026-09-07T09:23:09Z,0.0003555,0.0021224,False,21224,3555,liquidity_pool
native,276227329834209330-2,2026-09-07T09:23:09Z,0.0003555,0.0021224,False,21224,3555,liquidity_pool
native,276227329834209329-2,2026-09-07T09:23:09Z,0.0003555,0.0021224,False,21224,3555,liquidity_pool
native,276227329834209328-2,2026-09-07T09:23:09Z,0.0003555,0.0021225,False,21225,3555,liquidity_pool
native,276227329834209327-2,2026-09-07T09:23:09Z,0.0003555,0.0021225,False,21225,3555,liquidity_pool
native,276227329834209326-2,2026-09-07T09:23:09Z,0.0003555,0.0021225,False,21225,3555,liquidity_pool
native,276227329834209325-2,2026-09-07T09:23:09Z,0.0003555,0.0021225,False,21225,3555,liquidity_pool
native,276227329834209324-2,2026-09-07T09:23:09Z,0.0003555,0.0021225,False,21225,3555,liquidity_pool
native,276227329834209323-2,2026-09-07T09:23:09Z,0.0003555,0.0021226,False,21226,3555,liquidity_pool
native,276227329834209322-2,2026-09-07T09:23:09Z,0.0003555,0.0021226,False,21226,3555,liquidity_pool
native,276227329834209321-2,2026-09-07T09:23:09Z,0.0003555,0.0021226,False,21226,3555,liquidity_pool
native,276227329834209320-2,2026-09-07T09:23:09Z,0.0003555,0.0021226,False,21226,3555,liquidity_pool
native,276227329834209319-2,2026-09-07T09:23:09Z,0.0003555,0.0021227,False,21227,3555,liquidity_pool
native,276227329834209318-2,2026-09-07T09:23:09Z,0.0003555,0.0021227,False,21227,3555,liquidity_pool
native,276227329834209317-2,2026-09-07T09:23:09Z,0.0003555,0.0021227,False,21227,3555,liquidity_pool
native,276227329834209316-2,2026-09-07T09:23:09Z,0.0003555,0.0021227,False,21227,3555,liquidity_pool
native,276227329834209315-2,2026-09-07T09:23:09Z,0.0003555,0.0021227,False,21227,3555,liquidity_pool
native,276227329834209314-2,2026-09-07T09:23:09Z,0.0003555,0.0021228,False,21228,3555,liquidity_pool
native,276227329834209313-2,2026-09-07T09:23:09Z,0.0003555,0.0021228,False,21228,3555,liquidity_pool
native,276227329834209312-2,2026-09-07T09:23:09Z,0.0003555,0.0021228,False,21228,3555,liquidity_pool
native,276227329834209311-2,2026-09-07T09:23:09Z,0.0003555,0.0021228,False,21228,3555,liquidity_pool
native,276227329834209310-2,2026-09-07T09:23:09Z,0.0003555,0.0021228,False,21228,3555,liquidity_pool
native,276227329834209309-2,2026-09-07T09:23:09Z,0.0003555,0.0021229,False,21229,3555,liquidity_pool
native,276227329834209308-2,2026-09-07T09:23:09Z,0.0003555,0.0021229,False,21229,3555,liquidity_pool
native,276227329834209307-2,2026-09-07T09:23:09Z,0.0003555,0.0021229,False,21229,3555,liquidity_pool
native,276227329834209306-2,2026-09-07T09:23:09Z,0.0003555,0.0021229,False,21229,3555,liquidity_pool
native,276227329834209305-2,2026-09-07T09:23:09Z,0.0003555,0.0021230,False,21230,3555,liquidity_pool
native,276227329834209304-2,2026-09-07T09:23:09Z,0.0003555,0.0021230,False,21230,3555,liquidity_pool
native,276227329834209303-2,2026-09-07T09:23:09Z,0.0003555,0.0021230,False,21230,3555,liquidity_pool
native,276227329834209302-2,2026-09-07T09:23:09Z,0.0003555,0.0021230,False,21230,3555,liquidity_pool
native,276227329834209301-2,2026-09-07T09:23:09Z,0.0003555,0.0021230,False,21230,3555,liquidity_pool
native,276227329834209300-2,2026-09-07T09:23:09Z,0.0003555,0.0021231,False,21231,3555,liquidity_pool
native,276227329834209299-2,2026-09-07T09:23:09Z,0.0003555,0.0021231,False,21231,3555,liquidity_pool
native,276227329834209298-2,2026-09-07T09:23:09Z,0.0003555,0.0021231,False,21231,3555,liquidity_pool
native,276227329834209297-2,2026-09-07T09:23:09Z,0.0003555,0.0021231,False,21231,3555,liquidity_pool
native,276227329834209296-2,2026-09-07T09:23:09Z,0.0003555,0.0021231,False,21231,3555,liquidity_pool
native,276227329834209295-2,2026-09-07T09:23:09Z,0.0003555,0.0021232,False,21232,3555,liquidity_pool
native,276227329834209294-2,2026-09-07T09:23:09Z,0.0003556,0.0021238,False,21238,3556,liquidity_pool
native,276227329834209293-2,2026-09-07T09:23:09Z,0.0003557,0.0021244,False,21244,3557,liquidity_pool
native,276227329834209292-2,2026-09-07T09:23:09Z,0.0003558,0.0021250,False,21250,3558,liquidity_pool
native,276227329834209291-2,2026-09-07T09:23:09Z,0.0003559,0.0021256,False,21256,3559,liquidity_pool
native,276227329834209290-2,2026-09-07T09:23:09Z,0.0003560,0.0021263,False,21263,3560,liquidity_pool
native,276227329834209289-2,2026-09-07T09:23:09Z,0.0003560,0.0021263,False,21263,3560,liquidity_pool
native,276227329834209288-2,2026-09-07T09:23:09Z,0.0003561,0.0021269,False,21269,3561,liquidity_pool
native,276227329834209287-2,2026-09-07T09:23:09Z,0.0003562,0.0021275,False,21275,3562,liquidity_pool
native,276227329834209286-2,2026-09-07T09:23:09Z,0.0003563,0.0021281,False,21281,3563,liquidity_pool
native,276227329834209281-2,2026-09-07T09:23:09Z,0.0003564,0.0021288,False,21288,3564,liquidity_pool
native,276227020596195329-4,2026-09-07T09:16:26Z,0.0131998,0.0788588,False,788588,131998,liquidity_pool
native,276226994826940418-2,2026-09-07T09:15:53Z,0.0003566,0.0021308,False,21308,3566,liquidity_pool
native,276226994826420226-2,2026-09-07T09:15:53Z,0.0003567,0.0021314,False,21314,3567,liquidity_pool
native,276224331946811393-3,2026-09-07T08:18:30Z,0.0240728,0.1438959,False,1438959,240728,liquidity_pool
native,276222566716129281-0,2026-09-07T07:40:17Z,0.1264621,0.7593750,True,7593750,1264621,liquidity_pool
native,276222420686766081-0,2026-09-07T07:37:08Z,0.1273126,0.7617187,True,7617187,1273126,liquidity_pool
native,276222373442445313-0,2026-09-07T07:36:06Z,0.0320640,0.1914062,True,1914062,320640,liquidity_pool
native,276221600347553793-0,2026-09-07T07:19:20Z,0.0134421,0.0801907,True,801907,134421,liquidity_pool
native,276221072066985985-0,2026-09-07T07:07:54Z,0.0035294,0.0210501,True,210501,35294,liquidity_pool
native,276218984712683523-1,2026-09-07T06:22:49Z,0.0010930,0.0065186,True,65186,10930,liquidity_pool
native,276218950352736259-1,2026-09-07T06:22:04Z,0.0010918,0.0065114,True,65114,10918,liquidity_pool
native,276218915992977411-1,2026-09-07T06:21:20Z,0.0010933,0.0065204,True,65204,10933,liquidity_pool
native,276218898813112323-1,2026-09-07T06:20:58Z,0.0010937,0.0065223,True,65223,10937,liquidity_pool
native,276218078474399747-1,2026-09-07T06:03:18Z,0.0010967,0.0065400,True,65400,10967,liquidity_pool
native,276218061295009795-1,2026-09-07T06:02:55Z,0.0010971,0.0065422,True,65422,10971,liquidity_pool
neco:GB5NWTBDWP4S5YEPLXOPAUFAENOK7KM3Q6ZFZ55TGGQYIZEPFT22OL4S,276267294504640513-2,2026-09-07T23:49:51Z,0.0160993,1.0522919,True,10522919,160993,liquidity_pool
neco:GB5NWTBDWP4S5YEPLXOPAUFAENOK7KM3Q6ZFZ55TGGQYIZEPFT22OL4S,276263128386936833-1,2026-09-07T22:19:34Z,0.0451044,2.9337484,False,29337484,451044,liquidity_pool
neco:GB5NWTBDWP4S5YEPLXOPAUFAENOK7KM3Q6ZFZ55TGGQYIZEPFT22OL4S,276242860436000769-2,2026-09-07T14:59:23Z,0.0095247,0.6208245,False,6208245,95247,liquidity_pool
neco:GB5NWTBDWP4S5YEPLXOPAUFAENOK7KM3Q6ZFZ55TGGQYIZEPFT22OL4S,276237208259342337-1,2026-09-07T12:56:40Z,0.0188125,1.2331581,True,12331581,188125,liquidity_pool
xLMNR:GDKA6WVMFSA73BMEVKPO6WXSSWP4MPRBDJVSXLLSEVIEVH226L5RJ7NL,276280531594285057-1,2026-09-08T04:36:18Z,0.0104594,258.7733564,True,2587733564,104594,liquidity_pool
xLMNR:GDKA6WVMFSA73BMEVKPO6WXSSWP4MPRBDJVSXLLSEVIEVH226L5RJ7NL,276277675440721921-1,2026-09-08T03:34:44Z,0.0231793,570.8092439,True,5708092439,231793,liquidity_pool
xLMNR:GDKA6WVMFSA73BMEVKPO6WXSSWP4MPRBDJVSXLLSEVIEVH226L5RJ7NL,276277619606818817-2,2026-09-08T03:33:30Z,0.0105432,258.4292493,True,2584292493,105432,liquidity_pool
xLMNR:GDKA6WVMFSA73BMEVKPO6WXSSWP4MPRBDJVSXLLSEVIEVH226L5RJ7NL,276276326820925442-1,2026-09-08T03:05:29Z,0.0010887,26.4907771,False,264907771,10887,liquidity_pool
xLMNR:GDKA6WVMFSA73BMEVKPO6WXSSWP4MPRBDJVSXLLSEVIEVH226L5RJ7NL,276276146432602113-1,2026-09-08T03:01:36Z,0.0211686,516.7653094,True,5167653094,211686,liquidity_pool
xLMNR:GDKA6WVMFSA73BMEVKPO6WXSSWP4MPRBDJVSXLLSEVIEVH226L5RJ7NL,276275777065361409-2,2026-09-08T02:53:38Z,0.0156285,379.5985453,True,3795985453,156285,liquidity_pool
xLMNR:GDKA6WVMFSA73BMEVKPO6WXSSWP4MPRBDJVSXLLSEVIEVH226L5RJ7NL,276274123502940161-2,2026-09-08T02:17:46Z,0.0109736,265.5641479,True,2655641479,109736,liquidity_pool
xLMNR:GDKA6WVMFSA73BMEVKPO6WXSSWP4MPRBDJVSXLLSEVIEVH226L5RJ7NL,276264425466585089-1,2026-09-07T22:47:43Z,0.0169402,408.3959735,True,4083959735,169402,liquidity_pool
xLMNR:GDKA6WVMFSA73BMEVKPO6WXSSWP4MPRBDJVSXLLSEVIEVH226L5RJ7NL,276262612990500865-2,2026-09-07T22:08:25Z,0.0091258,219.2226287,True,2192226287,91258,liquidity_pool
xLMNR:GDKA6WVMFSA73BMEVKPO6WXSSWP4MPRBDJVSXLLSEVIEVH226L5RJ7NL,276256157654855681-2,2026-09-07T19:48:07Z,0.0138350,330.5691374,False,3305691374,138350,liquidity_pool
xLMNR:GDKA6WVMFSA73BMEVKPO6WXSSWP4MPRBDJVSXLLSEVIEVH226L5RJ7NL,276255229941985281-1,2026-09-07T19:27:48Z,0.0135115,324.0449604,False,3240449604,135115,liquidity_pool
xLMNR:GDKA6WVMFSA73BMEVKPO6WXSSWP4MPRBDJVSXLLSEVIEVH226L5RJ7NL,276254405307699201-1,2026-09-07T19:09:56Z,0.0111348,267.9447044,False,2679447044,111348,liquidity_pool
xLMNR:GDKA6WVMFSA73BMEVKPO6WXSSWP4MPRBDJVSXLLSEVIEVH226L5RJ7NL,276249238462586881-2,2026-09-07T17:17:50Z,0.0322296,780.1869349,False,7801869349,322296,liquidity_pool
xLMNR:GDKA6WVMFSA73BMEVKPO6WXSSWP4MPRBDJVSXLLSEVIEVH226L5RJ7NL,276249221283000321-3,2026-09-07T17:17:27Z,0.0161105,392.5832607,False,3925832607,161105,liquidity_pool
xLMNR:GDKA6WVMFSA73BMEVKPO6WXSSWP4MPRBDJVSXLLSEVIEVH226L5RJ7NL,276249204103970817-2,2026-09-07T17:17:04Z,0.0080099,195.8350236,False,1958350236,80099,liquidity_pool
xLMNR:GDKA6WVMFSA73BMEVKPO6WXSSWP4MPRBDJVSXLLSEVIEVH226L5RJ7NL,276245686524928001-1,2026-09-07T16:00:43Z,0.0240056,589.1485957,True,5891485957,240056,liquidity_pool
xLMNR:GDKA6WVMFSA73BMEVKPO6WXSSWP4MPRBDJVSXLLSEVIEVH226L5RJ7NL,276243736610656257-1,2026-09-07T15:18:26Z,0.0321480,782.9014099,True,7829014099,321480,liquidity_pool
xLMNR:GDKA6WVMFSA73BMEVKPO6WXSSWP4MPRBDJVSXLLSEVIEVH226L5RJ7NL,276243590581448705-2,2026-09-07T15:15:17Z,0.0090277,218.6142869,True,2186142869,90277,liquidity_pool
xLMNR:GDKA6WVMFSA73BMEVKPO6WXSSWP4MPRBDJVSXLLSEVIEVH226L5RJ7NL,276243092364500993-1,2026-09-07T15:04:25Z,0.0165670,399.7799441,True,3997799441,165670,liquidity_pool
xLMNR:GDKA6WVMFSA73BMEVKPO6WXSSWP4MPRBDJVSXLLSEVIEVH226L5RJ7NL,276242860436000769-1,2026-09-07T14:59:23Z,0.0095247,229.0220871,True,2290220871,95247,liquidity_pool
xLMNR:GDKA6WVMFSA73BMEVKPO6WXSSWP4MPRBDJVSXLLSEVIEVH226L5RJ7NL,276242645688537089-1,2026-09-07T14:54:40Z,0.0083391,200.0259713,True,2000259713,83391,liquidity_pool
xLMNR:GDKA6WVMFSA73BMEVKPO6WXSSWP4MPRBDJVSXLLSEVIEVH226L5RJ7NL,276242637097930753-2,2026-09-07T14:54:29Z,0.0090677,216.9886409,True,2169886409,90677,liquidity_pool
xLMNR:GDKA6WVMFSA73BMEVKPO6WXSSWP4MPRBDJVSXLLSEVIEVH226L5RJ7NL,276242010032062465-2,2026-09-07T14:40:52Z,0.0098447,234.9746309,True,2349746309,98447,liquidity_pool
xLMNR:GDKA6WVMFSA73BMEVKPO6WXSSWP4MPRBDJVSXLLSEVIEVH226L5RJ7NL,276237006396022785-2,2026-09-07T12:52:16Z,0.0327800,780.1408178,False,7801408178,327800,liquidity_pool
xLMNR:GDKA6WVMFSA73BMEVKPO6WXSSWP4MPRBDJVSXLLSEVIEVH226L5RJ7NL,276232281931583489-1,2026-09-07T11:10:09Z,0.0168385,404.0262031,True,4040262031,168385,liquidity_pool
yUSDC:GDGTVWSM4MGS4T7Z6W4RPWOCHE2I6RDFCIFZGS3DOA63LWQTRNZNTTFF,276275459237572609-1,2026-09-08T02:46:46Z,0.0230174,0.0260606,False,260606,230174,liquidity_pool
yUSDC:GDGTVWSM4MGS4T7Z6W4RPWOCHE2I6RDFCIFZGS3DOA63LWQTRNZNTTFF,276267157066149889-0,2026-09-07T23:46:53Z,0.0074388,0.0084821,True,84821,74388,liquidity_pool
yUSDC:GDGTVWSM4MGS4T7Z6W4RPWOCHE2I6RDFCIFZGS3DOA63LWQTRNZNTTFF,276266744749342721-0,2026-09-07T23:37:58Z,0.0066825,0.0076124,True,76124,66825,liquidity_pool
yUSDC:GDGTVWSM4MGS4T7Z6W4RPWOCHE2I6RDFCIFZGS3DOA63LWQTRNZNTTFF,276263162746015745-1,2026-09-07T22:20:20Z,0.0242819,0.0275277,False,275277,242819,liquidity_pool
yUSDC:GDGTVWSM4MGS4T7Z6W4RPWOCHE2I6RDFCIFZGS3DOA63LWQTRNZNTTFF,276249221283000321-2,2026-09-07T17:17:27Z,0.0161105,0.0183842,True,183842,161105,liquidity_pool
yUSDC:GDGTVWSM4MGS4T7Z6W4RPWOCHE2I6RDFCIFZGS3DOA63LWQTRNZNTTFF,276249088138743809-0,2026-09-07T17:14:32Z,0.0032213,0.0036712,True,36712,32213,liquidity_pool
yUSDC:GDGTVWSM4MGS4T7Z6W4RPWOCHE2I6RDFCIFZGS3DOA63LWQTRNZNTTFF,276247786763563009-0,2026-09-07T16:46:17Z,0.0074836,0.0085224,True,85224,74836,liquidity_pool
yUSDC:GDGTVWSM4MGS4T7Z6W4RPWOCHE2I6RDFCIFZGS3DOA63LWQTRNZNTTFF,276247559130574849-0,2026-09-07T16:41:22Z,0.0081559,0.0092781,True,92781,81559,liquidity_pool
yUSDC:GDGTVWSM4MGS4T7Z6W4RPWOCHE2I6RDFCIFZGS3DOA63LWQTRNZNTTFF,276246554107662337-0,2026-09-07T16:19:33Z,0.0075007,0.0085237,True,85237,75007,liquidity_pool
yUSDC:GDGTVWSM4MGS4T7Z6W4RPWOCHE2I6RDFCIFZGS3DOA63LWQTRNZNTTFF,276243079479451649-3,2026-09-07T15:04:08Z,0.0110554,0.0124908,False,124908,110554,liquidity_pool
yUSDC:GDGTVWSM4MGS4T7Z6W4RPWOCHE2I6RDFCIFZGS3DOA63LWQTRNZNTTFF,276239793829158913-2,2026-09-07T13:52:38Z,0.0210985,0.0238900,False,238900,210985,liquidity_pool
yUSDC:GDGTVWSM4MGS4T7Z6W4RPWOCHE2I6RDFCIFZGS3DOA63LWQTRNZNTTFF,276226981942013953-1,2026-09-07T09:15:37Z,0.0163618,0.0186442,True,186442,163618,liquidity_pool
yUSDC:GDGTVWSM4MGS4T7Z6W4RPWOCHE2I6RDFCIFZGS3DOA63LWQTRNZNTTFF,276223580328001537-4,2026-09-07T08:02:16Z,0.0022562,0.0025530,False,25530,22562,liquidity_pool
yUSDC:GDGTVWSM4MGS4T7Z6W4RPWOCHE2I6RDFCIFZGS3DOA63LWQTRNZNTTFF,276222429276356609-1,2026-09-07T07:37:19Z,0.0173492,0.0196581,False,196581,173492,liquidity_pool
yXLM:GARDNV3Q7YGT4AKSDF25LT32YSCCW4EV22Y2TV3I2PU2MMXJTEDL5T55,276278203721973761-1,2026-09-08T03:46:05Z,0.0003253,0.0019469,True,19469,3253,liquidity_pool
yXLM:GARDNV3Q7YGT4AKSDF25LT32YSCCW4EV22Y2TV3I2PU2MMXJTEDL5T55,276276288166707201-0,2026-09-08T03:04:40Z,0.0106540,0.0636955,True,636955,106540,liquidity_pool
yXLM:GARDNV3Q7YGT4AKSDF25LT32YSCCW4EV22Y2TV3I2PU2MMXJTEDL5T55,276275923094958081-0,2026-09-08T02:56:46Z,0.0167593,0.1000000,True,1000000,167593,liquidity_pool
yXLM:GARDNV3Q7YGT4AKSDF25LT32YSCCW4EV22Y2TV3I2PU2MMXJTEDL5T55,276275923094413313-0,2026-09-08T02:56:46Z,0.0105539,0.0628508,True,628508,105539,liquidity_pool
yXLM:GARDNV3Q7YGT4AKSDF25LT32YSCCW4EV22Y2TV3I2PU2MMXJTEDL5T55,276275811424862209-0,2026-09-08T02:54:22Z,0.0168248,0.1000000,True,1000000,168248,liquidity_pool
yXLM:GARDNV3Q7YGT4AKSDF25LT32YSCCW4EV22Y2TV3I2PU2MMXJTEDL5T55,276275751295807489-0,2026-09-08T02:53:05Z,0.0016847,0.0100000,True,100000,16847,liquidity_pool
yXLM:GARDNV3Q7YGT4AKSDF25LT32YSCCW4EV22Y2TV3I2PU2MMXJTEDL5T55,276272074803757057-2,2026-09-08T01:33:24Z,0.0052214,0.0308151,False,308151,52214,liquidity_pool
yXLM:GARDNV3Q7YGT4AKSDF25LT32YSCCW4EV22Y2TV3I2PU2MMXJTEDL5T55,276268170678128642-2,2026-09-08T00:08:49Z,0.0003320,0.0019601,False,19601,3320,liquidity_pool
yXLM:GARDNV3Q7YGT4AKSDF25LT32YSCCW4EV22Y2TV3I2PU2MMXJTEDL5T55,276263441919508483-1,2026-09-07T22:26:24Z,0.0020952,0.0123722,False,123722,20952,liquidity_pool
yXLM:GARDNV3Q7YGT4AKSDF25LT32YSCCW4EV22Y2TV3I2PU2MMXJTEDL5T55,276262887868080133-1,2026-09-07T22:14:23Z,0.0020952,0.0123759,False,123759,20952,liquidity_pool
yXLM:GARDNV3Q7YGT4AKSDF25LT32YSCCW4EV22Y2TV3I2PU2MMXJTEDL5T55,276262106184388609-1,2026-09-07T21:57:26Z,0.0108467,0.0641282,False,641282,108467,liquidity_pool
yXLM:GARDNV3Q7YGT4AKSDF25LT32YSCCW4EV22Y2TV3I2PU2MMXJTEDL5T55,276260306593435649-1,2026-09-07T21:18:20Z,0.0115246,0.0682445,False,682445,115246,liquidity_pool
yXLM:GARDNV3Q7YGT4AKSDF25LT32YSCCW4EV22Y2TV3I2PU2MMXJTEDL5T55,276256913568755713-1,2026-09-07T20:04:37Z,0.0107622,0.0638309,False,638309,107622,liquidity_pool
yXLM:GARDNV3Q7YGT4AKSDF25LT32YSCCW4EV22Y2TV3I2PU2MMXJTEDL5T55,276256428237484033-1,2026-09-07T19:54:00Z,0.0114699,0.0681361,False,681361,114699,liquidity_pool
yXLM:GARDNV3Q7YGT4AKSDF25LT32YSCCW4EV22Y2TV3I2PU2MMXJTEDL5T55,276255753927790593-1,2026-09-07T19:39:17Z,0.0112281,0.0668076,False,668076,112281,liquidity_pool
yXLM:GARDNV3Q7YGT4AKSDF25LT32YSCCW4EV22Y2TV3I2PU2MMXJTEDL5T55,276252558472134657-0,2026-09-07T18:29:51Z,0.0016694,0.0100000,True,100000,16694,liquidity_pool
yXLM:GARDNV3Q7YGT4AKSDF25LT32YSCCW4EV22Y2TV3I2PU2MMXJTEDL5T55,276250213420421121-0,2026-09-07T17:39:08Z,0.0010450,0.0062585,True,62585,10450,liquidity_pool
yXLM:GARDNV3Q7YGT4AKSDF25LT32YSCCW4EV22Y2TV3I2PU2MMXJTEDL5T55,276250213420269569-0,2026-09-07T17:39:08Z,0.0016701,0.0100000,True,100000,16701,liquidity_pool
yXLM:GARDNV3Q7YGT4AKSDF25LT32YSCCW4EV22Y2TV3I2PU2MMXJTEDL5T55,276247559130574849-1,2026-09-07T16:41:22Z,0.0081559,0.0485645,False,485645,81559,liquidity_pool
yXLM:GARDNV3Q7YGT4AKSDF25LT32YSCCW4EV22Y2TV3I2PU2MMXJTEDL5T55,276245437416206337-0,2026-09-07T15:55:18Z,0.0083468,0.0500000,True,500000,83468,liquidity_pool
yXLM:GARDNV3Q7YGT4AKSDF25LT32YSCCW4EV22Y2TV3I2PU2MMXJTEDL5T55,276244857596784641-0,2026-09-07T15:42:43Z,0.0083567,0.0500000,True,500000,83567,liquidity_pool
yXLM:GARDNV3Q7YGT4AKSDF25LT32YSCCW4EV22Y2TV3I2PU2MMXJTEDL5T55,276244754516787201-0,2026-09-07T15:40:31Z,0.0104288,0.0623136,True,623136,104288,liquidity_pool
yXLM:GARDNV3Q7YGT4AKSDF25LT32YSCCW4EV22Y2TV3I2PU2MMXJTEDL5T55,276244672912048129-0,2026-09-07T15:38:45Z,0.0106377,0.0634663,True,634663,106377,liquidity_pool
yXLM:GARDNV3Q7YGT4AKSDF25LT32YSCCW4EV22Y2TV3I2PU2MMXJTEDL5T55,276244432394072065-0,2026-09-07T15:33:34Z,0.0083919,0.0500000,True,500000,83919,liquidity_pool
yXLM:GARDNV3Q7YGT4AKSDF25LT32YSCCW4EV22Y2TV3I2PU2MMXJTEDL5T55,276243745199071233-0,2026-09-07T15:18:38Z,0.0168141,0.1000000,True,1000000,168141,liquidity_pool
yXLM:GARDNV3Q7YGT4AKSDF25LT32YSCCW4EV22Y2TV3I2PU2MMXJTEDL5T55,276243586285543425-0,2026-09-07T15:15:12Z,0.0168545,0.1000000,True,1000000,168545,liquidity_pool
yXLM:GARDNV3Q7YGT4AKSDF25LT32YSCCW4EV22Y2TV3I2PU2MMXJTEDL5T55,276243474615967745-0,2026-09-07T15:12:45Z,0.0104332,0.0617819,True,617819,104332,liquidity_pool
yXLM:GARDNV3Q7YGT4AKSDF25LT32YSCCW4EV22Y2TV3I2PU2MMXJTEDL5T55,276242645688537089-2,2026-09-07T14:54:40Z,0.0083391,0.0490779,False,490779,83391,liquidity_pool
yXLM:GARDNV3Q7YGT4AKSDF25LT32YSCCW4EV22Y2TV3I2PU2MMXJTEDL5T55,276242186126454785-2,2026-09-07T14:44:42Z,0.0051998,0.0306316,False,306316,51998,liquidity_pool
yXLM:GARDNV3Q7YGT4AKSDF25LT32YSCCW4EV22Y2TV3I2PU2MMXJTEDL5T55,276242181830946817-0,2026-09-07T14:44:36Z,0.0168876,0.1000000,True,1000000,168876,liquidity_pool
yXLM:GARDNV3Q7YGT4AKSDF25LT32YSCCW4EV22Y2TV3I2PU2MMXJTEDL5T55,276242117406449665-0,2026-09-07T14:43:12Z,0.0107307,0.0634173,True,634173,107307,liquidity_pool
yXLM:GARDNV3Q7YGT4AKSDF25LT32YSCCW4EV22Y2TV3I2PU2MMXJTEDL5T55,276242001442226177-0,2026-09-07T14:40:41Z,0.0105233,0.0620977,True,620977,105233,liquidity_pool
yXLM:GARDNV3Q7YGT4AKSDF25LT32YSCCW4EV22Y2TV3I2PU2MMXJTEDL5T55,276241580535656449-0,2026-09-07T14:31:37Z,0.0016961,0.0100000,True,100000,16961,liquidity_pool
yXLM:GARDNV3Q7YGT4AKSDF25LT32YSCCW4EV22Y2TV3I2PU2MMXJTEDL5T55,276241580535599105-0,2026-09-07T14:31:37Z,0.0010607,0.0062528,True,62528,10607,liquidity_pool
yXLM:GARDNV3Q7YGT4AKSDF25LT32YSCCW4EV22Y2TV3I2PU2MMXJTEDL5T55,276239793829732353-0,2026-09-07T13:52:38Z,0.0004241,0.0025000,True,25000,4241,liquidity_pool
yXLM:GARDNV3Q7YGT4AKSDF25LT32YSCCW4EV22Y2TV3I2PU2MMXJTEDL5T55,276239793829625857-4,2026-09-07T13:52:38Z,0.0047817,0.0281734,True,281734,47817,liquidity_pool
yXLM:GARDNV3Q7YGT4AKSDF25LT32YSCCW4EV22Y2TV3I2PU2MMXJTEDL5T55,276239793829195777-0,2026-09-07T13:52:38Z,0.0010614,0.0062516,True,62516,10614,liquidity_pool
yXLM:GARDNV3Q7YGT4AKSDF25LT32YSCCW4EV22Y2TV3I2PU2MMXJTEDL5T55,276239793829158913-1,2026-09-07T13:52:38Z,0.0210985,0.1240643,True,1240643,210985,liquidity_pool
yXLM:GARDNV3Q7YGT4AKSDF25LT32YSCCW4EV22Y2TV3I2PU2MMXJTEDL5T55,276239793829154817-0,2026-09-07T13:52:38Z,0.0001074,0.0006311,True,6311,1074,liquidity_pool
yXLM:GARDNV3Q7YGT4AKSDF25LT32YSCCW4EV22Y2TV3I2PU2MMXJTEDL5T55,276239793829085185-0,2026-09-07T13:52:38Z,0.0649655,0.3796875,True,3796875,649655,liquidity_pool
yXLM:GARDNV3Q7YGT4AKSDF25LT32YSCCW4EV22Y2TV3I2PU2MMXJTEDL5T55,276239789533962241-1,2026-09-07T13:52:32Z,0.0870673,0.5066025,False,5066025,870673,liquidity_pool
yXLM:GARDNV3Q7YGT4AKSDF25LT32YSCCW4EV22Y2TV3I2PU2MMXJTEDL5T55,276239557606297601-1,2026-09-07T13:47:31Z,0.0106106,0.0624450,True,624450,106106,liquidity_pool
yXLM:GARDNV3Q7YGT4AKSDF25LT32YSCCW4EV22Y2TV3I2PU2MMXJTEDL5T55,276239407282364417-0,2026-09-07T13:44:16Z,0.0010781,0.0063399,True,63399,10781,liquidity_pool
yXLM:GARDNV3Q7YGT4AKSDF25LT32YSCCW4EV22Y2TV3I2PU2MMXJTEDL5T55,276239166763950081-0,2026-09-07T13:39:04Z,0.0010502,0.0061746,True,61746,10502,liquidity_pool
yXLM:GARDNV3Q7YGT4AKSDF25LT32YSCCW4EV22Y2TV3I2PU2MMXJTEDL5T55,276237500316434433-0,2026-09-07T13:03:01Z,0.0017011,0.0100000,True,100000,17011,liquidity_pool
yXLM:GARDNV3Q7YGT4AKSDF25LT32YSCCW4EV22Y2TV3I2PU2MMXJTEDL5T55,276237431597645825-0,2026-09-07T13:01:32Z,0.0017016,0.0100000,True,100000,17016,liquidity_pool
yXLM:GARDNV3Q7YGT4AKSDF25LT32YSCCW4EV22Y2TV3I2PU2MMXJTEDL5T55,276237345698414593-0,2026-09-07T12:59:39Z,0.0017020,0.0100000,True,100000,17020,liquidity_pool
yXLM:GARDNV3Q7YGT4AKSDF25LT32YSCCW4EV22Y2TV3I2PU2MMXJTEDL5T55,276237311338565633-0,2026-09-07T12:58:54Z,0.0001077,0.0006327,True,6327,1077,liquidity_pool
yXLM:GARDNV3Q7YGT4AKSDF25LT32YSCCW4EV22Y2TV3I2PU2MMXJTEDL5T55,276237311338516481-0,2026-09-07T12:58:54Z,0.0041571,0.0244141,True,244141,41571,liquidity_pool
yXLM:GARDNV3Q7YGT4AKSDF25LT32YSCCW4EV22Y2TV3I2PU2MMXJTEDL5T55,276237302748041217-0,2026-09-07T12:58:43Z,0.0004258,0.0025000,True,25000,4258,liquidity_pool
yXLM:GARDNV3Q7YGT4AKSDF25LT32YSCCW4EV22Y2TV3I2PU2MMXJTEDL5T55,276237255504105473-0,2026-09-07T12:57:42Z,0.0010606,0.0062262,True,62262,10606,liquidity_pool
yXLM:GARDNV3Q7YGT4AKSDF25LT32YSCCW4EV22Y2TV3I2PU2MMXJTEDL5T55,276237255503642625-0,2026-09-07T12:57:42Z,0.0008518,0.0050000,True,50000,8518,liquidity_pool
yXLM:GARDNV3Q7YGT4AKSDF25LT32YSCCW4EV22Y2TV3I2PU2MMXJTEDL5T55,276237251209535489-0,2026-09-07T12:57:36Z,0.0010465,0.0061422,True,61422,10465,liquidity_pool
yXLM:GARDNV3Q7YGT4AKSDF25LT32YSCCW4EV22Y2TV3I2PU2MMXJTEDL5T55,276237251209162753-0,2026-09-07T12:57:36Z,0.0017042,0.0100000,True,100000,17042,liquidity_pool
yXLM:GARDNV3Q7YGT4AKSDF25LT32YSCCW4EV22Y2TV3I2PU2MMXJTEDL5T55,276237251209048065-0,2026-09-07T12:57:36Z,0.0017046,0.0100000,True,100000,17046,liquidity_pool
yXLM:GARDNV3Q7YGT4AKSDF25LT32YSCCW4EV22Y2TV3I2PU2MMXJTEDL5T55,276237242619465729-0,2026-09-07T12:57:25Z,0.0085295,0.0500000,True,500000,85295,liquidity_pool
yXLM:GARDNV3Q7YGT4AKSDF25LT32YSCCW4EV22Y2TV3I2PU2MMXJTEDL5T55,276237242619142145-0,2026-09-07T12:57:25Z,0.0041685,0.0244141,True,244141,41685,liquidity_pool
yXLM:GARDNV3Q7YGT4AKSDF25LT32YSCCW4EV22Y2TV3I2PU2MMXJTEDL5T55,276237238324654081-0,2026-09-07T12:57:20Z,0.0017081,0.0100000,True,100000,17081,liquidity_pool
yXLM:GARDNV3Q7YGT4AKSDF25LT32YSCCW4EV22Y2TV3I2PU2MMXJTEDL5T55,276237229734330369-2,2026-09-07T12:57:08Z,0.0652348,0.3813235,False,3813235,652348,liquidity_pool
yXLM:GARDNV3Q7YGT4AKSDF25LT32YSCCW4EV22Y2TV3I2PU2MMXJTEDL5T55,276237212554539009-1,2026-09-07T12:56:45Z,0.0090628,0.0532542,False,532542,90628,liquidity_pool
yXLM:GARDNV3Q7YGT4AKSDF25LT32YSCCW4EV22Y2TV3I2PU2MMXJTEDL5T55,276236830302117889-0,2026-09-07T12:48:27Z,0.0016907,0.0100000,True,100000,16907,liquidity_pool
yXLM:GARDNV3Q7YGT4AKSDF25LT32YSCCW4EV22Y2TV3I2PU2MMXJTEDL5T55,276236826007351298-2,2026-09-07T12:48:22Z,0.0146578,0.0862554,False,862554,146578,liquidity_pool
yXLM:GARDNV3Q7YGT4AKSDF25LT32YSCCW4EV22Y2TV3I2PU2MMXJTEDL5T55,276235936949325825-0,2026-09-07T12:29:08Z,0.0016876,0.0100000,True,100000,16876,liquidity_pool
yXLM:GARDNV3Q7YGT4AKSDF25LT32YSCCW4EV22Y2TV3I2PU2MMXJTEDL5T55,276235932653527041-0,2026-09-07T12:29:03Z,0.0010595,0.0062774,True,62774,10595,liquidity_pool
yXLM:GARDNV3Q7YGT4AKSDF25LT32YSCCW4EV22Y2TV3I2PU2MMXJTEDL5T55,276235928359735297-0,2026-09-07T12:28:57Z,0.0008440,0.0050000,True,50000,8440,liquidity_pool
yXLM:GARDNV3Q7YGT4AKSDF25LT32YSCCW4EV22Y2TV3I2PU2MMXJTEDL5T55,276235928359428097-0,2026-09-07T12:28:57Z,0.0016884,0.0100000,True,100000,16884,liquidity_pool
yXLM:GARDNV3Q7YGT4AKSDF25LT32YSCCW4EV22Y2TV3I2PU2MMXJTEDL5T55,276235924064686081-0,2026-09-07T12:28:51Z,0.0001056,0.0006255,True,6255,1056,liquidity_pool
yXLM:GARDNV3Q7YGT4AKSDF25LT32YSCCW4EV22Y2TV3I2PU2MMXJTEDL5T55,276235919768530945-0,2026-09-07T12:28:46Z,0.0004221,0.0025000,True,25000,4221,liquidity_pool
yXLM:GARDNV3Q7YGT4AKSDF25LT32YSCCW4EV22Y2TV3I2PU2MMXJTEDL5T55,276235915474968577-2,2026-09-07T12:28:40Z,0.0408807,0.2413180,False,2413180,408807,liquidity_pool
yXLM:GARDNV3Q7YGT4AKSDF25LT32YSCCW4EV22Y2TV3I2PU2MMXJTEDL5T55,276235395782443009-0,2026-09-07T12:17:22Z,0.0010582,0.0063023,True,63023,10582,liquidity_pool
yXLM:GARDNV3Q7YGT4AKSDF25LT32YSCCW4EV22Y2TV3I2PU2MMXJTEDL5T55,276235387192705025-0,2026-09-07T12:17:11Z,0.0010378,0.0061796,True,61796,10378,liquidity_pool
yXLM:GARDNV3Q7YGT4AKSDF25LT32YSCCW4EV22Y2TV3I2PU2MMXJTEDL5T55,276235374308016129-3,2026-09-07T12:16:55Z,0.0264198,0.1566560,False,1566560,264198,liquidity_pool
yXLM:GARDNV3Q7YGT4AKSDF25LT32YSCCW4EV22Y2TV3I2PU2MMXJTEDL5T55,276232290521096193-0,2026-09-07T11:10:20Z,0.0001039,0.0006211,True,6211,1039,liquidity_pool
yXLM:GARDNV3Q7YGT4AKSDF25LT32YSCCW4EV22Y2TV3I2PU2MMXJTEDL5T55,276232281931583489-2,2026-09-07T11:10:09Z,0.0168385,0.1001501,False,1001501,168385,liquidity_pool
yXLM:GARDNV3Q7YGT4AKSDF25LT32YSCCW4EV22Y2TV3I2PU2MMXJTEDL5T55,276231229664317441-2,2026-09-07T10:47:22Z,0.0252252,0.1504825,False,1504825,252252,liquidity_pool
yXLM:GARDNV3Q7YGT4AKSDF25LT32YSCCW4EV22Y2TV3I2PU2MMXJTEDL5T55,276227334129004545-2,2026-09-07T09:23:15Z,0.0061448,0.0367392,False,367392,61448,liquidity_pool
yXLM:GARDNV3Q7YGT4AKSDF25LT32YSCCW4EV22Y2TV3I2PU2MMXJTEDL5T55,276226981942013953-2,2026-09-07T09:15:37Z,0.0163618,0.0979835,False,979835,163618,liquidity_pool
yXLM:GARDNV3Q7YGT4AKSDF25LT32YSCCW4EV22Y2TV3I2PU2MMXJTEDL5T55,276224353421504513-2,2026-09-07T08:18:59Z,0.0081650,0.0489823,False,489823,81650,liquidity_pool
yXLM:GARDNV3Q7YGT4AKSDF25LT32YSCCW4EV22Y2TV3I2PU2MMXJTEDL5T55,276222605370556417-2,2026-09-07T07:41:07Z,0.0081475,0.0489344,False,489344,81475,liquidity_pool
yXLM:GARDNV3Q7YGT4AKSDF25LT32YSCCW4EV22Y2TV3I2PU2MMXJTEDL5T55,276222601075482625-0,2026-09-07T07:41:01Z,0.0198768,0.1200000,True,1200000,198768,liquidity_pool
yXLM:GARDNV3Q7YGT4AKSDF25LT32YSCCW4EV22Y2TV3I2PU2MMXJTEDL5T55,276222596780294145-0,2026-09-07T07:40:55Z,0.0166074,0.1000000,True,1000000,166074,liquidity_pool
yXLM:GARDNV3Q7YGT4AKSDF25LT32YSCCW4EV22Y2TV3I2PU2MMXJTEDL5T55,276222429276356609-0,2026-09-07T07:37:19Z,0.0173492,0.1042123,True,1042123,173492,liquidity_pool
yXLM:GARDNV3Q7YGT4AKSDF25LT32YSCCW4EV22Y2TV3I2PU2MMXJTEDL5T55,276222429276303361-0,2026-09-07T07:37:19Z,0.0063597,0.0381364,True,381364,63597,liquidity_pool
yXLM:GARDNV3Q7YGT4AKSDF25LT32YSCCW4EV22Y2TV3I2PU2MMXJTEDL5T55,276222424981975041-0,2026-09-07T07:37:14Z,0.0104274,0.0624537,True,624537,104274,liquidity_pool
yXLM:GARDNV3Q7YGT4AKSDF25LT32YSCCW4EV22Y2TV3I2PU2MMXJTEDL5T55,276222420686417921-0,2026-09-07T07:37:08Z,0.0016710,0.0100000,True,100000,16710,liquidity_pool
yXLM:GARDNV3Q7YGT4AKSDF25LT32YSCCW4EV22Y2TV3I2PU2MMXJTEDL5T55,276222266068787201-0,2026-09-07T07:33:48Z,0.0010428,0.0062397,True,62397,10428,liquidity_pool
yXLM:GARDNV3Q7YGT4AKSDF25LT32YSCCW4EV22Y2TV3I2PU2MMXJTEDL5T55,276222261772996609-0,2026-09-07T07:33:42Z,0.0016717,0.0100000,True,100000,16717,liquidity_pool
yXLM:GARDNV3Q7YGT4AKSDF25LT32YSCCW4EV22Y2TV3I2PU2MMXJTEDL5T55,276222102859055105-0,2026-09-07T07:30:15Z,0.0010379,0.0062076,True,62076,10379,liquidity_pool
yXLM:GARDNV3Q7YGT4AKSDF25LT32YSCCW4EV22Y2TV3I2PU2MMXJTEDL5T55,276219809346555905-0,2026-09-07T06:40:36Z,0.0010633,0.0063587,True,63587,10633,liquidity_pool
yXLM:GARDNV3Q7YGT4AKSDF25LT32YSCCW4EV22Y2TV3I2PU2MMXJTEDL5T55,276219676202676225-0,2026-09-07T06:37:45Z,0.0010414,0.0062265,True,62265,10414,liquidity_pool
yXLM:GARDNV3Q7YGT4AKSDF25LT32YSCCW4EV22Y2TV3I2PU2MMXJTEDL5T55,276218495086231555-0,2026-09-07T06:12:18Z,0.0010899,0.0065159,True,65159,10899,liquidity_pool
